episode_index,steps,mean_reward_drift,mean_reward_progress,mean_reward_intrusion,mean_reward_proximity,sum_reward_drift,sum_reward_progress,sum_reward_intrusion,sum_reward_proximity,total_intrusions,terminated_waypoint,truncated,finished_at
1,73,-0.0018297758898334828,0.0014635074901482898,-0.0410958904109589,-0.02540656429936326,-0.13357363995784424,0.10683604678082514,-3.0,-1.8546791938535179,1,False,True,1762522459.0941017
2,226,-0.001669927161806586,0.0016394940016249244,0.0,0.0,-0.37740353856828845,0.3705256443672329,0.0,0.0,0,False,True,1762522621.3826072
