episode_index,steps,mean_reward_drift,mean_reward_progress,mean_reward_intrusion,mean_reward_proximity,sum_reward_drift,sum_reward_progress,sum_reward_intrusion,sum_reward_proximity,total_intrusions,finished_at
1,400,-0.02925694069780083,0.0015895150225955369,0.0,0.0,-11.702776279120332,0.6358060090382147,0.0,0.0,0,1761290468.8751159
2,97,-0.01811978520999191,0.009368978194410628,0.0,0.0,-1.757619165369215,0.908790884857831,0.0,0.0,0,1761290469.684838
3,82,-0.005361439173124697,0.03012714902527351,0.0,0.0,-0.43963801219622517,2.470426220072428,0.0,0.0,0,1761290470.7644181
4,18,-0.013691015666706167,0.016453465739147317,-1.6666666666666667,-0.09239241883125106,-0.246438282000711,0.2961623833046517,-30.0,-1.663063538962519,5,1761290471.2387385
5,143,-0.03131020193766475,0.0002277355658131532,-0.3776223776223776,-0.027225258561511173,-4.477358877086059,0.03256618591128091,-54.0,-3.8932119742960976,9,1761290473.2954469
6,134,-0.03520603575416042,-0.002598037103741997,0.0,0.0,-4.717608791057496,-0.34813697190142756,0.0,0.0,0,1761290474.1958556
7,258,-0.027237324619135216,0.0032837341257839097,0.0,0.0,-7.027229751736885,0.8472034044522487,0.0,0.0,0,1761290475.601765
8,156,-0.02967488933527049,0.001993729868611834,0.0,0.0,-4.629282736302197,0.3110218595034461,0.0,0.0,0,1761290476.829844
