episode_index,steps,mean_reward_drift,mean_reward_progress,mean_reward_intrusion,mean_reward_proximity,sum_reward_drift,sum_reward_progress,sum_reward_intrusion,sum_reward_proximity,total_intrusions,finished_at
1,16,-0.010008409870079758,0.0801704539849734,0.0,0.0,-0.16013455792127612,1.2827272637595744,0.0,0.0,0,1761290466.8361697
2,175,-0.03489417607216,-0.0020818878101794697,0.0,-0.030062146039944032,-6.106480812628,-0.3643303667814072,0.0,-5.2608755569902055,0,1761290470.1132627
3,143,-0.0367822945646875,-0.002629788486525076,0.0,-0.015690710742262807,-5.259868122750312,-0.37605975357308585,0.0,-2.2437716361435815,0,1761290471.0526814
