episode_index,steps,mean_reward_drift,mean_reward_progress,mean_reward_intrusion,mean_reward_proximity,sum_reward_drift,sum_reward_progress,sum_reward_intrusion,sum_reward_proximity,total_intrusions,finished_at
1,38,-0.008127151000779528,0.01643539610819153,-0.3157894736842105,-0.06778771837857524,-0.30883173802962205,0.6245450521112782,-12.0,-2.575933298385859,2,1761290466.9942498
2,103,-0.021036408197566615,0.007866785938849317,0.0,-0.04324243797752008,-2.1667500443493615,0.8102789517014797,0.0,-4.453971111684568,0,1761290469.7305815
3,70,-0.015818252697833598,0.011621748700149804,0.0,-0.032053880516336876,-1.1072776888483518,0.8135224090104862,0.0,-2.2437716361435815,0,1761290470.678897
4,155,-0.03345966230935051,-0.0021346740683291453,-0.1935483870967742,-0.01072944218685496,-5.1862476579493295,-0.33087448059101754,-30.0,-1.663063538962519,5,1761290472.3179264
