episode_index,steps,mean_reward_drift,mean_reward_progress,mean_reward_intrusion,mean_reward_proximity,sum_reward_drift,sum_reward_progress,sum_reward_intrusion,sum_reward_proximity,total_intrusions,terminated_waypoint,truncated,finished_at
1,160,-0.0029147405629559417,-0.0030991190475989617,0.0,0.0,-0.46635849007295066,-0.4958590476158339,0.0,0.0,0,False,True,1762851835.835082
2,176,-0.0029892154891704294,-0.0037682249657706324,0.0,0.0,-0.5261019260939955,-0.6632075939756313,0.0,0.0,0,False,True,1762851955.9874885
