episode_index,steps,mean_reward_drift,mean_reward_progress,mean_reward_intrusion,mean_reward_proximity,sum_reward_drift,sum_reward_progress,sum_reward_intrusion,sum_reward_proximity,total_intrusions,terminated_waypoint,truncated,finished_at
1,67,-0.0015241005333068993,-0.000698966739645856,-0.04477611940298507,-0.029327664687731358,-0.10211473573156225,-0.046830771556272355,-3.0,-1.9649535340780009,1,False,True,1762866195.07559
2,173,-0.0016588183102798177,0.003361159811093219,-0.017341040462427744,-0.011991536164243262,-0.2869755676784085,0.5814806473191269,-3.0,-2.0745357564140843,1,False,True,1762866209.1969497
