episode_index,steps,mean_reward_drift,mean_reward_progress,mean_reward_intrusion,mean_reward_proximity,sum_reward_drift,sum_reward_progress,sum_reward_intrusion,sum_reward_proximity,total_intrusions,terminated_waypoint,truncated,finished_at
1,43,-0.0012398265503694877,0.003133831650483994,-0.06976744186046512,-0.04569659381576746,-0.05331254166588797,0.13475476097081174,-3.0,-1.9649535340780009,1,False,True,1762866194.665217
2,23,-0.0016609390322652985,0.0010325349328118572,0.0,0.0,-0.03820159774210186,0.023748303454672715,0.0,0.0,0,False,True,1762866199.5765276
3,148,-0.0019431475983939408,0.001857930161815732,0.0,0.0,-0.28758584456230324,0.27497366394872835,0.0,0.0,0,False,True,1762866219.1087532
