episode_index,steps,mean_reward_drift,mean_reward_progress,mean_reward_intrusion,mean_reward_proximity,sum_reward_drift,sum_reward_progress,sum_reward_intrusion,sum_reward_proximity,total_intrusions,terminated_waypoint,truncated,finished_at
1,141,-0.0033959336984331714,-0.005000421927867868,0.0,0.0,-0.47882665147907716,-0.7050594918293694,0.0,0.0,0,False,True,1762866197.9816208
2,40,-0.002755268460014418,-0.0026935277077655027,0.0,-0.08017314891634475,-0.11021073840057673,-0.10774110831062012,0.0,-3.20692595665379,0,False,True,1762866200.5203574
3,108,-0.001894813666882925,-0.001857590370943588,0.0,0.0,-0.2046398760233559,-0.20061976006190751,0.0,0.0,0,False,True,1762866216.5633183
4,333,-0.002443423774718342,-0.00023779361411556887,-0.009009009009009009,-0.010611687441020435,-0.813660116981208,-0.07918527350048443,-3.0,-3.533691917859805,1,False,True,1762866241.5351589
