episode_index,steps,mean_reward_drift,mean_reward_progress,mean_reward_intrusion,sum_reward_drift,sum_reward_progress,sum_reward_intrusion,total_intrusions,finished_at
1,14,-0.2224558867420209,0.0,-0.07142857142857142,-3.1143824143882926,0.0,-1.0,1,1761056922.953874
2,17,-0.09652272174833744,0.0,0.0,-1.6408862697217366,0.0,0.0,0,1761056924.0641863
3,7,-0.12836916800789072,0.0,0.0,-0.8985841760552351,0.0,0.0,0,1761056924.6932154
4,12,-0.18781993255153148,0.0,-0.5833333333333334,-2.2538391906183777,0.0,-7.0,7,1761056925.745571
5,15,-0.2089854060606059,0.0,0.0,-3.1347810909090885,0.0,0.0,0,1761056961.0070126
6,19,-0.10260253380511575,0.0,-0.3684210526315789,-1.9494481422971992,0.0,-7.0,7,1761056961.6669602
7,53,-0.18671052580995734,0.0,-0.018867924528301886,-9.895657867927738,0.0,-1.0,1,1761056962.7864287
8,33,-0.12643500958067247,0.0,-0.06060606060606061,-4.172355316162191,0.0,-2.0,2,1761056963.3538108
