episode_index,steps,mean_reward_drift,mean_reward_progress,mean_reward_intrusion,sum_reward_drift,sum_reward_progress,sum_reward_intrusion,total_intrusions,finished_at
1,1,-0.023778931767736065,1.0,0.0,-0.023778931767736065,1.0,0.0,0,1761056922.6805692
2,45,-0.1803374275016703,0.0,0.0,-8.115184237575164,0.0,0.0,0,1761056924.440218
3,15,-0.22611890479872906,0.0,0.0,-3.391783571980936,0.0,0.0,0,1761056924.847003
4,10,-0.041778442959336984,0.1,-0.5,-0.4177844295933698,1.0,-5.0,5,1761056925.7200847
5,37,-0.09090579968952359,0.02702702702702703,0.0,-3.3635145885123725,1.0,0.0,0,1761056961.2774835
6,39,-0.10054985818089397,0.0,0.0,-3.921444469054865,0.0,0.0,0,1761056961.933423
7,20,-0.1124372121720291,0.0,0.0,-2.2487442434405818,0.0,0.0,0,1761056962.3642893
8,22,-0.08294313043353715,0.0,0.0,-1.8247488695378173,0.0,0.0,0,1761056963.1947234
9,22,-0.12032766117241583,0.0,0.0,-2.6472085457931485,0.0,0.0,0,1761056963.7680948
