episode_index,steps,mean_reward_drift,mean_reward_progress,mean_reward_intrusion,sum_reward_drift,sum_reward_progress,sum_reward_intrusion,total_intrusions,finished_at
1,71,-0.14950576551967576,0.0,0.0,-10.614909351896978,0.0,0.0,0,1761056923.7490213
2,12,-0.18266665532028134,0.0,0.0,-2.191999863843376,0.0,0.0,0,1761056923.9860382
3,6,-0.17555262527595852,0.0,0.0,-1.0533157516557512,0.0,0.0,0,1761056924.6738203
4,15,-0.1651955069413092,0.0,0.0,-2.477932604119638,0.0,0.0,0,1761056925.7944996
5,7,-0.2189279949075676,0.0,0.0,-1.5324959643529732,0.0,0.0,0,1761056925.9743447
6,42,-0.08445582184172387,0.023809523809523808,-0.07142857142857142,-3.5471445173524025,1.0,-3.0,3,1761056961.9695914
