episode_index,steps,mean_reward_drift,mean_reward_progress,mean_reward_intrusion,mean_reward_proximity,sum_reward_drift,sum_reward_progress,sum_reward_intrusion,sum_reward_proximity,total_intrusions,terminated_waypoint,truncated,finished_at
1,160,-0.0016354065623070374,0.0028719073001953165,0.0,-0.0003119125942960997,-0.261665049969126,0.45950516803125063,0.0,-0.04990601508737595,0,False,True,1762870449.8046718
2,223,-0.0030747879769895004,-0.0034381653014374084,-0.013452914798206279,-0.013709384456551843,-0.6856777188686586,-0.7667108622205421,-3.0,-3.057192733811061,1,False,True,1762870468.068628
