episode_index,steps,mean_reward_drift,mean_reward_progress,mean_reward_intrusion,sum_reward_drift,sum_reward_progress,sum_reward_intrusion,finished_at
1,38,-0.1749618133918722,-0.0024060730328394095,0.0,-6.648548908891144,-0.09143077524789756,0.0,1760538820.9192617
2,25,-0.2103907824280534,-0.009577005392349298,0.0,-5.259769560701335,-0.23942513480873245,0.0,1760538822.4769168
3,8,-0.10886963346188977,0.01165308301000454,0.0,-0.8709570676951182,0.09322466408003632,0.0,1760538822.9509616
4,34,-0.11775784493854884,0.008078383173177318,-0.17647058823529413,-4.00376672791066,0.2746650278880288,-6.0,1760538862.7618825
5,19,-0.18136406873207986,-0.0032076839059659245,0.0,-3.4459173059095174,-0.06094599421335256,0.0,1760538863.2198753
6,60,-0.11777002457414157,0.005732001647142391,0.0,-7.066201474448494,0.34392009882854346,0.0,1760538898.0958698
7,15,-0.10234586815814922,0.012266025015448868,0.0,-1.5351880223722383,0.183990375231733,0.0,1760538898.588177
8,17,-0.1552605929238877,0.0014472953103773696,0.0,-2.6394300797060906,0.024604020276415284,0.0,1760538898.98952
9,50,-0.11540292629985924,0.008498951431232107,-0.06,-5.770146314992962,0.42494757156160534,-3.0,1760538900.444791
