episode_index,steps,mean_reward_drift,mean_reward_progress,mean_reward_intrusion,sum_reward_drift,sum_reward_progress,sum_reward_intrusion,finished_at
1,6,-0.11471342626019315,0.015452460529958278,0.0,-0.6882805575611589,0.09271476317974967,0.0,1760538820.4266953
2,13,-0.18708304759408695,-0.003140702238941678,0.0,-2.4320796187231304,-0.04082912910624181,0.0,1760538822.317799
3,65,-0.13666016122035574,0.004587330856291957,-0.015384615384615385,-8.882910479323122,0.29817650565897724,-1.0,1760538861.8967452
4,25,-0.18330316415301226,-0.004511539373692637,-0.08,-4.5825791038253065,-0.11278848434231592,-2.0,1760538862.6438487
5,31,-0.08817173230296778,0.014008174984242347,0.0,-2.7333237013920013,0.4342534245115128,0.0,1760538863.3869529
6,75,-0.137549948937832,0.0038458267444371782,0.0,-10.3162461703374,0.28843700583278836,0.0,1760538898.3289013
