episode_index,steps,mean_reward_drift,mean_reward_progress,mean_reward_intrusion,mean_reward_proximity,sum_reward_drift,sum_reward_progress,sum_reward_intrusion,sum_reward_proximity,total_intrusions,terminated_waypoint,truncated,finished_at
1,85,-0.002789087882708067,-0.0012075012177059563,0.0,0.0,-0.23707247003018567,-0.10263760350500628,0.0,0.0,0,False,True,1762850744.8416717
2,211,-0.0024719950184979556,-0.0007929052061757867,0.0,0.0,-0.5215909489030687,-0.167302998503091,0.0,0.0,0,False,True,1762850819.9716558
