episode_index,steps,mean_reward_drift,mean_reward_progress,mean_reward_intrusion,mean_reward_proximity,sum_reward_drift,sum_reward_progress,sum_reward_intrusion,sum_reward_proximity,total_intrusions,terminated_waypoint,truncated,finished_at
1,198,-0.0016935516746876696,0.0031409553773176805,0.0,0.0,-0.3353232315881586,0.6219091647089008,0.0,0.0,0,True,False,1762865684.1322348
2,316,-0.0024233293012252883,-0.0005857023735803665,0.0,0.0,-0.7657720591871912,-0.18508195005139583,0.0,0.0,0,False,True,1762865706.2169933
