episode_index,steps,mean_reward_drift,mean_reward_progress,mean_reward_intrusion,mean_reward_proximity,sum_reward_drift,sum_reward_progress,sum_reward_intrusion,sum_reward_proximity,total_intrusions,terminated_waypoint,truncated,finished_at
1,74,-0.003933590904398649,-0.005003665686038969,0.0,0.0,-0.2910857269255,-0.37027126076688366,0.0,0.0,0,False,True,1762865677.260818
2,82,-0.0021395893103076315,0.0002438086238528933,0.0,0.0,-0.1754463234452258,0.01999230715593725,0.0,0.0,0,False,True,1762865689.787505
3,101,-0.0021461784456273305,-0.0004638814609221804,0.0,-0.006159099087480755,-0.2167640230083604,-0.04685202755314022,0.0,-0.6220690078355562,0,False,True,1762865713.6466846
4,140,-0.0016038833155608435,0.0030534765161037676,-0.02142857142857143,-0.007086365882234896,-0.2245436641785181,0.42748671225452745,-3.0,-0.9920912235128855,1,False,True,1762865733.571672
