episode_index,steps,mean_reward_drift,mean_reward_progress,mean_reward_intrusion,mean_reward_proximity,sum_reward_drift,sum_reward_progress,sum_reward_intrusion,sum_reward_proximity,total_intrusions,terminated_waypoint,truncated,finished_at
1,24,-0.0015447596121327394,-0.0010286817141694677,-0.125,-0.03391963419456877,-0.03707423069118575,-0.024688361140067228,-3.0,-0.8140712206696504,1,False,True,1762865676.27525
2,38,-0.0016726290633057288,0.0016407399495270527,0.0,-0.019049907131840852,-0.06355990440561769,0.062348118082028,0.0,-0.7238964710099524,0,False,True,1762865686.9188457
3,242,-0.002479550201666704,-0.0007746326382717208,0.0,0.0,-0.6000511488033423,-0.18746109846175643,0.0,0.0,0,False,True,1762865723.6824956
