episode_index,steps,mean_reward_drift,mean_reward_progress,mean_reward_intrusion,mean_reward_proximity,sum_reward_drift,sum_reward_progress,sum_reward_intrusion,sum_reward_proximity,total_intrusions,terminated_waypoint,truncated,finished_at
1,71,-0.004529890221452207,0.03021526745668825,0.0,0.0,-0.32162220572310674,2.1452839894248656,0.0,0.0,0,True,False,1761665134.6978083
2,85,-0.0049863431391494765,0.026686454819072235,0.0,-0.03571918105901296,-0.4238391668277055,2.26834865962114,0.0,-3.036130390016101,0,True,False,1761665151.1611178
