episode_index,steps,mean_reward_drift,mean_reward_progress,mean_reward_intrusion,mean_reward_proximity,sum_reward_drift,sum_reward_progress,sum_reward_intrusion,sum_reward_proximity,total_intrusions,terminated_waypoint,truncated,finished_at
1,196,-0.002498338254865325,-0.0005828637906761043,0.0,0.0,-0.48967429795360373,-0.11424130297251645,0.0,0.0,0,False,True,1762869446.5904474
2,70,-0.001799102823717102,0.0010074546889715505,-0.08571428571428572,-0.05109900684952305,-0.12593719766019715,0.07052182822800854,-6.0,-3.5769304794666135,2,False,True,1762869453.1821916
3,246,-0.00240135919915537,0.0006896203895173902,-0.024390243902439025,-0.01484455241195691,-0.590734362992221,0.169646615821278,-6.0,-3.6517598933413997,2,False,True,1762869486.7570167
