episode_index,steps,mean_reward_drift,mean_reward_progress,mean_reward_intrusion,mean_reward_proximity,sum_reward_drift,sum_reward_progress,sum_reward_intrusion,sum_reward_proximity,total_intrusions,terminated_waypoint,truncated,finished_at
1,96,-0.003428844779914201,-0.004860922723274622,0.0,0.0,-0.32916909887176327,-0.46664858143436366,0.0,0.0,0,False,True,1762866195.5605538
2,124,-0.0018049617263206947,0.0015671028786805028,0.0,0.0,-0.22381525406376615,0.19432075695638235,0.0,0.0,0,False,True,1762866220.0915036
3,45,-0.0022103661435116727,-0.0016983117029807544,0.0,0.0,-0.09946647645802527,-0.07642402663413395,0.0,0.0,0,False,True,1762866223.099684
4,154,-0.0028105226286740145,-0.0018132862469651503,-0.03896103896103896,-0.0061263546615457415,-0.4328204848157982,-0.2792460820326331,-6.0,-0.9434586178780442,2,False,True,1762866250.7264292
