episode_index,steps,mean_reward_drift,mean_reward_progress,mean_reward_intrusion,mean_reward_proximity,sum_reward_drift,sum_reward_progress,sum_reward_intrusion,sum_reward_proximity,total_intrusions,terminated_waypoint,truncated,finished_at
1,12,-0.005399924565893207,0.13382011921744028,0.0,0.0,-0.06479909479071848,1.6058414306092832,0.0,0.0,0,True,False,1761658239.839893
2,123,-0.012327356306499315,0.006080166170030269,0.0,-3.027267019881359,-1.5162648256994158,0.7478604389137231,0.0,-372.35384344540716,0,False,True,1761658264.4157307
3,95,-0.0028804860100481696,0.025243525581308362,0.0,0.0,-0.2736461709545761,2.3981349302242942,0.0,0.0,0,True,False,1761658274.5929053
4,84,-0.006211266693893531,0.025889266462284517,-0.11904761904761904,-0.1461759884921925,-0.5217464022870566,2.1746983828318993,-10.0,-12.278783033344169,1,True,False,1761658286.2583406
5,119,-0.009453801796875173,0.01902589245291938,-0.16806722689075632,-0.7700704807741575,-1.1250024138281456,2.2640812018974064,-20.0,-91.63838721212474,2,True,False,1761658304.1426713
