episode_index,steps,mean_reward_drift,mean_reward_progress,mean_reward_intrusion,mean_reward_proximity,sum_reward_drift,sum_reward_progress,sum_reward_intrusion,sum_reward_proximity,total_intrusions,terminated_waypoint,truncated,finished_at
1,26,-0.012323126505255251,0.0067089820225585085,0.0,0.0,-0.3204012891366365,0.17443353258652122,0.0,0.0,0,False,True,1761658241.9942305
2,29,-0.00710393119449918,0.008770138927763948,-0.3448275862068966,-0.6005597967281172,-0.2060140046404762,0.2543340289051545,-10.0,-17.4162341051154,1,False,True,1761658254.4585984
3,47,-0.004672495967020695,0.04102943550342303,0.0,0.0,-0.21960731044997267,1.9283834686608823,0.0,0.0,0,True,False,1761658269.5408633
4,67,-0.00801550109737528,0.008438097044347108,0.0,0.0,-0.5370385735241437,0.5653525019712562,0.0,0.0,0,False,True,1761658284.4423635
5,84,-0.013814743440538688,0.022646487193465042,-0.11904761904761904,-1.090933181096723,-1.1604384490052497,1.9023049242510637,-10.0,-91.63838721212474,1,True,False,1761658300.394941
6,40,-0.0034619646889849794,0.046692362691780266,-0.25,-0.2678068101838867,-0.13847858755939918,1.8676945076712106,-10.0,-10.712272407355467,1,True,False,1761658308.5958915
7,37,-0.030812378156280507,-0.00367457005680585,0.0,-0.010403323350525245,-1.1400579917823788,-0.13595909210181645,0.0,-0.3849229639694341,0,False,True,1761658319.925312
8,95,-0.0064045239240956954,0.024408652677089294,0.0,0.0,-0.608429772789091,2.318822004323483,0.0,0.0,0,True,False,1761658336.3818629
9,127,-0.01258812630187687,0.017489110890855024,0.0,-0.49900975194785857,-1.5986920403383627,2.221117083138588,0.0,-63.37423849737804,0,True,False,1761658350.221534
