episode_index,steps,mean_reward_drift,mean_reward_progress,mean_reward_intrusion,mean_reward_proximity,sum_reward_drift,sum_reward_progress,sum_reward_intrusion,sum_reward_proximity,total_intrusions,terminated_waypoint,truncated,finished_at
1,113,-0.005534339360892547,0.022194877154974344,0.0,0.0,-0.6253803477808578,2.508021118512101,0.0,0.0,0,True,False,1761658251.2468066
2,116,-0.012608335585720243,0.006028565228816516,0.0,-3.045477347901536,-1.4625669279435483,0.6993135665427158,0.0,-353.2753723565782,0,False,True,1761658263.6844575
3,119,-0.009210369633821996,0.020185687261830537,0.0,-0.13040715928826038,-1.0960339864248176,2.402096784157834,0.0,-15.518451955302986,0,True,False,1761658277.1215515
