episode_index,steps,mean_reward_drift,mean_reward_progress,mean_reward_intrusion,mean_reward_proximity,sum_reward_drift,sum_reward_progress,sum_reward_intrusion,sum_reward_proximity,total_intrusions,terminated_waypoint,truncated,finished_at
1,68,-0.002394198715800395,0.0006761029285210848,0.0,0.0,-0.16280551267442686,0.045974999139433766,0.0,0.0,0,False,True,1762852341.6869502
2,400,-0.002381273750592126,-9.95053554572542e-05,-0.0075,-0.004107511153679233,-0.9525095002368504,-0.03980214218290168,-3.0,-1.643004461471693,1,False,True,1762852374.537725
3,175,-0.002804055279155708,-0.0016292645892900604,-0.017142857142857144,-0.01345737828108538,-0.4907096738522489,-0.28512130312576056,-3.0,-2.3550411991899414,1,False,True,1762852402.5832624
