episode_index,steps,mean_reward_drift,mean_reward_progress,mean_reward_intrusion,mean_reward_proximity,sum_reward_drift,sum_reward_progress,sum_reward_intrusion,sum_reward_proximity,total_intrusions,terminated_waypoint,truncated,finished_at
1,18,-0.002928335760765052,-0.0022882847986661994,-0.16666666666666666,0.0,-0.052710043693770935,-0.04118912637599159,-3.0,0.0,1,False,True,1762852340.7023134
2,192,-0.0023925943673239586,-0.00037525127493700665,0.0,-0.0019601968813389545,-0.45937811852620003,-0.07204824478790528,0.0,-0.37635780121707924,0,False,True,1762852347.6760118
3,149,-0.002451233581819782,-0.0014680628298739764,0.0,-0.02216988203220977,-0.36523380369114755,-0.2187413616512225,0.0,-3.303312422799256,0,False,True,1762852400.9903967
4,159,-0.00209094110506075,0.000827849733329907,0.0,0.0,-0.3324596357046592,0.1316281075994552,0.0,0.0,0,False,True,1762852428.007152
5,114,-0.0033945537917489696,-0.005209887851319302,0.0,-0.03603330091309231,-0.3869791322593825,-0.5939272150504005,0.0,-4.107796304092523,0,False,True,1762852475.476369
6,311,-0.002018171060759114,-0.0016194441297481444,0.0,0.0,-0.6276511998960844,-0.5036471243516729,0.0,0.0,0,False,True,1762852544.0343294
