episode_index,steps,mean_reward_drift,mean_reward_progress,mean_reward_intrusion,mean_reward_proximity,sum_reward_drift,sum_reward_progress,sum_reward_intrusion,sum_reward_proximity,total_intrusions,terminated_waypoint,truncated,finished_at
1,110,-0.002599678915021853,-0.0011342321074600738,0.0,0.0,-0.2859646806524038,-0.12476553182060812,0.0,0.0,0,False,True,1762852342.3510432
2,45,-0.0026151476161565194,-0.0010067863563726254,0.0,0.0,-0.11768164272704337,-0.04530538603676815,0.0,0.0,0,False,True,1762852343.3008547
3,29,-0.0017403406897025411,0.0007084070314677413,0.0,0.0,-0.050469880001373695,0.020543803912564496,0.0,0.0,0,False,True,1762852392.9273043
4,350,-0.002298327222172822,-0.0001891047518749394,0.0,0.0,-0.8044145277604877,-0.06618666315622879,0.0,0.0,0,False,True,1762852455.1104403
5,247,-0.0025290032149290396,-0.001257887495274803,0.0,0.0,-0.6246637940874727,-0.31069821133287634,0.0,0.0,0,False,True,1762852497.8622887
