episode_index,steps,mean_reward_drift,mean_reward_progress,mean_reward_intrusion,sum_reward_drift,sum_reward_progress,sum_reward_intrusion,total_intrusions,finished_at
1,23,-0.2000694735520062,0.0,0.0,-4.601597891696143,0.0,0.0,0,1761056923.056548
2,14,-0.2241936325030351,0.0,-0.07142857142857142,-3.138710855042491,0.0,-1.0,1,1761056923.3766038
3,40,-0.12163627454276842,0.0,0.0,-4.865450981710737,0.0,0.0,0,1761056924.5552862
4,3,-0.19414854900939582,0.0,0.0,-0.5824456470281875,0.0,0.0,0,1761056924.65046
5,19,-0.1666012115201109,0.0,0.0,-3.165423018882107,0.0,0.0,0,1761056925.4401753
6,22,-0.2334181526729738,0.0,0.0,-5.135199358805424,0.0,0.0,0,1761056961.3022046
7,14,-0.16122007290882684,0.0,0.0,-2.2570810207235756,0.0,0.0,0,1761056961.8793752
8,13,-0.166340066759462,0.0,0.0,-2.162420867873006,0.0,0.0,0,1761056962.4969783
9,26,-0.06936070500005884,0.0,-0.038461538461538464,-1.8033783300015296,0.0,-1.0,1,1761056963.078783
