episode_index,steps,mean_reward_drift,mean_reward_progress,mean_reward_intrusion,sum_reward_drift,sum_reward_progress,sum_reward_intrusion,total_intrusions,finished_at
1,9,-0.10873324807962767,0.0,0.0,-0.9785992327166491,0.0,0.0,0,1761056922.8599565
2,15,-0.21134702369891645,0.0,0.0,-3.1702053554837466,0.0,0.0,0,1761056923.3921676
3,11,-0.09329837600046233,0.0,0.0,-1.0262821360050856,0.0,0.0,0,1761056924.1300511
4,7,-0.19455060759478152,0.0,0.0,-1.3618542531634705,0.0,0.0,0,1761056924.7114136
5,46,-0.17295995057129868,0.0,-0.021739130434782608,-7.956157726279739,0.0,-1.0,1,1761056925.8269029
6,9,-0.18446641537873518,0.0,0.0,-1.6601977384086166,0.0,0.0,0,1761056961.054892
7,12,-0.16247694650371144,0.0,0.0,-1.9497233580445372,0.0,0.0,0,1761056961.8477485
8,25,-0.1436358961563684,0.0,0.0,-3.59089740390921,0.0,0.0,0,1761056962.6534925
