episode_index,steps,mean_reward_drift,mean_reward_progress,mean_reward_intrusion,mean_reward_proximity,sum_reward_drift,sum_reward_progress,sum_reward_intrusion,sum_reward_proximity,total_intrusions,terminated_waypoint,truncated,finished_at
1,72,-0.0007588012189607906,0.010000930449477119,0.0,0.0,-0.05463368776517692,0.7200669923623525,0.0,0.0,0,True,False,1762261056.4013731
2,101,-0.0008653004582153209,0.007849387993568688,-0.0297029702970297,-0.010574961304718123,-0.0873953462797474,0.7927881873504375,-3.0,-1.0680710917765304,1,True,False,1762261072.4435444
3,103,-0.0014150552622009486,0.005732831815719356,0.0,-0.019281629338928068,-0.1457506920066977,0.5904816770190936,0.0,-1.9860078219095911,0,True,False,1762261084.6833904
4,39,-0.0018712221028678333,0.00544913467519222,0.0,0.0,-0.0729776620118455,0.2125162523324966,0.0,0.0,0,True,False,1762261090.6370523
