episode_index,steps,mean_reward_drift,mean_reward_progress,mean_reward_intrusion,mean_reward_proximity,sum_reward_drift,sum_reward_progress,sum_reward_intrusion,sum_reward_proximity,total_intrusions,terminated_waypoint,truncated,finished_at
1,81,-0.00038302511026158144,0.010700433650708024,0.0,-0.00035158825324704823,-0.031025033931188096,0.86673512570735,0.0,-0.028478648513010907,0,True,False,1762261057.3631704
2,103,-0.0009686413982931994,0.007544830793968381,-0.02912621359223301,-0.04041001446977466,-0.09977006402419954,0.7771175717787433,-3.0,-4.16223149038679,1,True,False,1762261072.6585805
3,68,-0.0004357949927878321,0.010495932265115457,-0.04411764705882353,-0.009066580350214067,-0.029634059509572583,0.7137233940278511,-3.0,-0.6165274638145566,1,True,False,1762261080.9623277
4,74,-0.0009259250547939048,0.0072355505010722205,0.0,0.0,-0.06851845405474896,0.5354307370793443,0.0,0.0,0,False,True,1762261094.3323007
