episode_index,steps,mean_reward_drift,mean_reward_progress,mean_reward_intrusion,mean_reward_proximity,sum_reward_drift,sum_reward_progress,sum_reward_intrusion,sum_reward_proximity,total_intrusions,terminated_waypoint,truncated,finished_at
1,52,-0.0031954836362153125,-0.0046879610423952315,0.0,0.0,-0.16616514908319624,-0.24377397420455205,0.0,0.0,0,False,True,1762261054.2607114
2,112,-0.0009487935614225973,0.008136506380007652,0.0,-0.03912944229914903,-0.10626487887933089,0.911288714560857,0.0,-4.382497537504691,0,True,False,1762261073.6140578
3,119,-0.0007780566537408525,0.008482554272343098,-0.025210084033613446,-0.025122603325817998,-0.09258874179516145,1.0094239584088287,-3.0,-2.989589795772342,1,True,False,1762261086.3703136
4,7,-0.0026741133788621145,-0.0018604060585313592,0.0,0.0,-0.018718793652034802,-0.013022842409719515,0.0,0.0,0,False,True,1762261087.249914
