episode_index,steps,mean_reward_drift,mean_reward_progress,mean_reward_intrusion,mean_reward_proximity,sum_reward_drift,sum_reward_progress,sum_reward_intrusion,sum_reward_proximity,total_intrusions,terminated_waypoint,truncated,finished_at
1,119,-0.0005862157733832255,0.009533526515694968,0.0,-0.0002393163740589152,-0.06975967703260383,1.1344896553677013,0.0,-0.028478648513010907,0,True,False,1762261061.4759278
2,92,-0.0002996362630006165,0.010400132698323447,0.0,-0.007867575424178212,-0.02756653619605672,0.9568122082457572,0.0,-0.7238169390243955,0,True,False,1762261071.479719
3,109,-0.0011596585817471178,0.00714906613972984,0.0,-0.023435090635222235,-0.12640278541043584,0.7792482092305525,0.0,-2.5544248792392237,0,True,False,1762261085.3215058
4,103,-0.0006483835003021481,0.009666356815595762,0.0,0.0,-0.06678350053112125,0.9956347520063635,0.0,0.0,0,True,False,1762261097.3805885
