episode_index,steps,mean_reward_drift,mean_reward_progress,mean_reward_intrusion,mean_reward_proximity,sum_reward_drift,sum_reward_progress,sum_reward_intrusion,sum_reward_proximity,total_intrusions,terminated_waypoint,truncated,finished_at
1,80,-0.000352940656219426,0.010775638878059234,0.0,0.0,-0.02823525249755408,0.8620511102447387,0.0,0.0,0,True,False,1762261057.2585826
2,44,-0.0009214456518474617,0.01014051509834666,0.0,0.0,-0.04054360868128831,0.44618266432725306,0.0,0.0,0,True,False,1762261066.3348753
3,69,-0.0006955511504867596,0.009417534758581746,-0.043478260869565216,-0.008935180634993574,-0.04799302938358641,0.6498098983421404,-3.0,-0.6165274638145566,1,True,False,1762261081.0670376
4,102,-0.0002392142513627901,0.010531999497571741,0.0,-9.713150882413382e-06,-0.02439985363900459,1.0742639487523176,0.0,-0.000990741390006165,0,True,False,1762261097.2764213
