episode_index,steps,mean_reward_drift,mean_reward_progress,mean_reward_intrusion,sum_reward_drift,sum_reward_progress,sum_reward_intrusion,finished_at
1,27,-0.09938801957290239,0.0,-0.37037037037037035,-2.6834765284683644,0.0,-10.0,1761043111.9689364
2,14,-0.16745625259249136,0.0,0.0,-2.344387536294879,0.0,0.0,1761043112.5835562
3,32,-0.09735177834884015,0.0,0.0,-3.115256907162885,0.0,0.0,1761043185.250394
4,15,-0.16458758766642217,0.0,-0.06666666666666667,-2.4688138149963326,0.0,-1.0,1761043187.2605455
5,23,-0.11030300301502562,0.0,0.0,-2.5369690693455893,0.0,0.0,1761043221.7088223
6,98,-0.1457261512985736,0.0,0.0,-14.281162827260214,0.0,0.0,1761043223.26005
