episode_index,steps,mean_reward_drift,mean_reward_progress,mean_reward_intrusion,sum_reward_drift,sum_reward_progress,sum_reward_intrusion,finished_at
1,20,-0.08981518857064844,0.0,-0.5,-1.7963037714129688,0.0,-10.0,1761043111.8659084
2,400,-0.15890142612432523,0.0,0.0,-63.56057044973009,0.0,0.0,1761043184.6963093
