episode_index,steps,mean_reward_drift,mean_reward_progress,mean_reward_intrusion,sum_reward_drift,sum_reward_progress,sum_reward_intrusion,total_intrusions,finished_at
1,41,-0.09257997631193708,0.0,-0.024390243902439025,-3.79577902878942,0.0,-1.0,1,1761055477.858919
2,64,-0.13671868202280485,0.0,0.0,-8.74999564945951,0.0,0.0,0,1761055478.844645
3,21,-0.11779881482971033,0.0,0.0,-2.473775111423917,0.0,0.0,0,1761055479.262465
4,39,-0.15790945945963017,0.0,0.0,-6.158468918925577,0.0,0.0,0,1761055513.5548823
5,6,-0.1336879088444798,0.0,0.0,-0.8021274530668789,0.0,0.0,0,1761055513.6731765
6,32,-0.09399962851732749,0.0,-0.03125,-3.0079881125544796,0.0,-1.0,1,1761055514.5057392
