episode_index,steps,mean_reward_drift,mean_reward_progress,mean_reward_intrusion,sum_reward_drift,sum_reward_progress,sum_reward_intrusion,total_intrusions,finished_at
1,19,-0.06492479004830302,0.0,0.0,-1.2335710109177573,0.0,0.0,0,1761051075.0744388
2,15,-0.0804387368331498,0.0,0.0,-1.206581052497247,0.0,0.0,0,1761051075.8263154
3,6,-0.1546667254461199,0.0,0.0,-0.9280003526767194,0.0,0.0,0,1761051076.6279175
4,49,-0.16126386133093598,0.0,-0.1836734693877551,-7.901929205215863,0.0,-9.0,9,1761051113.1733305
