episode_index,steps,mean_reward_drift,mean_reward_progress,mean_reward_intrusion,sum_reward_drift,sum_reward_progress,sum_reward_intrusion,total_intrusions,finished_at
1,21,-0.06997243749531451,0.0,0.0,-1.4694211874016048,0.0,0.0,0,1761051075.0990677
2,30,-0.20161827526160117,0.0,0.0,-6.048548257848035,0.0,0.0,0,1761051076.0671918
3,16,-0.22846107340309535,0.0,0.0,-3.6553771744495256,0.0,0.0,0,1761051076.770713
4,44,-0.11436586869990582,0.0,-0.11363636363636363,-5.032098222795856,0.0,-5.0,5,1761051113.1135375
5,8,-0.07078197806461252,0.0,0.0,-0.5662558245169002,0.0,0.0,0,1761051113.332292
6,8,-0.11881729871510308,0.0,0.0,-0.9505383897208246,0.0,0.0,0,1761051114.3773208
7,20,-0.1522512398283845,0.0,0.0,-3.04502479656769,0.0,0.0,0,1761051148.1684306
8,56,-0.12145099345815476,0.0,0.0,-6.801255633656666,0.0,0.0,0,1761051149.9099483
