episode_index,steps,mean_reward_drift,mean_reward_progress,mean_reward_intrusion,sum_reward_drift,sum_reward_progress,sum_reward_intrusion,total_intrusions,finished_at
1,10,-0.05386021125339365,0.0,0.0,-0.5386021125339365,0.0,0.0,0,1761051074.9363656
2,28,-0.19101466674016848,0.0,0.0,-5.348410668724718,0.0,0.0,0,1761051076.0335286
3,11,-0.12266012385576096,0.0,0.0,-1.3492613624133705,0.0,0.0,0,1761051076.7000515
4,28,-0.19688322659090993,0.0,0.0,-5.512730344545478,0.0,0.0,0,1761051112.8755555
5,69,-0.13487814245348778,0.0,-0.028985507246376812,-9.306591829290657,0.0,-2.0,2,1761051114.1882136
