episode_index,steps,mean_reward_drift,mean_reward_progress,mean_reward_intrusion,sum_reward_drift,sum_reward_progress,sum_reward_intrusion,total_intrusions,finished_at
1,10,-0.11548038701713423,0.0,0.0,-1.1548038701713423,0.0,0.0,0,1761051074.9363656
2,62,-0.16418053203475638,0.0,-0.016129032258064516,-10.179192986154895,0.0,-1.0,1,1761051076.4972951
