episode_index,steps,mean_reward_drift,mean_reward_progress,mean_reward_intrusion,sum_reward_drift,sum_reward_progress,sum_reward_intrusion,total_intrusions,finished_at
1,59,-0.12544201788786152,0.0,0.0,-7.40107905538383,0.0,0.0,0,1761051075.5288763
2,18,-0.23967864711089026,0.0,0.0,-4.314215647996025,0.0,0.0,0,1761051075.876099
3,77,-0.19786252080116337,0.0,0.0,-15.23541410168958,0.0,0.0,0,1761051077.5636203
4,16,-0.1293794434716722,0.0,0.0,-2.0700710955467554,0.0,0.0,0,1761051112.6828482
5,22,-0.2074405985222776,0.0,-0.09090909090909091,-4.563693167490108,0.0,-2.0,2,1761051113.5363104
6,14,-0.062803630762467,0.0,-0.07142857142857142,-0.879250830674538,0.0,-1.0,1,1761051114.4707782
7,73,-0.15114287876736276,0.0,0.0,-11.033430150017482,0.0,0.0,0,1761051149.0082574
