episode_index,steps,mean_reward_drift,mean_reward_progress,mean_reward_intrusion,sum_reward_drift,sum_reward_progress,sum_reward_intrusion,finished_at
1,42,-0.17485019520213851,-0.0025735203722508293,0.0,-7.343708198489818,-0.10808785563453482,0.0,1760947063.997414
2,25,-0.08634024487908057,0.013793865037081738,0.0,-2.1585061219770143,0.34484662592704346,0.0,1760947064.3747425
3,11,-0.17285856121200965,-0.0016646156440817078,0.0,-1.9014441733321061,-0.018310772084898785,0.0,1760947064.86067
4,30,-0.2003698539155746,-0.007199568045708944,-0.6,-6.011095617467238,-0.21598704137126834,-18.0,1760947066.0552485
5,14,-0.05438460555793625,0.020217444456431748,0.0,-0.7613844778111075,0.28304422239004445,0.0,1760947066.9379358
6,10,-0.211786318628433,-0.007348098265769198,0.0,-2.11786318628433,-0.07348098265769198,0.0,1760947067.7077012
7,79,-0.183357823626079,-0.0034401214061369765,0.0,-14.485268066460241,-0.2717695910848211,0.0,1760947069.0703912
8,33,-0.21726827478987726,-0.009467492585899196,0.0,-7.169853068065949,-0.31242725533467347,0.0,1760947069.5313716
9,125,-0.1568636263082681,0.0006389254030884707,-0.024,-19.607953288533515,0.07986567538605885,-3.0,1760947137.4987354
