episode_index,steps,mean_reward_drift,mean_reward_progress,mean_reward_intrusion,mean_reward_proximity,sum_reward_drift,sum_reward_progress,sum_reward_intrusion,sum_reward_proximity,total_intrusions,terminated_waypoint,truncated,finished_at
1,313,-0.0021967552354283278,-5.543900636940877e-05,0.0,-0.003375884142127074,-0.6875843886890666,-0.017352408993624946,0.0,-1.0566517364857742,0,False,True,1762870878.807798
2,58,-0.003087849433695903,-0.002673082989054615,0.0,0.0,-0.1790952671543624,-0.15503881336516767,0.0,0.0,0,False,True,1762870882.9644535
3,215,-0.002646954686714676,0.0021137102241101232,0.0,-0.008777208710243744,-0.5690952576436553,0.4544476981836765,0.0,-1.8870998727024049,0,True,False,1762870909.4704928
