episode_index,steps,mean_reward_drift,mean_reward_progress,mean_reward_intrusion,sum_reward_drift,sum_reward_progress,sum_reward_intrusion,finished_at
1,13,-0.20946141628284992,-0.008518938979898279,0.0,-2.722998411677049,-0.11074620673867763,0.0,1760609098.5849144
2,22,-0.18490965445393429,-0.004312514043800362,0.0,-4.068012397986554,-0.09487530896360796,0.0,1760609099.7189615
3,7,-0.18571256744563397,-0.0015376751992166435,0.0,-1.2999879721194378,-0.010763726394516504,0.0,1760609100.929799
4,93,-0.1552176404827596,0.0007494176116471763,0.0,-14.435240564896642,0.0696958378831874,0.0,1760609138.294074
