episode_index,steps,mean_reward_drift,mean_reward_progress,mean_reward_intrusion,mean_reward_proximity,sum_reward_drift,sum_reward_progress,sum_reward_intrusion,sum_reward_proximity,total_intrusions,finished_at
1,113,-0.04407616056642633,-0.006145636527076973,0.0,-0.001313018707391249,-4.980606144006176,-0.6944569275596979,0.0,-0.14837111393521116,0,1761290467.5662866
2,15,-0.011581350894929994,0.01701646616193407,0.0,0.0,-0.17372026342394992,0.25524699242901105,0.0,0.0,0,1761290467.8814275
3,64,-0.025219801193437117,0.005137818641531613,0.0,0.0,-1.6140672763799755,0.32882039305802324,0.0,0.0,0,1761290469.2316232
4,103,-0.02242697543349004,0.006730638315433402,-0.6407766990291263,-0.035687329644065624,-2.309978469649474,0.6932557464896404,-66.0,-3.6757949533387593,11,1761290470.8111727
5,67,-0.013255904405639226,0.02827744216911579,0.0,0.0,-0.8881455951778281,1.894588625330758,0.0,0.0,0,1761290471.3757527
6,218,-0.036968884628955596,-0.0029956816412706954,-0.1926605504587156,-0.022625464105239742,-8.05921684911232,-0.6530585977970116,-42.0,-4.932351174942264,7,1761290474.2876766
7,201,-0.027947669804157166,0.002697482446359062,0.0,-0.020989196171351386,-5.617481630635591,0.5421939717181714,0.0,-4.218828430441628,0,1761290475.7652218
8,237,-0.03764512214123274,-0.004132671364720284,-0.05063291139240506,-0.0119532721490885,-8.921893947472158,-0.9794431134387072,-12.0,-2.8329254993339745,2,1761290477.4266984
