episode_index,steps,mean_reward_drift,mean_reward_progress,mean_reward_intrusion,mean_reward_proximity,sum_reward_drift,sum_reward_progress,sum_reward_intrusion,sum_reward_proximity,total_intrusions,finished_at
1,115,-0.023409079849113088,0.0054000925340317255,-0.782608695652174,-0.06319924317246246,-2.6920441826480053,0.6210106414136485,-90.0,-7.267912964833184,15,1761290467.576297
2,47,-0.01607614949003818,0.012735822091966144,0.0,0.0,-0.7555790260317946,0.5985836383224088,0.0,0.0,0,1761290468.0998769
3,76,-0.038136972517781705,-0.0047087797025993,0.0,0.0,-2.8984099113514095,-0.35786725739754677,0.0,0.0,0,1761290469.3147702
4,31,-0.014379655905910053,0.015214972905723729,-1.1612903225806452,-0.04945484274231116,-0.44576933308321165,0.4716641600774356,-36.0,-1.533100125011646,6,1761290470.3409863
5,278,-0.030802829438769566,0.00092681200005413,-0.2158273381294964,-0.0033712550741826146,-8.56318658397794,0.25765373601504815,-60.0,-0.9372089106227668,10,1761290472.6434793
6,219,-0.04149542895992654,-0.006338623490599969,-0.1643835616438356,-0.008998178902744723,-9.087498942223913,-1.3881585444413933,-36.0,-1.9706011797010943,6,1761290474.2926733
