episode_index,steps,mean_reward_drift,mean_reward_progress,mean_reward_intrusion,mean_reward_proximity,sum_reward_drift,sum_reward_progress,sum_reward_intrusion,sum_reward_proximity,total_intrusions,finished_at
1,142,-0.013028593679277707,0.013647484246743993,-0.29577464788732394,-0.008335680387446876,-1.8500603024574345,1.937942763037647,-42.0,-1.1836666150174564,7,1761290467.7079532
2,73,-0.038431445549191784,-0.0038436910035741607,0.0,0.0,-2.805495525091,-0.28058944326091373,0.0,0.0,0,1761290468.2615066
3,110,-0.03978735598541949,-0.005038458955701339,0.0,-0.011706704175976084,-4.376609158396144,-0.5542304851271473,0.0,-1.2877374593573694,0,1761290469.5045862
4,71,-0.03177767830844402,0.00012982188183934825,-0.9295774647887324,-0.050346191099320946,-2.2562151598995253,0.009217353610593726,-66.0,-3.5745795680517873,11,1761290470.6197326
5,12,-0.011642935752179145,0.017899224968226303,0.0,0.0,-0.13971522902614975,0.21479069961871564,0.0,0.0,0,1761290471.0106494
6,214,-0.03401524556008996,-0.00041481626611867704,-0.308411214953271,-0.01670664153538415,-7.279262549859252,-0.08877068094939689,-66.0,-3.5752212885722088,11,1761290474.2621057
7,236,-0.029110296183660754,0.0017128234550847405,-0.15254237288135594,-0.007981268925180583,-6.870029899343938,0.40422633539999875,-36.0,-1.8835794663426175,6,1761290475.9265578
