episode_index,steps,mean_reward_drift,mean_reward_progress,mean_reward_intrusion,mean_reward_proximity,sum_reward_drift,sum_reward_progress,sum_reward_intrusion,sum_reward_proximity,total_intrusions,finished_at
1,48,-0.011527738388248868,0.014514294355835547,-0.25,-0.042473210940233964,-0.5533314426359457,0.6966861290801063,-12.0,-2.0387141251312304,2,1761290467.0781183
2,179,-0.028361778460595437,0.0036871888613816605,0.0,0.0,-5.076758344446583,0.6600068061873172,0.0,0.0,0,1761290468.7526398
3,227,-0.023830695464085727,0.004632266415562276,0.0,0.0,-5.40956787034746,1.0515244763326366,0.0,0.0,0,1761290470.051788
4,117,-0.02059351249903831,0.007583471466303784,-0.7692307692307693,-0.027521487117145742,-2.409440962387482,0.8872661615575428,-90.0,-3.220013992706052,15,1761290470.8815143
