episode_index,steps,mean_reward_drift,mean_reward_progress,mean_reward_intrusion,sum_reward_drift,sum_reward_progress,sum_reward_intrusion,finished_at
1,36,-0.09529328337896144,0.012474521994458764,-0.027777777777777776,-3.430558201642612,0.4490827918005155,-1.0,1760537917.1547837
2,3,-0.1168913918616477,0.01666110165777548,0.0,-0.35067417558494307,0.049983304973326446,0.0,1760537918.103589
3,41,-0.23153507819632416,-0.012727313334276135,0.0,-9.49293820604929,-0.5218198467053216,0.0,1760537919.3892467
4,7,-0.0719720806268204,0.016759509871738177,0.0,-0.5038045643877428,0.11731656910216723,0.0,1760537919.5256002
5,14,-0.1934778349534015,-0.0053839241931196,0.0,-2.7086896893476213,-0.0753749387036744,0.0,1760537953.7595575
6,23,-0.10325568096349637,0.011765168095517961,0.0,-2.3748806621604164,0.2705988661969131,0.0,1760537954.3857327
7,122,-0.14248624412608177,0.0033646481098141227,-0.01639344262295082,-17.383321783381977,0.410487069397323,-2.0,1760537989.520369
