episode_index,steps,mean_reward_drift,mean_reward_progress,mean_reward_intrusion,sum_reward_drift,sum_reward_progress,sum_reward_intrusion,finished_at
1,109,-0.16729862285399746,-0.0010285354705493865,-0.009174311926605505,-18.235549891085725,-0.11211036628988313,-1.0,1760537918.0308702
