episode_index,steps,mean_reward_drift,mean_reward_progress,mean_reward_intrusion,sum_reward_drift,sum_reward_progress,sum_reward_intrusion,total_intrusions,finished_at
1,29,-0.19633280668910646,0.0,-0.06896551724137931,-5.693651393984087,0.0,-2.0,2,1761054472.1392393
2,39,-0.15714789947886695,0.0,0.0,-6.128768079675811,0.0,0.0,0,1761054473.820167
3,41,-0.15132044171140835,0.0,0.0,-6.204138110167743,0.0,0.0,0,1761054474.6680279
4,7,-0.07514445221952677,0.0,0.0,-0.5260111655366874,0.0,0.0,0,1761054474.8776147
5,31,-0.12016051333864847,0.0,0.0,-3.7249759134981026,0.0,0.0,0,1761054512.5553997
6,25,-0.05533459340809089,0.04,0.0,-1.3833648352022723,1.0,0.0,0,1761054513.4983346
