episode_index,steps,mean_reward_drift,mean_reward_progress,mean_reward_intrusion,mean_reward_proximity,sum_reward_drift,sum_reward_progress,sum_reward_intrusion,sum_reward_proximity,total_intrusions,terminated_waypoint,truncated,finished_at
1,347,-0.0022823811375864227,-0.0003648819826026197,0.0,-0.004272029123320436,-0.7919862547424887,-0.12661404796310904,0.0,-1.4823941057921914,0,False,True,1762858297.2686791
2,264,-0.0028085821203039803,-0.0020235376643228183,0.0,0.0,-0.7414656797602508,-0.5342139433812241,0.0,0.0,0,False,True,1762858315.0833857
3,284,-0.0020434358801605583,0.0015853211353206314,0.0,0.0,-0.5803357899655985,0.45023120243105935,0.0,0.0,0,False,True,1762858333.9872742
4,38,-0.0012197961531200422,0.0073522839850031175,0.0,0.0,-0.0463522538185616,0.27938679143011846,0.0,0.0,0,True,False,1762858357.7821116
5,400,-0.002308494004687243,-8.309666229864593e-05,0.0,0.0,-0.9233976018748972,-0.03323866491945837,0.0,0.0,0,False,True,1762858398.5869431
6,178,-0.00285651988976146,-0.0027119258552236593,0.0,-0.0016479692831289452,-0.5084605403775398,-0.48272280222981134,0.0,-0.29333853239695223,0,False,True,1762858423.6344638
7,58,-0.0037301799996600745,-0.004337121722249599,0.0,0.0,-0.21635043998028433,-0.2515530598904767,0.0,0.0,0,False,True,1762858433.439806
8,107,-0.0014510666598569236,0.0032853667369735265,0.0,-0.0021216134871784548,-0.15526413260469082,0.35153424085616736,0.0,-0.22701264312809466,0,False,True,1762858458.1490295
9,301,-0.002122872302620274,0.0008505086554251445,0.0,0.0,-0.6389845630887024,0.2560031052829685,0.0,0.0,0,False,True,1762858509.627863
