episode_index,steps,mean_reward_drift,mean_reward_progress,mean_reward_intrusion,sum_reward_drift,sum_reward_progress,sum_reward_intrusion,finished_at
1,46,-0.15136904152795913,0.0,0.0,-6.96297591028612,0.0,0.0,1761043112.3600101
2,46,-0.14340913148697912,0.0,0.0,-6.596820048401039,0.0,0.0,1761043113.637203
3,80,-0.147014935688278,0.0,0.0,-11.76119485506224,0.0,0.0,1761043149.6896942
