episode_index,steps,mean_reward_drift,mean_reward_progress,mean_reward_intrusion,sum_reward_drift,sum_reward_progress,sum_reward_intrusion,finished_at
1,38,-0.07132851290766165,0.0,-0.13157894736842105,-2.710483490491143,0.0,-5.0,1761043112.2457502
2,36,-0.14556873239226883,0.0,0.0,-5.240474366121678,0.0,0.0,1761043113.497468
3,51,-0.19373065189091165,0.0,0.0,-9.880263246436494,0.0,0.0,1761043114.4660661
4,19,-0.15395878363495666,0.0,0.0,-2.9252168890641768,0.0,0.0,1761043150.0690565
5,36,-0.17764001720183098,0.0,-0.05555555555555555,-6.395040619265915,0.0,-2.0,1761043151.2417326
6,63,-0.16075985373970364,0.0,-0.1111111111111111,-10.12787078560133,0.0,-7.0,1761043152.564609
7,3,-0.07091724196427875,0.0,0.0,-0.21275172589283622,0.0,0.0,1761043184.8902173
8,80,-0.1418654187686058,0.0,-0.025,-11.349233501488465,0.0,-2.0,1761043187.460792
