episode_index,steps,mean_reward_drift,mean_reward_progress,mean_reward_intrusion,mean_reward_proximity,sum_reward_drift,sum_reward_progress,sum_reward_intrusion,sum_reward_proximity,total_intrusions,terminated_waypoint,truncated,finished_at
1,181,-0.0026886858630638267,-0.002572403223829869,-0.016574585635359115,-0.014458805734929582,-0.48665214121455264,-0.46560498351320634,-3.0,-2.6170438380222545,1,False,True,1764256500.4761183
2,153,-0.0018804757170570458,-0.0022785605807997557,-0.0196078431372549,-0.004002204413331605,-0.287712784709728,-0.3486197688623626,-3.0,-0.6123372752397356,1,False,True,1764256510.9567616
