episode_index,steps,mean_reward_drift,mean_reward_progress,mean_reward_intrusion,sum_reward_drift,sum_reward_progress,sum_reward_intrusion,total_intrusions,finished_at
1,23,-0.1482930140665239,0.0,0.0,-3.41073932353005,0.0,0.0,0,1761049212.170791
2,5,-0.1102021470509682,0.0,0.0,-0.551010735254841,0.0,0.0,0,1761049212.5674143
3,45,-0.10519052468023565,0.0,0.0,-4.7335736106106046,0.0,0.0,0,1761049213.8750155
4,145,-0.1508200206924527,0.0,-0.006896551724137931,-21.86890300040564,0.0,-1.0,1,1761049251.3201602
