episode_index,steps,mean_reward_drift,mean_reward_progress,mean_reward_intrusion,sum_reward_drift,sum_reward_progress,sum_reward_intrusion,total_intrusions,finished_at
1,34,-0.08815236644530937,0.0,0.0,-2.9971804591405187,0.0,0.0,0,1761049212.3024628
2,23,-0.1986431495295133,0.0,0.0,-4.568792439178806,0.0,0.0,0,1761049212.8152304
3,13,-0.17452577331694735,0.0,0.0,-2.2688350531203154,0.0,0.0,0,1761049213.3959725
4,35,-0.10057217988602883,0.0,-0.05714285714285714,-3.520026296011009,0.0,-2.0,2,1761049249.8343153
5,21,-0.08126086963994925,0.0,0.0,-1.7064782624389343,0.0,0.0,0,1761049251.6838434
