episode_index,steps,mean_reward_drift,mean_reward_progress,mean_reward_intrusion,mean_reward_proximity,sum_reward_drift,sum_reward_progress,sum_reward_intrusion,sum_reward_proximity,total_intrusions,terminated_waypoint,truncated,finished_at
1,4,-0.0007488352357769995,-0.0015891930277125432,0.0,0.0,-0.002995340943107998,-0.006356772110850173,0.0,0.0,0,False,True,1762865675.8270495
2,293,-0.002240216360177949,-0.00012635719527685608,0.0,0.0,-0.656383393532139,-0.03702265821611883,0.0,0.0,0,False,True,1762865711.3119624
