episode_index,steps,mean_reward_drift,mean_reward_progress,mean_reward_intrusion,mean_reward_proximity,sum_reward_drift,sum_reward_progress,sum_reward_intrusion,sum_reward_proximity,total_intrusions,terminated_waypoint,truncated,finished_at
1,44,-0.0024611292815194404,-0.0004021763488913038,0.0,0.0,-0.10828968838685538,-0.017695759351217366,0.0,0.0,0,False,True,1762865676.6783729
2,96,-0.002464724082949319,-0.0026962132695821004,-0.03125,-0.008099420307451732,-0.23661351196313463,-0.2588364738798816,-3.0,-0.7775443495153662,1,False,True,1762865697.5023735
3,279,-0.0027302510830983463,-0.001822366383023049,0.0,0.0,-0.7617400521844386,-0.5084402208634307,0.0,0.0,0,False,True,1762865730.963318
