episode_index,steps,mean_reward_drift,mean_reward_progress,mean_reward_intrusion,mean_reward_proximity,sum_reward_drift,sum_reward_progress,sum_reward_intrusion,sum_reward_proximity,total_intrusions,terminated_waypoint,truncated,finished_at
1,303,-0.002294840241357499,-0.00018553652746796122,0.0,-0.0045994043337465665,-0.6953365931313222,-0.05621756782279225,0.0,-1.3936195131252096,0,False,True,1762866208.384015
2,226,-0.002242495631829532,0.0003669170961279461,0.0,0.0,-0.5068040127934742,0.08292326372491582,0.0,0.0,0,False,True,1762866230.1006796
