episode_index,steps,mean_reward_drift,mean_reward_progress,mean_reward_intrusion,mean_reward_proximity,sum_reward_drift,sum_reward_progress,sum_reward_intrusion,sum_reward_proximity,total_intrusions,terminated_waypoint,truncated,finished_at
1,95,-0.002731634544539137,-0.0011716127570747103,-0.031578947368421054,-0.015971142912781865,-0.259505281731218,-0.11130321192209747,-3.0,-1.517258576714277,1,False,True,1762616108.1606102
2,317,-0.0021357923515996063,0.0011465286313027208,0.0,0.0,-0.6770461754570751,0.36344957612296247,0.0,0.0,0,False,True,1762616279.4325364
