episode_index,steps,mean_reward_drift,mean_reward_progress,mean_reward_intrusion,mean_reward_proximity,sum_reward_drift,sum_reward_progress,sum_reward_intrusion,sum_reward_proximity,total_intrusions,terminated_waypoint,truncated,finished_at
1,400,-0.002572694084111377,0.001040682501141924,-0.0075,-0.001980435546422365,-1.0290776336445508,0.41627300045676957,-3.0,-0.7921742185689459,1,False,True,1762522587.5420117
2,276,-0.002653604603640017,-0.00180093614354518,-0.021739130434782608,-0.0057724612543763095,-0.7323948706046446,-0.49705837561846966,-6.0,-1.5931993062078613,2,False,True,1762522714.8472147
