episode_index,steps,mean_reward_drift,mean_reward_progress,mean_reward_intrusion,mean_reward_proximity,sum_reward_drift,sum_reward_progress,sum_reward_intrusion,sum_reward_proximity,total_intrusions,terminated_waypoint,truncated,finished_at
1,62,-0.0026631558487523244,-0.001254425059050783,0.0,0.0,-0.16511566262264413,-0.07777435366114854,0.0,0.0,0,False,True,1762852341.5860488
2,168,-0.00277689482118327,-0.0018994920207259988,0.0,0.0,-0.4665183299587894,-0.3191146594819678,0.0,0.0,0,False,True,1762852369.5800474
3,211,-0.0023347812514346766,-0.00023093458016066085,0.0,0.0,-0.4926388440527168,-0.04872719641389944,0.0,0.0,0,False,True,1762852419.1480715
4,59,-0.00169739139974687,0.0015097513751717551,0.0,-0.00015213593694758483,-0.10014609258506534,0.08907533113513355,0.0,-0.008976020279907505,0,False,True,1762852450.1411927
5,371,-0.0022993125977748973,0.0003683672030435896,-0.008086253369272238,-0.008002499046176698,-0.853044973774487,0.13666423232917174,-3.0,-2.9689271461315547,1,False,True,1762852525.8065567
6,245,-0.0026934251754338664,-0.002014552648529173,-0.024489795918367346,-0.019984522603791764,-0.6598891679812973,-0.49356539888964734,-6.0,-4.896208037928982,2,False,True,1762852566.874923
