episode_index,steps,mean_reward_drift,mean_reward_progress,mean_reward_intrusion,mean_reward_proximity,sum_reward_drift,sum_reward_progress,sum_reward_intrusion,sum_reward_proximity,total_intrusions,terminated_waypoint,truncated,finished_at
1,101,-0.002986610044590127,-0.002579072186711271,0.0,0.0,-0.30164761450360283,-0.26048629085783837,0.0,0.0,0,False,True,1762852342.2215114
2,235,-0.0022060755098890854,0.0001434676808437995,0.0,0.0,-0.518427744823935,0.03371490499829288,0.0,0.0,0,False,True,1762852373.9387927
3,400,-0.002362810662777608,0.00019309855942776678,0.0,0.0,-0.9451242651110432,0.07723942377110671,0.0,0.0,0,False,True,1762852446.3708856
