episode_index,steps,mean_reward_drift,mean_reward_progress,mean_reward_intrusion,sum_reward_drift,sum_reward_progress,sum_reward_intrusion,total_intrusions,finished_at
1,38,-0.17040834832110502,0.0,-0.05263157894736842,-6.47551723620199,0.0,-2.0,2,1761053491.2771583
2,32,-0.12120896963172302,0.0,0.0,-3.8786870282151367,0.0,0.0,0,1761053492.0007045
3,22,-0.13575067715471106,0.0,0.0,-2.9865148974036435,0.0,0.0,0,1761053492.373885
4,21,-0.08437651239077726,0.0,-0.09523809523809523,-1.7719067602063223,0.0,-2.0,2,1761053492.8587034
5,49,-0.11248143313271056,0.0,-0.14285714285714285,-5.511590223502817,0.0,-7.0,7,1761053493.8691251
6,27,-0.08346935037522561,0.0,-0.25925925925925924,-2.2536724601310913,0.0,-7.0,7,1761053529.1398652
7,25,-0.1185152585416109,0.0,-0.04,-2.9628814635402723,0.0,-1.0,1,1761053530.4942832
8,64,-0.16376924828730044,0.0,0.0,-10.481231890387228,0.0,0.0,0,1761053531.5410655
