episode_index,steps,mean_reward_drift,mean_reward_progress,mean_reward_intrusion,sum_reward_drift,sum_reward_progress,sum_reward_intrusion,total_intrusions,finished_at
1,11,-0.1855919207897547,0.0,0.0,-2.0415111286873016,0.0,0.0,0,1761053490.8345482
2,15,-0.20655101357405467,0.0,0.0,-3.0982652036108203,0.0,0.0,0,1761053491.781983
3,7,-0.042309572917366874,0.14285714285714285,0.0,-0.2961670104215681,1.0,0.0,0,1761053492.1757479
4,38,-0.17303889868618738,0.0,0.0,-6.575478150075121,0.0,0.0,0,1761053493.0662656
