episode_index,steps,mean_reward_drift,mean_reward_progress,mean_reward_intrusion,sum_reward_drift,sum_reward_progress,sum_reward_intrusion,total_intrusions,finished_at
1,27,-0.23200688132002742,0.0,0.0,-6.26418579564074,0.0,0.0,0,1761053491.0893838
2,14,-0.2032141085899724,0.0,0.0,-2.844997520259614,0.0,0.0,0,1761053491.7631216
3,5,-0.18787072514650455,0.0,0.0,-0.9393536257325228,0.0,0.0,0,1761053492.1414487
4,33,-0.22062431198377072,0.0,0.0,-7.280602295464433,0.0,0.0,0,1761053493.0101695
5,47,-0.19090087063823502,0.0,-0.1276595744680851,-8.972340919997047,0.0,-6.0,6,1761053493.85239
6,98,-0.1447995725435199,0.0,0.0,-14.190358109264952,0.0,0.0,0,1761053530.059788
