episode_index,steps,mean_reward_drift,mean_reward_progress,mean_reward_intrusion,sum_reward_drift,sum_reward_progress,sum_reward_intrusion,total_intrusions,finished_at
1,33,-0.2058336767289923,0.0,-0.06060606060606061,-6.792511332056746,0.0,-2.0,2,1761053491.1966786
2,33,-0.18405397483288408,0.0,0.0,-6.073781169485175,0.0,0.0,0,1761053492.0120459
3,29,-0.15469992063527702,0.0,0.0,-4.486297698423034,0.0,0.0,0,1761053492.4550405
4,22,-0.22026946801512445,0.0,0.0,-4.845928296332738,0.0,0.0,0,1761053492.8718646
5,51,-0.1467545266477799,0.0,0.0,-7.4844808590367755,0.0,0.0,0,1761053493.8854568
