episode_index,steps,mean_reward_drift,mean_reward_progress,mean_reward_intrusion,sum_reward_drift,sum_reward_progress,sum_reward_intrusion,finished_at
1,52,-0.2148474081543668,-0.008516143423675982,0.0,-11.172065224027072,-0.44283945803115105,0.0,1760537917.2523873
2,43,-0.1803923727106243,-0.003004736441006886,0.0,-7.756872026556845,-0.1292036669632961,0.0,1760537952.3467104
3,11,-0.19844201197779274,-0.004822974775309485,0.0,-2.18286213175572,-0.05305272252840433,0.0,1760537952.5465226
4,11,-0.10912961826568308,0.011114884444944705,0.0,-1.200425800922514,0.12226372889439174,0.0,1760537953.2968185
5,24,-0.0883207085584398,0.013908876308178997,0.0,-2.1196970054025552,0.3338130313962959,0.0,1760537954.612754
6,78,-0.1969701894678683,-0.004589303534033488,0.0,-15.363674778493726,-0.35796567565461207,0.0,1760537988.3485832
