episode_index,steps,mean_reward_drift,mean_reward_progress,mean_reward_intrusion,sum_reward_drift,sum_reward_progress,sum_reward_intrusion,finished_at
1,5,-0.18381378056193315,-0.0010030265287115981,0.0,-0.9190689028096657,-0.00501513264355799,0.0,1760537916.5750911
2,21,-0.08518571959618,0.012425335477231155,0.0,-1.78890011151978,0.26093204502185424,0.0,1760537952.0829365
3,48,-0.12454591249187758,0.005249227500591363,0.0,-5.978203799610124,0.25196292002838544,0.0,1760537953.0855646
