episode_index,steps,mean_reward_drift,mean_reward_progress,mean_reward_intrusion,sum_reward_drift,sum_reward_progress,sum_reward_intrusion,finished_at
1,191,-0.1695567274663563,-0.0006699663616293919,0.0,-32.38533494607405,-0.12796357507121386,0.0,1760537919.1732688
2,9,-0.1218636333553878,0.00875546875246638,0.0,-1.0967727001984902,0.07879921877219742,0.0,1760537919.3589845
3,48,-0.18712819734369776,-0.005231363962573403,0.0,-8.982153472497492,-0.25110547020352336,0.0,1760537953.0855646
