episode_index,steps,mean_reward_drift,mean_reward_progress,mean_reward_intrusion,sum_reward_drift,sum_reward_progress,sum_reward_intrusion,finished_at
1,10,-0.054909668833681015,0.020828456925490037,0.0,-0.5490966883368101,0.20828456925490038,0.0,1760537916.6487813
2,17,-0.12228455998386692,0.007443340455775107,0.0,-2.0788375197257376,0.1265367877481768,0.0,1760537919.4882784
3,2,-0.20689353824959966,0.0045327946004686814,0.0,-0.4137870764991993,0.009065589200937363,0.0,1760537952.4121804
4,72,-0.11843210609271883,0.006345745169771612,0.0,-8.527111638675756,0.4568936522235561,0.0,1760537954.1709218
