episode_index,steps,mean_reward_drift,mean_reward_progress,mean_reward_intrusion,sum_reward_drift,sum_reward_progress,sum_reward_intrusion,finished_at
1,56,-0.17694907597679843,0.0,0.0,-9.909148254700712,0.0,0.0,1761043112.336797
2,108,-0.18900857620174316,0.0,-0.10185185185185185,-20.412926229788262,0.0,-11.0,1761043113.8171277
