episode_index,steps,mean_reward_drift,mean_reward_progress,mean_reward_intrusion,sum_reward_drift,sum_reward_progress,sum_reward_intrusion,finished_at
1,49,-0.18138382607502904,0.0,0.0,-8.887807477676423,0.0,0.0,1761043112.239234
2,13,-0.14343586316376777,0.0,0.0,-1.864666221128981,0.0,0.0,1761043112.580554
3,42,-0.18963005111488704,0.0,-0.047619047619047616,-7.964462146825255,0.0,-2.0,1761043114.519004
4,7,-0.07801090827931659,0.0,0.0,-0.5460763579552161,0.0,0.0,1761043150.6656322
5,15,-0.13591531930934966,0.0,0.0,-2.0387297896402448,0.0,0.0,1761043184.3754735
6,6,-0.15621057436971167,0.0,0.0,-0.9372634462182701,0.0,0.0,1761043186.3388283
7,80,-0.1305606841929898,0.0,-0.0125,-10.444854735439185,0.0,-1.0,1761043221.549092
8,70,-0.14558671040319898,0.0,0.0,-10.191069728223928,0.0,0.0,1761043222.7101226
