episode_index,steps,mean_reward_drift,mean_reward_progress,mean_reward_intrusion,sum_reward_drift,sum_reward_progress,sum_reward_intrusion,finished_at
1,13,-0.1770463739219473,0.0,0.0,-2.301602860985315,0.0,0.0,1761043111.7528374
2,72,-0.13770345422040645,0.0,-0.06944444444444445,-9.914648703869265,0.0,-5.0,1761043113.3454354
3,31,-0.12258848140870882,0.0,0.0,-3.8002429236699733,0.0,0.0,1761043114.345572
4,66,-0.17894872254800803,0.0,0.0,-11.81061568816853,0.0,0.0,1761043151.602518
5,70,-0.12156806668851107,0.0,0.0,-8.509764668195775,0.0,0.0,1761043185.261917
6,37,-0.08649417007366819,0.0,0.0,-3.200284292725723,0.0,0.0,1761043186.8308213
