episode_index,steps,mean_reward_drift,mean_reward_progress,mean_reward_intrusion,sum_reward_drift,sum_reward_progress,sum_reward_intrusion,finished_at
1,17,-0.146703047761765,0.0,0.0,-2.4939518119500046,0.0,0.0,1761043111.814661
2,16,-0.19420041817396516,0.0,0.0,-3.1072066907834426,0.0,0.0,1761043112.6277096
3,20,-0.16525871362994277,0.0,-0.05,-3.3051742725988555,0.0,-1.0,1761043114.1665483
4,120,-0.14876781601966577,0.0,0.0,-17.85213792235989,0.0,0.0,1761043152.3630013
