episode_index,steps,mean_reward_drift,mean_reward_progress,mean_reward_intrusion,mean_reward_proximity,sum_reward_drift,sum_reward_progress,sum_reward_intrusion,sum_reward_proximity,total_intrusions,terminated_waypoint,truncated,finished_at
1,260,-0.0021141948499934634,0.0010680169523878853,-0.011538461538461539,-0.013165241408715514,-0.5496906609983004,0.27768440762085017,-3.0,-3.422962766266034,1,False,True,1762866205.6814702
2,185,-0.0023424930391332706,0.000253981861347717,-0.016216216216216217,-0.0053814608559241564,-0.43336121223965507,0.046986644349327644,-3.0,-0.9955702583459689,1,False,True,1762866227.361686
3,162,-0.001629069786846832,0.003111018168518781,0.0,0.0,-0.2639093054691868,0.5039849433000425,0.0,0.0,0,False,True,1762866244.7259548
