episode_index,steps,mean_reward_drift,mean_reward_progress,mean_reward_intrusion,sum_reward_drift,sum_reward_progress,sum_reward_intrusion,finished_at
1,9,-0.10210538444700383,0.0,0.0,-0.9189484600230344,0.0,0.0,1761043111.7219093
2,1,-0.10976986707349759,0.0,0.0,-0.10976986707349759,0.0,0.0,1761043112.9895751
3,22,-0.13319424295549342,0.0,0.0,-2.9302733450208556,0.0,0.0,1761043114.2584376
4,9,-0.10984932435925154,0.0,0.0,-0.9886439192332639,0.0,0.0,1761043149.8794267
5,126,-0.13753990257333015,0.0,0.0,-17.3300277242396,0.0,0.0,1761043152.6122415
6,60,-0.15137568152221623,0.0,0.0,-9.082540891332973,0.0,0.0,1761043185.2140074
7,10,-0.18336187096685197,0.0,0.0,-1.8336187096685197,0.0,0.0,1761043185.422009
8,7,-0.059969191487452354,0.0,0.0,-0.4197843404121665,0.0,0.0,1761043187.004842
9,36,-0.08748870443144356,0.0,0.0,-3.149593359531968,0.0,0.0,1761043221.4726262
