episode_index,steps,mean_reward_drift,mean_reward_progress,mean_reward_intrusion,sum_reward_drift,sum_reward_progress,sum_reward_intrusion,finished_at
1,99,-0.17312679313870663,0.0,0.0,-17.139552520731957,0.0,0.0,1761043112.9384654
2,6,-0.09520772666307094,0.0,0.0,-0.5712463599784257,0.0,0.0,1761043113.0769172
3,50,-0.15055026657983714,0.0,0.0,-7.527513328991857,0.0,0.0,1761043149.5430737
4,29,-0.2043267459678794,0.0,-0.06896551724137931,-5.925475633068502,0.0,-2.0,1761043150.1921072
5,15,-0.08679238673113437,0.0,-0.06666666666666667,-1.3018858009670156,0.0,-1.0,1761043151.04073
6,51,-0.11896516964917243,0.0,0.0,-6.067223652107794,0.0,0.0,1761043185.104728
7,26,-0.16135150799529957,0.0,-0.038461538461538464,-4.195139207877789,0.0,-1.0,1761043185.7120123
8,43,-0.07754683155879312,0.0,0.0,-3.334513757028104,0.0,0.0,1761043187.474299
