episode_index,steps,mean_reward_drift,mean_reward_progress,mean_reward_intrusion,sum_reward_drift,sum_reward_progress,sum_reward_intrusion,finished_at
1,30,-0.149474531065171,0.0018461736662534923,-0.06666666666666667,-4.48423593195513,0.05538520998760477,-2.0,1760537917.0647213
2,45,-0.1043284053893112,0.009364545694026113,0.0,-4.694778242519003,0.42140455623117506,0.0,1760537917.7642782
3,139,-0.1239692402051777,0.004750389657817613,0.0,-17.2317243885197,0.6603041624366481,0.0,1760537952.1501417
4,38,-0.14540030805832335,0.002500980836329398,0.0,-5.525211706216287,0.09503727178051713,0.0,1760537952.7797184
5,156,-0.14588960762653638,0.002523492151600994,-0.00641025641025641,-22.758778789739676,0.39366477564975505,-1.0,1760537954.981226
