episode_index,steps,mean_reward_drift,mean_reward_progress,mean_reward_intrusion,sum_reward_drift,sum_reward_progress,sum_reward_intrusion,finished_at
1,10,-0.06049278069949722,0.020305401445882876,-0.2,-0.6049278069949722,0.20305401445882876,-2.0,1760537916.7210543
2,24,-0.12869408190349416,0.005808471244210541,0.0,-3.0886579656838595,0.13940330986105298,0.0,1760537917.5143135
3,22,-0.18440776744332069,-0.004204423175085989,0.0,-4.056970883753055,-0.09249730985189175,0.0,1760537918.1126637
4,21,-0.12000621106060246,0.007427635030946673,0.0,-2.5201304322726514,0.15598033564988015,0.0,1760537952.5074108
5,54,-0.23165373452406615,-0.011990438978323718,0.0,-12.509301664299572,-0.6474837048294808,0.0,1760537953.6175463
6,100,-0.18492476645177192,-0.004667134768250597,0.0,-18.49247664517719,-0.46671347682505965,0.0,1760537989.0575697
