episode_index,steps,mean_reward_drift,mean_reward_progress,mean_reward_intrusion,sum_reward_drift,sum_reward_progress,sum_reward_intrusion,finished_at
1,18,-0.17619153174680668,-0.0029103480521801652,0.0,-3.1714475714425205,-0.05238626493924298,0.0,1760537916.8630002
2,21,-0.1902041509534917,-0.004530295496161807,0.0,-3.9942871700233256,-0.09513620541939795,0.0,1760537917.4747274
3,7,-0.17753696695858756,-0.0018167686924612633,0.0,-1.242758768710113,-0.012717380847228843,0.0,1760537917.8947513
4,7,-0.04987867479850354,0.02253381525990411,0.0,-0.34915072358952476,0.15773670681932878,0.0,1760537952.3032587
5,46,-0.1525935608849418,0.0013091265850473256,-0.021739130434782608,-7.019303800707323,0.06021982291217698,-1.0,1760537953.5127852
6,10,-0.12111485817063719,0.010030394188706982,0.0,-1.2111485817063719,0.10030394188706981,0.0,1760537955.162128
7,111,-0.1503937252178407,0.001652546906396374,-0.009009009009009009,-16.693703499180316,0.1834327066099975,-1.0,1760537990.8680534
