episode_index,steps,mean_reward_drift,mean_reward_progress,mean_reward_intrusion,mean_reward_path_efficiency,sum_reward_drift,sum_reward_progress,sum_reward_intrusion,sum_reward_path_efficiency,total_intrusions,terminated_waypoint,truncated,finished_at
1,119,-0.008650312186783565,0.006924805323976623,-1.2100840336134453,0.0,-1.0293871502272443,0.8240518335532182,-144.0,0.0,12,False,True,1764321070.9864357
2,102,-0.010814388290801672,-0.010776232480521637,-0.8235294117647058,0.0,-1.1030676056617705,-1.099175713013207,-84.0,0.0,7,False,True,1764321092.323377
3,55,-0.0058382813709245964,0.015892230115745077,0.0,0.0,-0.3211054754008528,0.8740726563659793,0.0,0.0,0,False,True,1764321109.2456453
4,68,-0.01259072003678899,-0.01934157660398011,-0.17647058823529413,0.0,-0.8561689625016513,-1.3152272090706476,-12.0,0.0,1,False,True,1764321177.926777
5,109,-0.006038108648514132,0.02044280538626967,-0.3302752293577982,0.0,-0.6581538426880403,2.228265787103394,-36.0,0.0,3,False,True,1764321212.3818486
