episode_index,steps,mean_reward_drift,mean_reward_progress,mean_reward_intrusion,mean_reward_path_efficiency,sum_reward_drift,sum_reward_progress,sum_reward_intrusion,sum_reward_path_efficiency,total_intrusions,terminated_waypoint,truncated,finished_at
1,167,-0.011380661069343599,-0.014677432081245858,0.0,0.0,-1.900570398580381,-2.4511311575680583,0.0,0.0,0,False,True,1764321077.3524315
2,69,-0.007746995094095763,0.005537852282204761,0.0,0.0,-0.5345426614926077,0.3821118074721285,0.0,0.0,0,False,True,1764321088.285773
3,84,-0.012012695685418854,-0.016471659667194265,-0.5714285714285714,0.0,-1.0090664375751837,-1.3836194120443182,-48.0,0.0,4,False,True,1764321113.284344
4,133,-0.006068284986580805,0.01792786368706216,0.0,0.0,-0.8070819032152471,2.384405870379267,0.0,0.0,0,False,True,1764321186.605318
5,67,-0.00215245429037888,0.10829619238330072,0.0,0.0,-0.14421443745538495,7.255844889681148,0.0,0.0,0,True,False,1764321207.0723252
