episode_index,steps,mean_reward_drift,mean_reward_progress,mean_reward_intrusion,mean_reward_path_efficiency,sum_reward_drift,sum_reward_progress,sum_reward_intrusion,sum_reward_path_efficiency,total_intrusions,terminated_waypoint,truncated,finished_at
1,144,-0.010731653222561493,-0.009059793450550012,-0.3333333333333333,0.0,-1.545358064048855,-1.3046102568792017,-48.0,0.0,4,False,True,1764321073.9927466
2,123,-0.008087627276737045,0.01130672519852822,0.0,0.0,-0.9947781550386564,1.3907271994189712,0.0,0.0,0,False,True,1764321094.7283037
3,80,-0.00836582552965744,-0.0006765279370675545,0.0,0.0,-0.6692660423725951,-0.05412223496540436,0.0,0.0,0,False,True,1764321112.8714244
4,57,-0.011669390387450174,-0.016317684034771615,0.0,0.0,-0.66515525208466,-0.930107989981982,0.0,0.0,0,False,True,1764321176.48561
5,75,-0.005078978720678383,0.025157037835560433,0.0,0.0,-0.3809234040508787,1.8867778376670326,0.0,0.0,0,False,True,1764321208.1256301
