episode_index,steps,mean_reward_drift,mean_reward_progress,mean_reward_intrusion,mean_reward_path_efficiency,sum_reward_drift,sum_reward_progress,sum_reward_intrusion,sum_reward_path_efficiency,total_intrusions,terminated_waypoint,truncated,finished_at
1,72,-0.010216435087593156,-0.005680541476246058,-0.6666666666666666,0.0,-0.7355833263067072,-0.4089989862897162,-48.0,0.0,4,False,True,1764321064.6633403
2,86,-0.013576779849542298,-0.025061823749215315,-0.27906976744186046,0.0,-1.1676030670606377,-2.155316842432517,-24.0,0.0,2,False,True,1764321090.5144637
3,212,-0.006592228988595568,0.016818468392583157,0.0,0.0,-1.3975525455822604,3.5655152992276293,0.0,0.0,0,False,True,1764321164.821848
4,53,-0.010980634231251105,-0.011262834171995102,0.0,0.0,-0.5819736142563086,-0.5969302111157404,0.0,0.0,0,False,True,1764321176.1352906
5,109,-0.004203595028065669,0.028057108908800945,-1.5412844036697249,0.0,-0.45819185805915785,3.058224871059303,-168.0,0.0,14,False,True,1764321212.3824205
