episode_index,steps,mean_reward_drift,mean_reward_progress,mean_reward_intrusion,mean_reward_path_efficiency,sum_reward_drift,sum_reward_progress,sum_reward_intrusion,sum_reward_path_efficiency,total_intrusions,terminated_waypoint,truncated,finished_at
1,86,-0.011231431717837866,-0.0036325417024246696,0.0,0.0,-0.9659031277340565,-0.3123985864085216,0.0,0.0,0,False,True,1764321066.3083153
2,120,-0.013472545770431143,-0.022237454926373725,0.0,0.0,-1.6167054924517372,-2.6684945911648468,0.0,0.0,0,False,True,1764321094.3592162
3,88,-0.01195621622078688,-0.0169075064014373,0.0,0.0,-1.0521470274292455,-1.4878605633264823,0.0,0.0,0,False,True,1764321114.0134497
4,186,-0.006482851119110432,0.01664046501117048,0.0,0.0,-1.2058103081545404,3.0951264920777093,0.0,0.0,0,False,True,1764321192.7139158
5,116,-0.004811035360566015,0.06721168285396772,-0.20689655172413793,0.0,-0.5580801018256578,7.796555211060256,-24.0,0.0,2,True,False,1764321213.4175956
