episode_index,steps,mean_reward_drift,mean_reward_progress,mean_reward_intrusion,mean_reward_path_efficiency,sum_reward_drift,sum_reward_progress,sum_reward_intrusion,sum_reward_path_efficiency,total_intrusions,terminated_waypoint,truncated,finished_at
1,33,-0.0073290286187990385,0.007343349604535179,-1.4545454545454546,0.0,-0.24185794442036826,0.2423305369496609,-48.0,0.0,4,False,True,1764321060.6405628
2,7,-0.003053635550699065,0.7357010898234849,0.0,0.0,-0.021375448854893456,5.149907628764394,0.0,0.0,0,True,False,1764321081.187122
3,53,-0.005889792434142558,0.019990079015165647,-1.1320754716981132,0.0,-0.31215899900955557,1.0594741878037792,-60.0,0.0,5,False,True,1764321108.856152
4,56,-0.011115085890943748,-0.010766793921228897,-0.42857142857142855,0.0,-0.6224448098928499,-0.6029404595888183,-24.0,0.0,2,False,True,1764321176.4487553
5,100,-0.0052238671215492985,0.021174079855478235,0.0,0.0,-0.5223867121549298,2.1174079855478234,0.0,0.0,0,False,True,1764321211.2198198
