episode_index,steps,mean_reward_drift,mean_reward_progress,mean_reward_intrusion,mean_reward_path_efficiency,sum_reward_drift,sum_reward_progress,sum_reward_intrusion,sum_reward_path_efficiency,total_intrusions,terminated_waypoint,truncated,finished_at
1,28,-0.005908255726888016,0.017483322280373654,-1.2857142857142858,0.0,-0.16543116035286445,0.4895330238504623,-36.0,0.0,3,False,True,1764321060.0263808
2,22,-0.012721641102470262,-0.015593783498989029,0.0,0.0,-0.2798761042543458,-0.34306323697775865,0.0,0.0,0,False,True,1764321082.7804418
3,107,-0.01231760883827952,-0.016362272513565822,-2.9158878504672896,0.0,-1.3179841456959085,-1.750763158951543,-312.0,0.0,26,False,True,1764321116.3854804
4,101,-0.006796707784027251,0.013706742572051395,-0.1188118811881188,0.0,-0.6864674861867524,1.384380999777191,-12.0,0.0,1,False,True,1764321182.2300162
5,53,-0.004531768000781964,0.025470853748180335,-1.3584905660377358,0.0,-0.2401837040414441,1.3499552486535578,-72.0,0.0,6,False,True,1764321205.4726315
