episode_index,steps,mean_reward_drift,mean_reward_progress,mean_reward_intrusion,mean_reward_path_efficiency,sum_reward_drift,sum_reward_progress,sum_reward_intrusion,sum_reward_path_efficiency,total_intrusions,terminated_waypoint,truncated,finished_at
1,121,-0.00923605017409127,0.0029178952965777352,-0.39669421487603307,0.0,-1.1175620710650436,0.35306533088590597,-48.0,0.0,4,False,True,1764321071.042554
2,100,-0.004710101430463096,0.0214454892513525,0.0,0.0,-0.4710101430463096,2.14454892513525,0.0,0.0,0,False,True,1764321092.259354
3,29,-0.009885310360928688,-0.0074380720160585325,0.0,0.0,-0.2866740004669319,-0.21570408846569744,0.0,0.0,0,False,True,1764321105.9023652
4,54,-0.006594562339719474,0.007833242710175025,0.0,0.0,-0.3561063663448516,0.42299510634945137,0.0,0.0,0,False,True,1764321176.172735
5,37,-0.0018595859271656478,0.1712072362598739,-2.27027027027027,0.0,-0.06880467930512897,6.334667741615335,-84.0,0.0,7,True,False,1764321203.175825
