episode_index,steps,mean_reward_drift,mean_reward_progress,mean_reward_intrusion,mean_reward_path_efficiency,sum_reward_drift,sum_reward_progress,sum_reward_intrusion,sum_reward_path_efficiency,total_intrusions,terminated_waypoint,truncated,finished_at
1,136,-0.011200190961313129,-0.011503576890679419,-0.8823529411764706,0.0,-1.5232259707385856,-1.5644864571324009,-120.0,0.0,10,False,True,1764321072.9153152
2,86,-0.0046715919840694745,0.028398648850766185,-1.1162790697674418,0.0,-0.4017569106299748,2.442283801165892,-96.0,0.0,8,False,True,1764321090.5144637
3,23,-0.00543661169882956,0.01865983105365317,0.0,0.0,-0.12504206907307988,0.4291761142340229,0.0,0.0,0,False,True,1764321105.0822406
4,143,-0.0059570448674274214,0.05000528632336082,0.0,0.0,-0.8518574160421213,7.150755944240597,0.0,0.0,0,True,False,1764321187.6651716
5,77,-0.002738119379547777,0.10212268769613968,-0.6233766233766234,0.0,-0.21083519222517885,7.8634469526027555,-48.0,0.0,4,True,False,1764321208.4983253
