episode_index,steps,mean_reward_drift,mean_reward_progress,mean_reward_intrusion,mean_reward_path_efficiency,sum_reward_drift,sum_reward_progress,sum_reward_intrusion,sum_reward_path_efficiency,total_intrusions,terminated_waypoint,truncated,finished_at
1,103,-0.009863480117595694,-0.0031749731327790224,0.0,0.0,-1.0159384521123564,-0.3270222326762393,0.0,0.0,0,False,True,1764321067.673198
2,17,-0.009333948469981751,-0.005083124237018327,0.0,0.0,-0.15867712398968978,-0.08641311202931157,0.0,0.0,0,False,True,1764321082.181975
3,105,-0.01020351200380677,-0.006301594747451831,-1.3714285714285714,0.0,-1.0713687603997109,-0.6616674484824423,-144.0,0.0,12,False,True,1764321116.0937614
4,29,-0.011262781693817846,-0.010032494282393167,0.0,0.0,-0.3266206691207175,-0.29094233418940185,0.0,0.0,0,False,True,1764321173.0341682
5,42,-0.015084534955160687,-0.02600547489206578,0.0,0.0,-0.6335504681167489,-1.0922299454667628,0.0,0.0,0,False,True,1764321203.917115
