episode_index,steps,mean_reward_drift,mean_reward_progress,mean_reward_intrusion,mean_reward_path_efficiency,sum_reward_drift,sum_reward_progress,sum_reward_intrusion,sum_reward_path_efficiency,total_intrusions,terminated_waypoint,truncated,finished_at
1,69,-0.0038297179883723747,0.029190062267333648,0.0,0.0,-0.26425054119769387,2.0141142964460217,0.0,0.0,0,False,True,1764321064.309432
2,61,-0.00946889214756096,-0.003458757131914877,0.0,0.0,-0.5776024210012185,-0.2109841850468075,0.0,0.0,0,False,True,1764321087.3259428
3,153,-0.010445478909347416,-0.0065331321800541,-0.8627450980392157,0.0,-1.5981582731301547,-0.9995692235482773,-132.0,0.0,11,False,True,1764321157.99683
4,45,-0.0077801520110161,0.007224079239851873,0.0,0.0,-0.3501068404957245,0.3250835657933343,0.0,0.0,0,False,True,1764321175.1410193
5,86,-0.004935527993684588,0.023874066331637984,-0.5581395348837209,0.0,-0.4244554074568746,2.0531697045208666,-48.0,0.0,4,False,True,1764321209.5898612
