episode_index,steps,mean_reward_drift,mean_reward_progress,mean_reward_intrusion,sum_reward_drift,sum_reward_progress,sum_reward_intrusion,finished_at
1,134,-0.1708814583289381,-0.0020088670220703288,-0.022388059701492536,-22.898115416077708,-0.26918818095742403,-3.0,1760947065.21343
2,2,-0.13438095171335807,0.014626083110626742,0.0,-0.26876190342671613,0.029252166221253484,0.0,1760947065.272622
3,130,-0.17814781031219643,-0.0036758845823759412,-0.16153846153846155,-23.159215340585536,-0.47786499570887236,-21.0,1760947067.7444305
4,46,-0.1910211203580261,-0.0043137444930429845,0.0,-8.786971536469201,-0.19843224667997728,0.0,1760947068.5153897
5,29,-0.13520805542919423,0.005842593345602285,0.0,-3.921033607446633,0.16943520702246626,0.0,1760947136.4643252
6,18,-0.2152021623646268,-0.009643773715053138,0.0,-3.8736389225632823,-0.17358792687095648,0.0,1760947136.7949934
7,35,-0.10422657677946315,0.01090621445718086,0.0,-3.64793018728121,0.3817175060013301,0.0,1760947138.0186732
