episode_index,steps,mean_reward_drift,mean_reward_progress,mean_reward_intrusion,sum_reward_drift,sum_reward_progress,sum_reward_intrusion,finished_at
1,14,-0.22498051174953662,-0.01065619534658029,0.0,-3.1497271644935125,-0.14918673485212408,0.0,1760947063.620485
2,51,-0.17154430390653047,-0.0005564757829530778,0.0,-8.748759499233055,-0.02838026493060697,0.0,1760947065.9604747
