episode_index,steps,mean_reward_drift,mean_reward_progress,mean_reward_intrusion,sum_reward_drift,sum_reward_progress,sum_reward_intrusion,finished_at
1,4,-0.12361614074903396,0.010925213783380669,0.0,-0.49446456299613584,0.043700855133522676,0.0,1760947063.4897406
2,3,-0.08554428620320002,0.018849420619270252,0.0,-0.25663285860960006,0.056548261857810755,0.0,1760947065.2896903
3,16,-0.1963407441468278,-0.004745549710146374,0.0,-3.141451906349245,-0.07592879536234198,0.0,1760947066.230401
4,143,-0.17393494106186885,-0.002881400611961222,-0.08391608391608392,-24.872696571847246,-0.41204028751045474,-12.0,1760947135.9996183
