episode_index,steps,mean_reward_drift,mean_reward_progress,mean_reward_intrusion,sum_reward_drift,sum_reward_progress,sum_reward_intrusion,finished_at
1,37,-0.23967662011836674,-0.014101160170362208,0.0,-8.86803494437957,-0.5217429263034017,0.0,1760947063.9515543
2,11,-0.07816248083493173,0.018227322161333933,0.0,-0.859787289184249,0.20050054377467325,0.0,1760947065.417067
3,113,-0.1482632498027874,0.0007288494128156002,-0.18584070796460178,-16.753747227714978,0.08235998364816283,-21.0,1760947067.5348241
4,85,-0.18231019050536762,-0.003508673631594083,-0.1411764705882353,-15.496366192956247,-0.29823725868549705,-12.0,1760947069.0534391
5,15,-0.18303891951149784,-0.0023533716387564812,0.0,-2.7455837926724675,-0.03530057458134722,0.0,1760947136.2524805
6,66,-0.14130595141421778,0.003110647373789407,-0.045454545454545456,-9.326192793338373,0.20530272667010085,-3.0,1760947137.4742444
