episode_index,steps,mean_reward_drift,mean_reward_progress,mean_reward_intrusion,sum_reward_drift,sum_reward_progress,sum_reward_intrusion,finished_at
1,40,-0.20242957107114895,-0.0066993949466324105,-0.025,-8.097182842845958,-0.2679757978652964,-1.0,1760537917.137758
2,36,-0.23703879659598068,-0.013832208837794426,0.0,-8.533396677455304,-0.49795951816059936,0.0,1760537917.8652728
3,81,-0.13126173367425498,0.005127693120762979,0.0,-10.632200427614654,0.4153431427818013,0.0,1760537952.5365043
