episode_index,steps,mean_reward_drift,mean_reward_progress,mean_reward_intrusion,sum_reward_drift,sum_reward_progress,sum_reward_intrusion,finished_at
1,50,-0.10077545884201518,0.009961775259052761,-0.02,-5.038772942100759,0.49808876295263804,-1.0,1760537917.2634237
2,23,-0.09703625915225332,0.011809692854467028,0.0,-2.2318339605018265,0.27162293565274165,0.0,1760537917.6932986
3,25,-0.17202734490350916,-0.0015074316351715833,0.0,-4.300683622587729,-0.03768579087928958,0.0,1760537919.2227514
4,89,-0.10783253177275598,0.006615986190901913,0.0,-9.597095327775282,0.5888227709902703,0.0,1760537953.8258913
