episode_index,steps,mean_reward_drift,mean_reward_progress,mean_reward_intrusion,mean_reward_proximity,sum_reward_drift,sum_reward_progress,sum_reward_intrusion,sum_reward_proximity,total_intrusions,terminated_waypoint,truncated,finished_at
1,164,-0.0022441054371961484,-0.0009181710627763492,0.0,-0.004837536516719342,-0.3680332917001683,-0.15058005429532126,0.0,-0.7933559887419721,0,False,True,1762858285.3021448
2,186,-0.0023371077248563786,0.0010805499905970405,0.0,-0.0021604801527416763,-0.43470203682328645,0.20098229825104952,0.0,-0.40184930840995176,0,False,True,1762858313.1738405
