episode_index,steps,mean_reward_drift,mean_reward_progress,mean_reward_intrusion,mean_reward_path_efficiency,mean_reward_boundary,mean_reward_step,mean_reward_proximity,sum_reward_drift,sum_reward_progress,sum_reward_intrusion,sum_reward_path_efficiency,sum_reward_boundary,sum_reward_step,sum_reward_proximity,total_intrusions,terminated_waypoint,truncated,finished_at
1,43,-0.0031374913319183314,0.055595525181241334,-1.8604651162790697,0.0,0.0,-0.02000000000000001,0.3064714460277654,-0.13491212727248825,2.3906075827933773,-80.0,0.0,0.0,-0.8600000000000004,13.178272179193911,8,True,True,1764576902.7638245
2,37,-0.00022316494487630475,0.07230385547513278,0.0,0.0,0.0,-0.020000000000000007,0.0,-0.008257102960423276,2.6752426525799127,0.0,0.0,0.0,-0.7400000000000003,0.0,0,True,False,1764576915.4370966
