episode_index,steps,mean_reward_drift,mean_reward_progress,mean_reward_intrusion,mean_reward_path_efficiency,mean_reward_boundary,mean_reward_step,mean_reward_proximity,sum_reward_drift,sum_reward_progress,sum_reward_intrusion,sum_reward_path_efficiency,sum_reward_boundary,sum_reward_step,sum_reward_proximity,total_intrusions,terminated_waypoint,truncated,finished_at
1,81,-0.0023819434558820267,0.012343914638736056,-0.6172839506172839,0.0,-0.012345679012345678,-0.02000000000000001,0.147810423132568,-0.19293741992644414,0.9998570857376206,-50.0,0.0,-1.0,-1.620000000000001,11.972644273738009,5,False,True,1764576907.3157187
2,21,-0.0016156882347796555,0.10997736649304829,-2.857142857142857,0.0,0.0,-0.020000000000000004,0.33182294295503717,-0.033929452930372764,2.309524696354014,-60.0,0.0,0.0,-0.4200000000000001,6.96828180205578,6,True,False,1764576913.3379304
