episode_index,steps,mean_reward_drift,mean_reward_progress,mean_reward_intrusion,mean_reward_proximity,sum_reward_drift,sum_reward_progress,sum_reward_intrusion,sum_reward_proximity,total_intrusions,finished_at
1,57,-0.02158594167968153,0.00816547660293696,-1.368421052631579,-0.024632338604371733,-1.2303986757418472,0.4654321663674067,-78.0,-1.4040433004491888,13,1761290467.1482298
2,50,-0.021073105222423286,0.008907684684861082,0.0,0.0,-1.0536552611211643,0.44538423424305407,0.0,0.0,0,1761290468.4199147
3,175,-0.045685093064075234,-0.00826908606532615,0.0,0.0,-7.994891286213166,-1.447090061432076,0.0,0.0,0,1761290470.832447
4,51,-0.02691239769030585,0.004039132073703404,0.0,0.0,-1.3725322822055983,0.2059957357588736,0.0,0.0,0,1761290472.8223913
5,247,-0.029010977866378372,0.0018600344772345047,0.0,0.0,-7.1657115329954575,0.4594285158769227,0.0,0.0,0,1761290475.439829
