episode_index,steps,mean_reward_drift,mean_reward_progress,mean_reward_intrusion,mean_reward_proximity,sum_reward_drift,sum_reward_progress,sum_reward_intrusion,sum_reward_proximity,total_intrusions,finished_at
1,182,-0.03438488760880979,-0.0014373942325514339,0.0,0.0,-6.258049544803382,-0.26160575032436095,0.0,0.0,0,1761290467.8175752
2,259,-0.036282242559581325,-0.0035329899031485233,-0.4864864864864865,-0.009734137020204753,-9.397100822931563,-0.9150443849154675,-126.0,-2.521141488233031,21,1761290469.5951006
3,108,-0.03537328137236325,-0.0027373866915460917,0.0,0.0,-3.820314388215231,-0.2956377626869779,0.0,0.0,0,1761290470.4451764
4,225,-0.030197595728655865,0.0013821606195431881,0.0,0.0,-6.794459038947569,0.3109861393972173,0.0,0.0,0,1761290473.8670428
