episode_index,steps,mean_reward_drift,mean_reward_progress,mean_reward_intrusion,sum_reward_drift,sum_reward_progress,sum_reward_intrusion,finished_at
1,52,-0.16633103945603503,-0.00013813683725145859,-0.057692307692307696,-8.649214051713821,-0.007183115537075846,-3.0,1760947064.1633348
2,26,-0.10011081830179672,0.011743001921246051,0.0,-2.602881275846715,0.3053180499523973,0.0,1760947065.2383752
3,20,-0.12510555052345457,0.006930443952164062,0.0,-2.5021110104690916,0.13860887904328123,0.0,1760947065.5957322
4,3,-0.15685619924217617,0.006573963849636322,0.0,-0.4705685977265285,0.019721891548908965,0.0,1760947066.3050535
5,37,-0.17865246801829252,-0.0010903097571462806,-0.08108108108108109,-6.610141316676823,-0.04034146101441238,-3.0,1760947068.1216779
6,68,-0.1523316049935574,0.001257458123954242,0.0,-10.358549139561903,0.08550715242888846,0.0,1760947136.0415967
