episode_index,steps,mean_reward_drift,mean_reward_progress,mean_reward_intrusion,mean_reward_proximity,sum_reward_drift,sum_reward_progress,sum_reward_intrusion,sum_reward_proximity,total_intrusions,terminated_waypoint,truncated,finished_at
1,235,-0.002555625832527746,-0.0011414462941338605,-0.03829787234042553,-0.030345289360441993,-0.6005720706440203,-0.2682398791214572,-9.0,-7.131142999703869,3,False,True,1762531340.0293407
2,156,-0.0022785583907252173,7.215009370952073e-05,0.0,0.0,-0.3554551089531339,0.011255414618685233,0.0,0.0,0,False,True,1762531405.1270907
