episode_index,steps,mean_reward_drift,mean_reward_progress,mean_reward_intrusion,mean_reward_proximity,sum_reward_drift,sum_reward_progress,sum_reward_intrusion,sum_reward_proximity,total_intrusions,terminated_waypoint,truncated,finished_at
1,233,-0.0023379632392656158,-0.00046652474511533603,-0.02575107296137339,-0.006210040270643215,-0.5447454347488885,-0.10870026561187329,-6.0,-1.4469393830598691,2,False,True,1762531339.9530144
2,110,-0.0027738750630497467,-0.001198327743020595,0.0,0.0,-0.30512625693547213,-0.13181605173226546,0.0,0.0,0,False,True,1762531379.8180203
3,281,-0.0026293176601377747,-0.0012119189559985594,0.0,-0.0028366631549094352,-0.7388382624987146,-0.34054922663559517,0.0,-0.7971023465295513,0,False,True,1762531474.5196173
4,49,-0.0020192612343935784,-0.00013948730260364558,0.0,0.0,-0.09894380048528534,-0.006834877827578634,0.0,0.0,0,False,True,1762531494.5217135
5,174,-0.003269812517831019,-0.004607989741679102,-0.017241379310344827,-0.024426318820568713,-0.5689473781025973,-0.8017902150521636,-3.0,-4.250179474778956,1,False,True,1762531571.321459
6,51,-0.0020351351917871864,-0.0007316107999046362,0.0,0.0,-0.1037918947811465,-0.037312150795136445,0.0,0.0,0,False,True,1762531592.0451734
7,158,-0.002766724447939317,-0.002673453288620817,-0.0189873417721519,-0.0048117040180865505,-0.4371424627744121,-0.4224056196020891,-3.0,-0.760249234857675,1,False,True,1762531706.3136897
