episode_index,steps,mean_reward_drift,mean_reward_progress,mean_reward_intrusion,mean_reward_proximity,sum_reward_drift,sum_reward_progress,sum_reward_intrusion,sum_reward_proximity,total_intrusions,terminated_waypoint,truncated,finished_at
1,70,-0.001999796531129938,0.0018591504921240992,0.0,0.0,-0.13998575717909567,0.13014053444868695,0.0,0.0,0,False,True,1762531335.5509155
2,39,-0.002230819161188471,-0.0017530693166402727,0.0,0.0,-0.08700194728635037,-0.06836970334897063,0.0,0.0,0,False,True,1762531342.449543
3,279,-0.002797349699411108,-0.0018371935010290774,0.0,-0.001107624325300286,-0.7804605661356991,-0.5125769867871126,0.0,-0.3090271867587798,0,False,True,1762531474.154861
4,76,-0.001963717614675833,0.002035962206722853,0.0,0.0,-0.1492425387153633,0.15473312771093684,0.0,0.0,0,False,True,1762531499.2306802
5,162,-0.0031665284169167147,-0.0044570925440362875,-0.037037037037037035,-0.012883707368618824,-0.5129776035405078,-0.7220489921338785,-6.0,-2.0871605937162494,2,False,True,1762531569.2553241
6,228,-0.0024658758682384167,-0.0016883883899469132,0.0,0.0,-0.562219697958359,-0.3849525529078962,0.0,0.0,0,False,True,1762531657.396932
