episode_index,steps,mean_reward_drift,mean_reward_progress,mean_reward_intrusion,sum_reward_drift,sum_reward_progress,sum_reward_intrusion,finished_at
1,60,-0.18944705958638727,-0.005151843951274341,0.0,-11.366823575183236,-0.30911063707646047,0.0,1760537917.4606626
2,10,-0.10450429297786168,0.012259045352131875,0.0,-1.0450429297786168,0.12259045352131875,0.0,1760537918.2786639
3,25,-0.14165738227969543,0.003519566208992442,0.0,-3.5414345569923857,0.08798915522481104,0.0,1760537953.497262
4,28,-0.14496086675383366,0.003820212373203962,0.0,-4.058904269107343,0.10696594644971094,0.0,1760537954.674528
5,99,-0.1430660910905017,0.0017013028653046483,-0.010101010101010102,-14.163543017959668,0.16842898366516018,-1.0,1760537989.386872
