episode_index,steps,mean_reward_drift,mean_reward_progress,mean_reward_intrusion,sum_reward_drift,sum_reward_progress,sum_reward_intrusion,finished_at
1,14,-0.12360437663413282,0.0080777319052889,0.0,-1.7304612728778594,0.1130882466740446,0.0,1760537916.7230546
2,174,-0.14458645179445578,0.0017432741347958064,0.0,-25.158042612235306,0.3033296994544703,0.0,1760537953.0287306
3,47,-0.14752798305507928,0.0019027517618954615,-0.02127659574468085,-6.933815203588726,0.08942933280908669,-1.0,1760537953.8449297
4,81,-0.12451687112412167,0.006184301703250957,-0.012345679012345678,-10.085866561053855,0.5009284379633275,-1.0,1760537987.8313856
