episode_index,steps,mean_reward_drift,mean_reward_progress,mean_reward_intrusion,sum_reward_drift,sum_reward_progress,sum_reward_intrusion,finished_at
1,112,-0.15245725068671417,0.0010069983278846062,-0.008928571428571428,-17.07521207691199,0.11278381272307589,-1.0,1760537918.0843325
2,15,-0.05423573816714125,0.01994497135280803,0.0,-0.8135360725071188,0.29917457029212047,0.0,1760537918.3616965
3,17,-0.10583462901955398,0.010982640262440363,0.0,-1.7991886933324177,0.18670488446148617,0.0,1760537953.35482
4,7,-0.09038404793506187,0.016048432737908482,0.0,-0.6326883355454331,0.11233902916535937,0.0,1760537954.3475053
5,57,-0.1192474816104535,0.007177550263426454,0.0,-6.797106451795849,0.40912036501530785,0.0,1760537988.85166
6,68,-0.18671287998436364,-0.004966473667723525,-0.04411764705882353,-12.696475838936728,-0.3377202094051997,-3.0,1760537990.5880854
