episode_index,steps,mean_reward_drift,mean_reward_progress,mean_reward_intrusion,mean_reward_path_efficiency,mean_reward_boundary,mean_reward_step,mean_reward_proximity,sum_reward_drift,sum_reward_progress,sum_reward_intrusion,sum_reward_path_efficiency,sum_reward_boundary,sum_reward_step,sum_reward_proximity,total_intrusions,terminated_waypoint,terminated_collision,truncated,finished_at
1,12,-0.0014700282061861473,0.17810702424780925,0.0,0.0,0.0,-0.004999999999999999,0.0,-0.01764033847423377,2.137284290973711,0.0,0.0,0.0,-0.05999999999999999,0.0,0,True,False,False,1764700201.0713427
2,43,-0.00271770814066953,0.004493205599005823,0.0,0.0,0.0,-0.005000000000000003,0.3937558053363235,-0.11686145004878978,0.1932078407572504,0.0,0.0,0.0,-0.2150000000000001,16.93149962946191,0,False,True,False,1764700211.8975813
3,37,-0.004232750354731155,0.0018510056902296859,0.0,0.0,-0.05405405405405406,-0.005000000000000002,0.0,-0.15661176312505273,0.06848721053849838,0.0,0.0,-2.0,-0.18500000000000008,0.0,0,False,False,True,1764700227.0147245
4,8,-0.0019977644485431063,0.008364618223696968,-1.875,0.0,0.0,-0.005,0.2827020930725398,-0.01598211558834485,0.06691694578957574,-15.0,0.0,0.0,-0.04,2.2616167445803184,1,False,True,False,1764700239.6889243
5,65,-0.0037171657696773866,0.0019141985298021282,-3.923076923076923,0.0,0.0,-0.005000000000000003,0.5111092215154527,-0.24161577502903014,0.12442290443713833,-255.0,0.0,0.0,-0.3250000000000002,33.222099398504426,17,False,True,False,1764700303.0985086
