episode_index,steps,mean_reward_drift,mean_reward_progress,mean_reward_intrusion,mean_reward_path_efficiency,mean_reward_boundary,mean_reward_step,mean_reward_proximity,sum_reward_drift,sum_reward_progress,sum_reward_intrusion,sum_reward_path_efficiency,sum_reward_boundary,sum_reward_step,sum_reward_proximity,total_intrusions,terminated_waypoint,terminated_collision,truncated,finished_at
1,87,-0.005426078816087176,-0.003469860945846299,-1.0344827586206897,0.0,0.0,-0.005000000000000004,0.2534745738719574,-0.47206885699958434,-0.301877902288628,-90.0,0.0,0.0,-0.4350000000000003,22.05228792686029,6,False,True,False,1764700205.4658875
2,14,-0.005470433562980925,-0.0037646791145733915,-1.0714285714285714,0.0,0.0,-0.004999999999999999,0.3440341350202886,-0.07658606988173296,-0.05270550760402748,-15.0,0.0,0.0,-0.06999999999999999,4.816477890284041,1,False,True,False,1764700210.1212459
3,4,-0.0016915295312232071,0.007771270975657968,0.0,0.0,0.0,-0.005,0.7109505138712506,-0.0067661181248928285,0.03108508390263187,0.0,0.0,0.0,-0.02,2.8438020554850025,0,False,True,False,1764700224.9345841
4,18,-0.002001385763398941,0.00420406779871662,0.0,0.0,0.0,-0.005000000000000001,0.2738704136115245,-0.03602494374118094,0.07567322037689916,0.0,0.0,0.0,-0.09000000000000001,4.929667445007441,0,False,True,False,1764700241.0939481
5,1,-0.0008578336655322819,2.0,0.0,0.0,0.0,-0.005,0.0,-0.0008578336655322819,2.0,0.0,0.0,0.0,-0.005,0.0,0,True,False,False,1764700293.1128194
