episode_index,steps,mean_reward_drift,mean_reward_progress,mean_reward_intrusion,mean_reward_path_efficiency,mean_reward_boundary,mean_reward_step,mean_reward_proximity,sum_reward_drift,sum_reward_progress,sum_reward_intrusion,sum_reward_path_efficiency,sum_reward_boundary,sum_reward_step,sum_reward_proximity,total_intrusions,terminated_waypoint,terminated_collision,truncated,finished_at
1,15,-0.002459124076085386,0.005960527554867756,-1.0,0.0,0.0,-0.005,0.1468898244846898,-0.036886861141280786,0.08940791332301634,-15.0,0.0,0.0,-0.075,2.203347367270347,1,False,True,False,1764700201.329754
2,39,-0.00549058666761062,-0.0017137506988640246,0.0,0.0,0.0,-0.005000000000000003,0.041613218006434,-0.2141328800368142,-0.06683627725569696,0.0,0.0,0.0,-0.1950000000000001,1.622915502250926,0,False,True,False,1764700211.7102125
3,8,-0.001084379580505438,0.013037316809096963,-1.875,0.0,0.0,-0.005,0.26114273359341644,-0.008675036644043505,0.1042985344727757,-15.0,0.0,0.0,-0.04,2.0891418687473315,1,False,True,False,1764700225.2131445
4,3,-0.002423888208089066,0.006524109822310035,-5.0,0.0,0.0,-0.005,0.645955239673392,-0.0072716646242671976,0.019572329466930105,-15.0,0.0,0.0,-0.015,1.9378657190201758,1,False,True,False,1764700238.9918156
5,11,-0.0031136106073557605,0.004511552594659135,0.0,0.0,-0.18181818181818182,-0.004999999999999999,0.0,-0.03424971668091337,0.04962707854125048,0.0,0.0,-2.0,-0.05499999999999999,0.0,0,False,False,True,1764700294.4676998
