episode_index,steps,mean_reward_drift,mean_reward_progress,mean_reward_intrusion,mean_reward_path_efficiency,mean_reward_boundary,mean_reward_step,mean_reward_proximity,sum_reward_drift,sum_reward_progress,sum_reward_intrusion,sum_reward_path_efficiency,sum_reward_boundary,sum_reward_step,sum_reward_proximity,total_intrusions,terminated_waypoint,terminated_collision,truncated,finished_at
1,7,-0.0007440864121919434,0.008295421163555592,-2.142857142857143,0.0,0.0,-0.005,0.45167046957602414,-0.0052086048853436035,0.05806794814488914,-15.0,0.0,0.0,-0.035,3.161693287032169,1,False,True,False,1764700200.5549836
2,37,-0.002394307421622486,0.005511460987359494,0.0,0.0,0.0,-0.005000000000000002,0.07951567536708497,-0.08858937460003198,0.20392405653230128,0.0,0.0,0.0,-0.18500000000000008,2.942079988582144,0,False,True,False,1764700211.5909073
3,28,-0.001248286225413765,0.013060082467451701,-0.5357142857142857,0.0,0.0,-0.005000000000000002,0.04919555627433717,-0.03495201431158542,0.36568230908864763,-15.0,0.0,0.0,-0.14000000000000004,1.3774755756814407,1,False,True,False,1764700226.2448337
4,41,-0.002834554222139884,0.005027490788409156,0.0,0.0,0.0,-0.005000000000000003,0.5247069635901348,-0.11621672310773525,0.20612712232477537,0.0,0.0,0.0,-0.2050000000000001,21.512985507195527,0,False,True,False,1764700244.0344844
5,9,-0.005022169592458058,-0.0006034380015951493,0.0,0.0,-0.2222222222222222,-0.005,0.120813198397006,-0.04519952633212253,-0.005430942014356344,0.0,0.0,-2.0,-0.045,1.087318785573054,0,False,False,True,1764700294.366555
