episode_index,steps,mean_reward_drift,mean_reward_progress,mean_reward_intrusion,mean_reward_path_efficiency,mean_reward_boundary,mean_reward_step,mean_reward_proximity,sum_reward_drift,sum_reward_progress,sum_reward_intrusion,sum_reward_path_efficiency,sum_reward_boundary,sum_reward_step,sum_reward_proximity,total_intrusions,terminated_waypoint,terminated_collision,truncated,finished_at
1,4,-0.0019325854887363649,0.008239480511587849,-3.75,0.0,0.0,-0.005,0.3900523873402869,-0.0077303419549454595,0.032957922046351396,-15.0,0.0,0.0,-0.02,1.5602095493611476,1,False,True,False,1764700200.2670076
2,43,-0.0017526055306206745,0.011396803952826837,0.0,0.0,0.0,-0.005000000000000003,0.08106748700197762,-0.075362037816689,0.490062569971554,0.0,0.0,0.0,-0.2150000000000001,3.4859019410850376,0,False,True,False,1764700211.8975813
3,18,-0.0013585691076666582,0.014245462566578727,0.0,0.0,0.0,-0.005000000000000001,0.12300509295755349,-0.02445424393799985,0.2564183261984171,0.0,0.0,0.0,-0.09000000000000001,2.214091673235963,0,False,True,False,1764700225.7475119
4,5,-0.0017909282094023525,0.011056856499801615,-3.0,0.0,0.0,-0.005,0.49314982108931016,-0.008954641047011762,0.055284282499008075,-15.0,0.0,0.0,-0.025,2.465749105446551,1,False,True,False,1764700239.3064637
5,18,-0.004752131430788874,0.001349578974232404,0.0,0.0,0.0,-0.005000000000000001,0.19044219396309284,-0.08553836575419974,0.024292421536183273,0.0,0.0,0.0,-0.09000000000000001,3.4279594913356712,0,False,True,False,1764700295.697397
