episode_index,steps,mean_reward_drift,mean_reward_progress,mean_reward_intrusion,mean_reward_path_efficiency,mean_reward_boundary,mean_reward_step,mean_reward_proximity,sum_reward_drift,sum_reward_progress,sum_reward_intrusion,sum_reward_path_efficiency,sum_reward_boundary,sum_reward_step,sum_reward_proximity,total_intrusions,terminated_waypoint,terminated_collision,truncated,finished_at
1,60,-0.0014478692030483247,0.013680777240430451,0.0,0.0,-0.03333333333333333,-0.005000000000000003,0.0024117520976183766,-0.08687215218289948,0.8208466344258271,0.0,0.0,-2.0,-0.30000000000000016,0.1447051258571026,0,False,False,True,1764700204.3120337
2,24,-0.0052704194022712226,-0.0013580023125905037,0.0,0.0,0.0,-0.005000000000000002,0.12944641767354248,-0.12649006565450935,-0.03259205550217209,0.0,0.0,0.0,-0.12000000000000004,3.1067140241650195,0,False,True,False,1764700210.659837
3,35,-0.003119709751822707,0.005633587316539731,0.0,0.0,-0.05714285714285714,-0.005000000000000002,0.0,-0.10918984131379475,0.1971755560788906,0.0,0.0,-2.0,-0.17500000000000007,0.0,0,False,False,True,1764700226.9705017
4,3,-0.0015847459470561432,0.010554620058753184,-5.0,0.0,0.0,-0.005,0.6208336256959116,-0.00475423784116843,0.03166386017625955,-15.0,0.0,0.0,-0.015,1.8625008770877347,1,False,True,False,1764700238.9918156
5,29,-0.005926826767333785,-0.004505551336958695,-4.137931034482759,0.0,-0.06896551724137931,-0.005000000000000002,0.37811513307294053,-0.17187797625267975,-0.13066098877180216,-120.0,0.0,-2.0,-0.14500000000000005,10.965338859115276,8,False,False,True,1764700297.1145682
