episode_index,steps,mean_reward_drift,mean_reward_progress,mean_reward_intrusion,mean_reward_path_efficiency,mean_reward_boundary,mean_reward_step,mean_reward_proximity,sum_reward_drift,sum_reward_progress,sum_reward_intrusion,sum_reward_path_efficiency,sum_reward_boundary,sum_reward_step,sum_reward_proximity,total_intrusions,terminated_waypoint,terminated_collision,truncated,finished_at
1,77,-0.005482477606085901,-0.00336833886560215,-1.1688311688311688,0.0,-0.025974025974025976,-0.005000000000000003,0.5518691001467447,-0.42215077566861436,-0.25936209265136556,-90.0,0.0,-2.0,-0.38500000000000023,42.493920711299346,6,False,False,True,1764700205.0906222
2,66,-0.004569734294264063,2.2477432059694962e-05,0.0,0.0,-0.030303030303030304,-0.005000000000000003,0.1356607903461111,-0.3016024634214282,0.0014835105159398676,0.0,0.0,-2.0,-0.3300000000000002,8.953612162843331,0,False,False,True,1764700213.3802176
3,15,-0.0012798278212694005,0.012634049465857267,0.0,0.0,0.0,-0.005,0.09084706970759736,-0.019197417319041007,0.189510741987859,0.0,0.0,0.0,-0.075,1.3627060456139604,0,False,True,False,1764700225.5759108
4,17,-0.0028203228103067415,0.006751631236684783,-0.8823529411764706,0.0,0.0,-0.005,0.17841498751404203,-0.0479454877752146,0.1147777310236413,-15.0,0.0,0.0,-0.085,3.0330547877387146,1,False,True,False,1764700241.0657322
5,18,-0.003864001913512216,0.0023763940193016505,-0.8333333333333334,0.0,0.0,-0.005000000000000001,0.1963996059581228,-0.06955203444321989,0.04277509234742971,-15.0,0.0,0.0,-0.09000000000000001,3.5351929072462105,1,False,True,False,1764700295.6984966
