episode_index,steps,mean_reward_drift,mean_reward_progress,mean_reward_intrusion,mean_reward_path_efficiency,mean_reward_boundary,mean_reward_step,mean_reward_proximity,sum_reward_drift,sum_reward_progress,sum_reward_intrusion,sum_reward_path_efficiency,sum_reward_boundary,sum_reward_step,sum_reward_proximity,total_intrusions,terminated_waypoint,terminated_collision,truncated,finished_at
1,27,-0.003494657692020991,0.0035989602818234235,-0.5555555555555556,0.0,0.0,-0.005000000000000001,0.07504388213373255,-0.09435575768456675,0.09717192760923243,-15.0,0.0,0.0,-0.13500000000000004,2.026184817610779,1,False,True,False,1764700202.3655815
2,31,-0.0016770240973875267,0.014576798041072283,0.0,0.0,-0.06451612903225806,-0.005000000000000002,0.0,-0.051987747019013326,0.4518807392732408,0.0,0.0,-2.0,-0.15500000000000005,0.0,0,False,False,True,1764700211.0644462
3,47,-0.0017819367097478302,0.004940453480009955,0.0,0.0,0.0,-0.005000000000000003,0.04380115342925575,-0.08375102535814802,0.23220131356046791,0.0,0.0,0.0,-0.23500000000000013,2.0586542111750203,0,False,True,False,1764700227.6536658
4,17,-0.0008170161145025776,0.012313439366344037,0.0,0.0,0.0,-0.005,0.14099865067752304,-0.01388927394654382,0.20932846922784865,0.0,0.0,0.0,-0.085,2.396977061517892,0,False,True,False,1764700241.0657322
5,3,-0.001256410007788223,0.008546260838542189,-5.0,0.0,0.0,-0.005,0.7153260107789571,-0.0037692300233646693,0.025638782515626568,-15.0,0.0,0.0,-0.015,2.1459780323368713,1,False,True,False,1764700293.479851
