episode_index,steps,mean_reward_drift,mean_reward_progress,mean_reward_intrusion,mean_reward_path_efficiency,mean_reward_boundary,mean_reward_step,mean_reward_proximity,sum_reward_drift,sum_reward_progress,sum_reward_intrusion,sum_reward_path_efficiency,sum_reward_boundary,sum_reward_step,sum_reward_proximity,total_intrusions,terminated_waypoint,terminated_collision,truncated,finished_at
1,10,-0.0044796019749137935,9.06210369467364e-05,0.0,0.0,0.0,-0.004999999999999999,0.5328165743049046,-0.04479601974913794,0.000906210369467364,0.0,0.0,0.0,-0.049999999999999996,5.328165743049046,0,False,True,False,1764700200.8710172
2,13,-0.001705731229945435,0.011055280203370134,-1.1538461538461537,0.0,0.0,-0.004999999999999999,0.15238671622683533,-0.022174505989290653,0.14371864264381173,-15.0,0.0,0.0,-0.06499999999999999,1.9810273109488592,1,False,True,False,1764700210.0081058
3,94,-0.001980553898448462,0.011940059962976644,-0.4787234042553192,0.0,-0.02127659574468085,-0.005000000000000004,0.19000093267330215,-0.1861720664541554,1.1223656365198045,-45.0,0.0,-2.0,-0.4700000000000003,17.8600876712904,3,False,False,True,1764700230.4256043
4,50,-0.0027841925642228256,0.006630729230724607,0.0,0.0,0.0,-0.005000000000000002,0.09198446924699936,-0.13920962821114127,0.33153646153623034,0.0,0.0,0.0,-0.2500000000000001,4.599223462349968,0,False,True,False,1764700245.0667915
5,10,-0.0019083152542914885,0.006952127891394444,-1.5,0.0,0.0,-0.004999999999999999,0.40078231934029046,-0.019083152542914886,0.06952127891394444,-15.0,0.0,0.0,-0.049999999999999996,4.0078231934029045,1,False,True,False,1764700294.421857
