episode_index,steps,mean_reward_drift,mean_reward_progress,mean_reward_intrusion,mean_reward_path_efficiency,mean_reward_boundary,mean_reward_step,mean_reward_proximity,sum_reward_drift,sum_reward_progress,sum_reward_intrusion,sum_reward_path_efficiency,sum_reward_boundary,sum_reward_step,sum_reward_proximity,total_intrusions,terminated_waypoint,terminated_collision,truncated,finished_at
1,7,-0.0008803553453281632,0.011927042076627314,-2.142857142857143,0.0,0.0,-0.005,0.45167046957602414,-0.0061624874172971425,0.0834892945363912,-15.0,0.0,0.0,-0.035,3.161693287032169,1,False,True,False,1764700200.5549836
2,26,-0.0036116618645301852,0.005032818554549674,-2.8846153846153846,0.0,0.0,-0.005000000000000001,0.2914067845200514,-0.09390320847778481,0.13085328241829153,-75.0,0.0,0.0,-0.13000000000000003,7.576576397521337,5,False,True,False,1764700210.7730105
3,6,-0.0035462714217115916,0.0034508758880527437,0.0,0.0,-0.3333333333333333,-0.005,0.0,-0.02127762853026955,0.020705255328316463,0.0,0.0,-2.0,-0.030000000000000002,0.0,0,False,False,True,1764700225.058038
4,26,-0.001551712264145356,0.010839464716064442,0.0,0.0,0.0,-0.005000000000000001,0.1633276912412988,-0.040344518867779254,0.2818260826176755,0.0,0.0,0.0,-0.13000000000000003,4.246519972273769,0,False,True,False,1764700242.1899197
5,4,-0.0027070699154668498,0.006073036289584721,0.0,0.0,0.0,-0.005,0.6000261640519804,-0.010828279661867399,0.024292145158338885,0.0,0.0,0.0,-0.02,2.4001046562079216,0,False,True,False,1764700293.5308082
