episode_index,steps,mean_reward_drift,mean_reward_progress,mean_reward_intrusion,mean_reward_path_efficiency,mean_reward_boundary,mean_reward_step,mean_reward_proximity,sum_reward_drift,sum_reward_progress,sum_reward_intrusion,sum_reward_path_efficiency,sum_reward_boundary,sum_reward_step,sum_reward_proximity,total_intrusions,terminated_waypoint,terminated_collision,truncated,finished_at
1,10,-0.0016989863889602687,0.008059429807528672,-1.5,0.0,0.0,-0.004999999999999999,0.4274841078144348,-0.016989863889602688,0.08059429807528673,-15.0,0.0,0.0,-0.049999999999999996,4.274841078144348,1,False,True,False,1764700200.8710172
2,24,-0.0023863545196825264,0.009464526157015882,-0.625,0.0,0.0,-0.005000000000000002,0.22434004408836902,-0.057272508472380634,0.22714862776838118,-15.0,0.0,0.0,-0.12000000000000004,5.384161058120856,1,False,True,False,1764700210.659837
3,15,-0.0064133513646172655,-0.007395097206496874,0.0,0.0,0.0,-0.005,0.09814321410174108,-0.09620027046925898,-0.1109264580974531,0.0,0.0,0.0,-0.075,1.4721482115261162,0,False,True,False,1764700225.5759108
4,246,-0.005030535629373546,-0.0002978712304810982,0.0,0.0,0.0,-0.004999999999999983,0.032358742040607076,-1.2375117648258924,-0.07327632269835016,0.0,0.0,0.0,-1.2299999999999958,7.960250541989341,0,False,True,False,1764700270.6496768
5,4,-0.0013520365252296042,0.007790528433530952,-3.75,0.0,0.0,-0.005,0.59723780724216,-0.005408146100918417,0.03116211373412381,-15.0,0.0,0.0,-0.02,2.38895122896864,1,False,True,False,1764700293.5298274
