episode_index,steps,mean_reward_drift,mean_reward_progress,mean_reward_intrusion,mean_reward_path_efficiency,mean_reward_boundary,mean_reward_step,mean_reward_proximity,sum_reward_drift,sum_reward_progress,sum_reward_intrusion,sum_reward_path_efficiency,sum_reward_boundary,sum_reward_step,sum_reward_proximity,total_intrusions,terminated_waypoint,terminated_collision,truncated,finished_at
1,24,-0.004485949984255691,-2.8497518131958648e-05,0.0,0.0,0.0,-0.005000000000000002,0.08097823100438904,-0.1076627996221366,-0.0006839404351670075,0.0,0.0,0.0,-0.12000000000000004,1.943477544105337,0,False,True,False,1764700202.047301
2,18,-0.0028443883961766264,0.005781302967749517,-0.8333333333333334,0.0,0.0,-0.005000000000000001,0.15073414914447097,-0.051198991131179275,0.1040634534194913,-15.0,0.0,0.0,-0.09000000000000001,2.7132146846004774,1,False,True,False,1764700210.3225968
3,182,-0.004516584867601391,0.0008687110554239152,0.0,0.0,-0.01098901098901099,-0.005000000000000004,0.17800545333578643,-0.8220184459034531,0.15810541208715256,0.0,0.0,-2.0,-0.9100000000000007,32.39699250711313,0,False,False,True,1764700238.415136
4,242,-0.005165033712094983,-0.0009482124883904031,0.0,0.0,-0.008264462809917356,-0.0049999999999999845,0.07225581957661913,-1.249938158326986,-0.22946742219047755,0.0,0.0,-2.0,-1.2099999999999962,17.48590833754183,0,False,False,True,1764700270.2937565
5,3,-0.0025949083248795173,0.005972362256083256,-5.0,0.0,0.0,-0.005,0.7153260107789571,-0.007784724974638552,0.017917086768249768,-15.0,0.0,0.0,-0.015,2.1459780323368713,1,False,True,False,1764700293.4818542
