episode_index,steps,mean_reward_drift,mean_reward_progress,mean_reward_intrusion,sum_reward_drift,sum_reward_progress,sum_reward_intrusion,total_intrusions,finished_at
1,15,-0.18900294935776527,0.0,0.0,-2.835044240366479,0.0,0.0,0,1761055477.5412154
2,31,-0.07609895485689348,0.03225806451612903,0.0,-2.359067600563698,1.0,0.0,0,1761055479.0090024
3,70,-0.1498787385810021,0.0,0.0,-10.491511700670147,0.0,0.0,0,1761055480.206884
4,24,-0.16367019431133004,0.0,-0.2916666666666667,-3.9280846634719206,0.0,-7.0,7,1761055480.6629791
5,101,-0.14507865525491787,0.009900990099009901,0.0,-14.652944180746704,1.0,0.0,0,1761055515.3043716
