episode_index,steps,mean_reward_drift,mean_reward_progress,mean_reward_intrusion,mean_reward_proximity,sum_reward_drift,sum_reward_progress,sum_reward_intrusion,sum_reward_proximity,total_intrusions,terminated_waypoint,truncated,finished_at
1,34,-0.0006013349648795598,0.3934210899666833,-0.29411764705882354,-0.09893997960948901,-0.020445388805905036,13.376317058867231,-10.0,-3.3639593067226263,1,True,False,1763728115.3577452
2,21,-0.0010404639834342942,0.6105362561947646,0.0,0.0,-0.02184974365212018,12.821261380090057,0.0,0.0,0,True,False,1763728124.1793323
3,112,-0.0017565465980660666,0.1457028990436218,0.0,-0.08979488059279732,-0.19673321898339946,16.31872469288564,0.0,-10.0570266263933,0,True,False,1763728145.854609
