episode_index,steps,mean_reward_drift,mean_reward_progress,mean_reward_intrusion,mean_reward_proximity,sum_reward_drift,sum_reward_progress,sum_reward_intrusion,sum_reward_proximity,total_intrusions,terminated_waypoint,truncated,finished_at
1,85,-0.0009464865807314105,0.18612439921293428,-0.35294117647058826,-0.09017680468153325,-0.08045135936216989,15.820573933099414,-30.0,-7.665028397930326,3,True,False,1763728120.861569
2,76,-0.001095236841465068,0.2022377547014035,-0.2631578947368421,-0.08223444165994412,-0.08323799995134518,15.370069357306667,-20.0,-6.249817566155753,2,True,False,1763728130.0793324
3,95,-0.0012051878405538302,0.17048479338179234,0.0,0.0,-0.11449284485261388,16.196055371270273,0.0,0.0,0,True,False,1763728144.0357094
4,80,-0.0009812520966580003,0.19523102593957642,0.0,-0.06748995719752363,-0.07850016773264003,15.618482075166114,0.0,-5.39919657580189,0,True,False,1763728154.5594199
