episode_index,steps,mean_reward_drift,mean_reward_progress,mean_reward_intrusion,sum_reward_drift,sum_reward_progress,sum_reward_intrusion,finished_at
1,18,-0.22654811728041174,0.0,0.0,-4.0778661110474115,0.0,0.0,1761043111.8501878
2,10,-0.12978724982353979,0.0,0.0,-1.2978724982353977,0.0,0.0,1761043112.657503
3,45,-0.22849932451167584,0.0,0.0,-10.282469603025413,0.0,0.0,1761043114.232239
4,197,-0.1460185460433681,0.0,-0.005076142131979695,-28.765653570543517,0.0,-1.0,1761043152.4386976
