episode_index,steps,mean_reward_drift,mean_reward_progress,mean_reward_intrusion,sum_reward_drift,sum_reward_progress,sum_reward_intrusion,finished_at
1,12,-0.18937987698171346,0.0,0.0,-2.2725585237805617,0.0,0.0,1761043111.760838
2,9,-0.1879660530635807,0.0,0.0,-1.6916944775722262,0.0,0.0,1761043112.6474967
3,84,-0.12877811322114252,0.0,0.0,-10.817361510575973,0.0,0.0,1761043149.6139557
