episode_index,steps,mean_reward_drift,mean_reward_progress,mean_reward_intrusion,sum_reward_drift,sum_reward_progress,sum_reward_intrusion,finished_at
1,56,-0.1439543267520685,0.0,0.0,-8.061442298115837,0.0,0.0,1761043112.3515918
2,17,-0.1596649755857171,0.0,0.0,-2.7143045849571905,0.0,0.0,1761043112.7759128
3,18,-0.09447269367059084,0.0,0.0,-1.7005084860706352,0.0,0.0,1761043113.8646593
4,110,-0.1378291246749583,0.0,-0.00909090909090909,-15.161203714245415,0.0,-1.0,1761043151.2407339
5,246,-0.1411819676424916,0.0,-0.0040650406504065045,-34.73076404005293,0.0,-1.0,1761043221.4796357
