episode_index,steps,mean_reward_drift,mean_reward_progress,mean_reward_intrusion,sum_reward_drift,sum_reward_progress,sum_reward_intrusion,finished_at
1,9,-0.06877219663505124,0.01902633496582781,0.0,-0.6189497697154611,0.17123701469245028,0.0,1760537916.6397724
2,24,-0.15203468119088606,0.002835272114089312,0.0,-3.6488323485812657,0.06804653073814348,0.0,1760537917.4982681
3,71,-0.19637975836129778,-0.005715777986963176,0.0,-13.942962843652143,-0.4058202370743855,0.0,1760537919.1022208
4,38,-0.13480782044861184,0.005957157071788503,0.0,-5.12269717704725,0.2263719687279631,0.0,1760537953.2294593
5,111,-0.17195951180836178,-0.0018798573651036933,-0.009009009009009009,-19.087505810728157,-0.20866416752650996,-1.0,1760537988.4370594
