episode_index,steps,mean_reward_drift,mean_reward_progress,mean_reward_intrusion,sum_reward_drift,sum_reward_progress,sum_reward_intrusion,finished_at
1,17,-0.09547467525583885,0.013199330754276938,0.0,-1.6230694793492604,0.22438862282270794,0.0,1760537916.7560575
2,7,-0.20071108458737166,-0.005791790780053763,0.0,-1.4049775921116017,-0.04054253546037634,0.0,1760537917.2032042
3,149,-0.13846940652517867,0.002053783205291219,0.0,-20.631941572251623,0.3060136975883916,0.0,1760537952.5969563
