episode_index,steps,mean_reward_drift,mean_reward_progress,mean_reward_intrusion,sum_reward_drift,sum_reward_progress,sum_reward_intrusion,finished_at
1,21,-0.09722164671789565,0.012261864446914104,0.0,-2.0416545810758087,0.2574991533851962,0.0,1760537916.8056374
2,11,-0.06251440492476137,0.01739784532876299,0.0,-0.6876584541723751,0.1913762986163929,0.0,1760537917.2818372
3,14,-0.19799377560252104,-0.006224968604269029,0.0,-2.771912858435295,-0.0871495604597664,0.0,1760537918.2451532
4,130,-0.14955957556085142,0.0007744450441812873,0.0,-19.442744822910683,0.10067785574356736,0.0,1760537954.4222667
