episode_index,steps,mean_reward_drift,mean_reward_progress,mean_reward_intrusion,sum_reward_drift,sum_reward_progress,sum_reward_intrusion,finished_at
1,16,-0.205791300825526,-0.008417693163797,0.0,-3.292660813208416,-0.134683090620752,0.0,1760537916.7425842
2,66,-0.1778724222577339,-0.0011732160501079108,0.0,-11.739579869010436,-0.07743225930712211,0.0,1760537918.0196695
