episode_index,steps,mean_reward_drift,mean_reward_progress,mean_reward_intrusion,sum_reward_drift,sum_reward_progress,sum_reward_intrusion,finished_at
1,37,-0.2050260018331441,-0.006513664496682351,0.0,-7.5859620678263315,-0.241005586377247,0.0,1760537917.023052
2,17,-0.09527925167215667,0.010304655177676855,0.0,-1.6197472784266636,0.17517913802050653,0.0,1760537917.3935487
3,2,-0.11960287354026602,0.016721325250381835,0.0,-0.23920574708053205,0.03344265050076367,0.0,1760537918.074816
4,11,-0.13616145579379316,0.005205854691860957,-0.09090909090909091,-1.4977760137317246,0.05726440161047053,-1.0,1760537952.8047526
5,40,-0.20683585066680493,-0.008151088812140292,0.0,-8.273434026672197,-0.3260435524856117,0.0,1760537955.1099072
6,100,-0.12897819375688221,0.005044053486918831,0.0,-12.897819375688222,0.5044053486918831,0.0,1760537989.9649854
