episode_index,steps,mean_reward_drift,mean_reward_progress,mean_reward_intrusion,mean_reward_proximity,sum_reward_drift,sum_reward_progress,sum_reward_intrusion,sum_reward_proximity,total_intrusions,finished_at
1,80,-0.036885532842886655,-0.0029847502257664945,-0.075,-0.01638095080258198,-2.9508426274309323,-0.23878001806131954,-6.0,-1.3104760642065583,1,1761290467.3768804
2,174,-0.04075533926876397,-0.004956906710441908,-0.06896551724137931,-0.014578488432374742,-7.091429032764931,-0.862501767616892,-12.0,-2.536656987233205,2,1761290470.1077504
3,400,-0.031158996005103815,0.00023976195456980044,0.0,0.0,-12.463598402041526,0.09590478182792017,0.0,0.0,0,1761290472.7333093
