episode_index,steps,mean_reward_drift,mean_reward_progress,mean_reward_intrusion,mean_reward_proximity,sum_reward_drift,sum_reward_progress,sum_reward_intrusion,sum_reward_proximity,total_intrusions,terminated_waypoint,truncated,finished_at
1,105,-0.002638187308295835,-0.0002866171292082831,0.0,0.0,-0.2770096673710627,-0.030094798566869724,0.0,0.0,0,False,True,1762616108.3960464
2,267,-0.0027876391361151137,-0.0022402025889590262,-0.02247191011235955,-0.011444698524398557,-0.7442996493427354,-0.59813409125206,-6.0,-3.055734506014415,2,False,True,1762616236.2955482
