episode_index,steps,mean_reward_drift,mean_reward_progress,mean_reward_intrusion,sum_reward_drift,sum_reward_progress,sum_reward_intrusion,total_intrusions,finished_at
1,21,-0.18782906471879157,0.0,-0.047619047619047616,-3.944410359094623,0.0,-1.0,1,1761054784.771714
2,18,-0.04089308871786133,0.0,0.0,-0.7360755969215039,0.0,0.0,0,1761054785.3300977
3,39,-0.20777482855258375,0.0,0.0,-8.103218313550766,0.0,0.0,0,1761054786.02956
4,123,-0.1478299619197174,0.0,0.0,-18.18308531612524,0.0,0.0,0,1761054822.9545772
5,40,-0.20451175963108031,0.0,-0.075,-8.180470385243213,0.0,-3.0,3,1761054823.5912397
