episode_index,steps,mean_reward_drift,mean_reward_progress,mean_reward_intrusion,mean_reward_proximity,sum_reward_drift,sum_reward_progress,sum_reward_intrusion,sum_reward_proximity,total_intrusions,finished_at
1,179,-0.03040855696513246,0.0007052220789868491,-0.5027932960893855,-0.04321508441449001,-5.4431316967587104,0.126234752138646,-90.0,-7.735500110193712,15,1761290467.9114437
2,72,-0.039428058030613514,-0.005343608503306295,-1.4166666666666667,-0.06695874938739235,-2.838820178204173,-0.3847398122380532,-102.0,-4.821029955892249,17,1761290468.643597
3,187,-0.040423822224105156,-0.006432655116177274,0.0,0.0,-7.559254755907664,-1.2029065067251503,0.0,0.0,0,1761290470.1277986
4,94,-0.02668864625509394,0.004306569491150081,0.0,0.0,-2.50873274797883,0.4048175321681076,0.0,0.0,0,1761290470.7459736
5,45,-0.00864970233890214,0.037820384924058,-0.8,-0.06240794644927558,-0.3892366052505963,1.7019173215826102,-36.0,-2.808357590217401,6,1761290471.1473217
6,318,-0.036676502259926386,-0.0035050107961822046,0.0,0.0,-11.663127718656591,-1.114593433185941,0.0,0.0,0,1761290473.5814564
