episode_index,steps,mean_reward_drift,mean_reward_progress,mean_reward_intrusion,mean_reward_proximity,sum_reward_drift,sum_reward_progress,sum_reward_intrusion,sum_reward_proximity,total_intrusions,finished_at
1,22,-0.012601081432583922,0.01574937558803242,0.0,0.0,-0.2772237915168463,0.34648626293671325,0.0,0.0,0,1761290466.8566768
2,40,-0.006906330604121697,0.043138903741891,0.0,0.0,-0.27625322416486786,1.72555614967564,0.0,0.0,0,1761290468.4133859
3,76,-0.027323409037189873,0.0036602474872937836,-0.3157894736842105,-0.01797422769711274,-2.07657908682643,0.27817880903432757,-24.0,-1.3660413049805684,4,1761290469.5045862
4,13,-0.02271317843206894,0.010141943587959713,0.0,0.0,-0.29527131961689623,0.13184526664347626,0.0,0.0,0,1761290470.2640045
5,92,-0.04213034311943652,-0.007613333215705615,0.0,0.0,-3.8759915669881595,-0.7004266558449166,0.0,0.0,0,1761290471.4883451
6,87,-0.028145268182375994,0.0028470831373423496,-1.5862068965517242,-0.12775061633946558,-2.4486383318667113,0.2476962329487844,-138.0,-11.114303621533505,23,1761290472.3643503
7,125,-0.04591177806080447,-0.009319323108794297,0.0,-0.006022599359130727,-5.738972257600559,-1.1649153885992871,0.0,-0.7528249198913408,0,1761290474.4734585
