episode_index,steps,mean_reward_drift,mean_reward_progress,mean_reward_intrusion,mean_reward_proximity,sum_reward_drift,sum_reward_progress,sum_reward_intrusion,sum_reward_proximity,total_intrusions,finished_at
1,117,-0.034559706715578335,-0.0004121815735650488,-0.9230769230769231,-0.07027849954989124,-4.043485685722665,-0.04822524410711071,-108.0,-8.222584447337274,18,1761290467.5607018
2,133,-0.02473534261635922,0.00521280293457606,0.0,0.0,-3.2898005679757762,0.693302790298616,0.0,0.0,0,1761290468.9541519
