episode_index,steps,mean_reward_drift,mean_reward_progress,mean_reward_intrusion,mean_reward_proximity,sum_reward_drift,sum_reward_progress,sum_reward_intrusion,sum_reward_proximity,total_intrusions,finished_at
1,145,-0.04048515046100136,-0.0059089177980597984,0.0,0.0,-5.870346816845197,-0.8567930807186708,0.0,0.0,0,1761290467.735185
2,16,-0.005421013537089388,0.08144079724642148,0.0,-0.023452715576656742,-0.08673621659343021,1.3030527559427436,0.0,-0.3752434492265079,0,1761290468.2345026
3,85,-0.018291363966315068,0.010278624920295392,0.0,0.0,-1.5547659371367808,0.8736831182251084,0.0,0.0,0,1761290469.5552983
4,51,-0.009788629922824244,0.015061471105032144,0.0,0.0,-0.49922012606403643,0.7681350263566393,0.0,0.0,0,1761290470.546049
5,147,-0.03308174652622905,-0.0007355447544618017,-0.24489795918367346,-0.019104473402839463,-4.86301673935567,-0.10812507890588485,-36.0,-2.808357590217401,6,1761290471.7210486
6,125,-0.032435877941117325,-0.00019087762367921713,-1.248,-0.09638339108834501,-4.054484742639666,-0.02385970295990214,-156.0,-12.047923886043126,26,1761290472.6040425
7,55,-0.017068435147100495,0.011778126451933086,0.0,0.0,-0.9387639330905273,0.6477969548563197,0.0,0.0,0,1761290474.0738285
8,84,-0.019827650763390076,0.009052453339264402,0.0,-0.02896668422845518,-1.6655226641247662,0.7604060804982098,0.0,-2.433201475190235,0,1761290475.1143494
9,135,-0.04568451072856175,-0.009319767052717583,0.0,0.0,-6.1674089483558365,-1.2581685521168737,0.0,0.0,0,1761290476.7826412
