episode_index,steps,mean_reward_drift,mean_reward_progress,mean_reward_intrusion,mean_reward_proximity,sum_reward_drift,sum_reward_progress,sum_reward_intrusion,sum_reward_proximity,total_intrusions,finished_at
1,124,-0.038849310931313455,-0.001655262812741671,-0.1935483870967742,-0.012133463665660496,-4.817314555482868,-0.20525258877996722,-24.0,-1.5045494945419016,4,1761290467.6062748
2,115,-0.025813640151410286,0.004809483905202693,0.0,0.0,-2.968568617412183,0.5530906490983097,0.0,0.0,0,1761290468.8897407
3,18,-0.017748108869079224,0.012609635055338693,0.0,0.0,-0.31946595964342606,0.22697343099609646,0.0,0.0,0,1761290469.1234906
4,61,-0.025573062448743293,0.005046849696984988,0.0,0.0,-1.559956809373341,0.30785783151608426,0.0,0.0,0,1761290470.5989828
5,17,-0.0050951967594516714,0.07825255860032097,0.0,0.0,-0.08661834491067841,1.3302934962054564,0.0,0.0,0,1761290470.9317281
6,91,-0.00943861823681529,0.02678414448366572,-1.978021978021978,-0.12433506420984634,-0.8589142595501914,2.4373571480135805,-180.0,-11.314490843096017,30,1761290472.3934097
7,99,-0.016059008569650028,0.020186670191281588,0.0,-0.007604292120114554,-1.589841848395353,1.9984803489368772,0.0,-0.7528249198913408,0,1761290474.3571978
8,252,-0.028390620877884236,0.0027948476255495835,-0.09523809523809523,-0.013160129786035561,-7.154436461226828,0.7043016016384951,-24.0,-3.3163527060809614,4,1761290475.878626
