episode_index,steps,mean_reward_drift,mean_reward_progress,mean_reward_intrusion,sum_reward_drift,sum_reward_progress,sum_reward_intrusion,total_intrusions,finished_at
1,7,-0.09846168953445293,0.0,0.0,-0.6892318267411706,0.0,0.0,0,1761049211.9664788
2,35,-0.19816050707224828,0.0,0.0,-6.935617747528689,0.0,0.0,0,1761049213.0956469
3,12,-0.08438235980734034,0.0,0.0,-1.012588317688084,0.0,0.0,0,1761049213.6546764
4,16,-0.21986319335543683,0.0,0.0,-3.5178110936869893,0.0,0.0,0,1761049249.7362535
5,45,-0.21593654748392652,0.0,-0.15555555555555556,-9.717144636776693,0.0,-7.0,7,1761049250.667603
6,26,-0.11224883327953056,0.0,-0.038461538461538464,-2.9184696652677946,0.0,-1.0,1,1761049251.0744734
7,13,-0.20014074369036103,0.0,0.0,-2.6018296679746933,0.0,0.0,0,1761049251.540313
8,43,-0.10454030896084246,0.0,-0.023255813953488372,-4.495233285316226,0.0,-1.0,1,1761049252.317046
