episode_index,steps,mean_reward_drift,mean_reward_progress,mean_reward_intrusion,sum_reward_drift,sum_reward_progress,sum_reward_intrusion,total_intrusions,finished_at
1,16,-0.13542734224400338,0.0,0.0,-2.166837475904054,0.0,0.0,0,1761049212.0944889
2,44,-0.11178629789621676,0.0,0.0,-4.918597107433538,0.0,0.0,0,1761049213.2038248
3,17,-0.2017289698295709,0.0,0.0,-3.4293924871027053,0.0,0.0,0,1761049213.739344
4,13,-0.06707928451951316,0.0,0.0,-0.872030698753671,0.0,0.0,0,1761049249.6824782
5,10,-0.20479652424270833,0.0,0.0,-2.0479652424270833,0.0,0.0,0,1761049250.1440697
6,41,-0.13083113136866759,0.0,0.0,-5.3640763861153715,0.0,0.0,0,1761049251.2919934
7,24,-0.09088476472961338,0.0,0.0,-2.181234353510721,0.0,0.0,0,1761049251.692369
