episode_index,steps,mean_reward_drift,mean_reward_progress,mean_reward_intrusion,sum_reward_drift,sum_reward_progress,sum_reward_intrusion,total_intrusions,finished_at
1,36,-0.11462415363712844,0.0,0.0,-4.126469530936624,0.0,0.0,0,1761049212.378119
2,20,-0.16171172543476245,0.0,0.0,-3.234234508695249,0.0,0.0,0,1761049212.8875415
3,48,-0.17683219211985146,0.0,0.0,-8.48794522175287,0.0,0.0,0,1761049214.1512709
4,30,-0.1252075607528713,0.0,0.0,-3.756226822586139,0.0,0.0,0,1761049249.9536965
