episode_index,steps,mean_reward_drift,mean_reward_progress,mean_reward_intrusion,sum_reward_drift,sum_reward_progress,sum_reward_intrusion,finished_at
1,98,-0.1699503123006508,0.0,-0.01020408163265306,-16.65513060546378,0.0,-1.0,1761043112.866661
2,5,-0.14058613615148363,0.0,0.0,-0.7029306807574182,0.0,0.0,1761043113.3249156
3,61,-0.13305529739654712,0.0,0.0,-8.116373141189374,0.0,0.0,1761043149.9945078
