episode_index,steps,mean_reward_drift,mean_reward_progress,mean_reward_intrusion,sum_reward_drift,sum_reward_progress,sum_reward_intrusion,finished_at
1,12,-0.07643974301189978,0.015946386148331333,0.0,-0.9172769161427973,0.191356633779976,0.0,1760538820.5274782
2,12,-0.16294981417978996,0.0012906582002344125,0.0,-1.9553977701574796,0.01548789840281295,0.0,1760538821.7566824
3,1,-0.0828442619079291,0.0295908305418226,0.0,-0.0828442619079291,0.0295908305418226,0.0,1760538822.267567
4,69,-0.1763488106576221,-0.003371228575928787,-0.07246376811594203,-12.168067935375925,-0.2326147717390863,-5.0,1760538862.7170506
