episode_index,steps,mean_reward_drift,mean_reward_progress,mean_reward_intrusion,sum_reward_drift,sum_reward_progress,sum_reward_intrusion,total_intrusions,finished_at
1,61,-0.10761338351035392,0.0,-0.01639344262295082,-6.564416394131589,0.0,-1.0,1,1761055478.2554185
2,61,-0.17751572030264642,0.0,-0.04918032786885246,-10.828458938461432,0.0,-3.0,3,1761055479.238236
