episode_index,steps,mean_reward_drift,mean_reward_progress,mean_reward_intrusion,sum_reward_drift,sum_reward_progress,sum_reward_intrusion,total_intrusions,finished_at
1,11,-0.11255757675064734,0.0,0.0,-1.2381333442571207,0.0,0.0,0,1761055477.4959092
2,23,-0.21834435287089654,0.0,0.0,-5.02192011603062,0.0,0.0,0,1761055478.7628973
3,63,-0.12621159312692212,0.0,-0.015873015873015872,-7.951330366996094,0.0,-1.0,1,1761055480.1974163
