episode_index,steps,mean_reward_drift,mean_reward_progress,mean_reward_intrusion,sum_reward_drift,sum_reward_progress,sum_reward_intrusion,total_intrusions,finished_at
1,15,-0.17167141298649347,0.0,0.0,-2.575071194797402,0.0,0.0,0,1761053490.9397218
2,27,-0.11901137153197729,0.0,0.0,-3.213307031363387,0.0,0.0,0,1761053491.9128356
3,12,-0.0818200528505823,0.0,0.0,-0.9818406342069876,0.0,0.0,0,1761053492.3246074
4,33,-0.13633637554162045,0.0,-0.06060606060606061,-4.4991003928734745,0.0,-2.0,2,1761053493.5056975
5,38,-0.17653412338382227,0.0,0.0,-6.708296688585246,0.0,0.0,0,1761053529.1853113
