episode_index,steps,mean_reward_drift,mean_reward_progress,mean_reward_intrusion,sum_reward_drift,sum_reward_progress,sum_reward_intrusion,total_intrusions,finished_at
1,2,-0.04291868477287185,0.0,0.0,-0.0858373695457437,0.0,0.0,0,1761053490.6925218
2,41,-0.10723319733721913,0.0,0.0,-4.396561090825984,0.0,0.0,0,1761053492.0840194
3,27,-0.1753349224409751,0.0,0.0,-4.734042905906327,0.0,0.0,0,1761053492.5107648
4,13,-0.12058447963020111,0.0,0.0,-1.5675982351926143,0.0,0.0,0,1761053493.2486227
5,22,-0.10878741962227037,0.0,0.0,-2.393323231689948,0.0,0.0,0,1761053528.934558
6,67,-0.1622122787773138,0.0,0.0,-10.868222678080025,0.0,0.0,0,1761053530.307488
