episode_index,steps,mean_reward_drift,mean_reward_progress,mean_reward_intrusion,sum_reward_drift,sum_reward_progress,sum_reward_intrusion,total_intrusions,finished_at
1,3,-0.07235803537198589,0.3333333333333333,0.0,-0.21707410611595765,1.0,0.0,0,1761053490.7097683
2,56,-0.12467068574295355,0.0,0.0,-6.981558401605398,0.0,0.0,0,1761053492.4780478
