episode_index,steps,mean_reward_drift,mean_reward_progress,mean_reward_intrusion,mean_reward_proximity,sum_reward_drift,sum_reward_progress,sum_reward_intrusion,sum_reward_proximity,total_intrusions,terminated_waypoint,truncated,finished_at
1,72,-0.0021197919699905057,0.0005200368172533506,0.0,0.0,-0.15262502183931642,0.03744265084224124,0.0,0.0,0,False,True,1762616107.6316955
2,99,-0.0008285442643526953,0.006471384263996982,0.0,-0.00730529962854033,-0.08202588217091683,0.6406670421357012,0.0,-0.7232246632254927,0,False,True,1762616114.0415027
3,400,-0.002199114567242075,-0.0007641245921909331,-0.015,-0.009881310943975251,-0.8796458268968301,-0.30564983687637326,-6.0,-3.9525243775901004,2,False,True,1762616296.514929
