episode_index,steps,mean_reward_drift,mean_reward_progress,mean_reward_intrusion,sum_reward_drift,sum_reward_progress,sum_reward_intrusion,finished_at
1,74,-0.1934816425411081,-0.006583716619226407,0.0,-14.317641548042001,-0.4871950298227541,0.0,1760947064.3984125
2,46,-0.18906875788635358,-0.004944883529115842,-0.06521739130434782,-8.697162862772265,-0.22746464233932873,-3.0,1760947066.1034331
3,29,-0.12518369762007406,0.006334409328019408,0.0,-3.6303272309821475,0.1836978705125628,0.0,1760947066.857029
4,10,-0.12976078025766774,0.0074754542722603925,0.0,-1.2976078025766773,0.07475454272260393,0.0,1760947068.2001112
5,67,-0.11615993052968027,0.009134624321388748,-0.04477611940298507,-7.782715345488578,0.6120198295330461,-3.0,1760947136.435606
6,19,-0.08319845340977924,0.015046876129244283,-0.3157894736842105,-1.5807706147858056,0.2858906464556414,-6.0,1760947136.7470572
7,34,-0.15748201975565948,0.001124003468445522,0.0,-5.354388671692423,0.03821611792714774,0.0,1760947138.324424
8,69,-0.20588101885105012,-0.008380466448012233,-0.5217391304347826,-14.205790300722459,-0.578252184912844,-36.0,1760947139.630023
