episode_index,steps,mean_reward_drift,mean_reward_progress,mean_reward_intrusion,sum_reward_drift,sum_reward_progress,sum_reward_intrusion,finished_at
1,17,-0.18619244262927356,-0.00428932686482106,0.0,-3.1652715246976504,-0.07291855670195801,0.0,1760947063.6569865
2,62,-0.18634399527355067,-0.005227799102383483,-0.0967741935483871,-11.553327706960141,-0.3241235443477759,-6.0,1760947066.3338788
3,120,-0.15461225000048145,0.0009484870038718655,0.0,-18.553470000057775,0.11381844046462386,0.0,1760947068.032481
