episode_index,steps,mean_reward_drift,mean_reward_progress,mean_reward_intrusion,sum_reward_drift,sum_reward_progress,sum_reward_intrusion,total_intrusions,finished_at
1,32,-0.1907243969553189,0.0,0.0,-6.103180702570205,0.0,0.0,0,1761053491.1976788
2,10,-0.08597456276119783,0.0,0.0,-0.8597456276119783,0.0,0.0,0,1761053491.9416173
3,20,-0.21900046983754656,0.0,0.0,-4.380009396750931,0.0,0.0,0,1761053493.2864604
4,82,-0.15739035881070276,0.0,0.0,-12.906009422477627,0.0,0.0,0,1761053531.1846642
