episode_index,steps,mean_reward_drift,mean_reward_progress,mean_reward_intrusion,sum_reward_drift,sum_reward_progress,sum_reward_intrusion,total_intrusions,finished_at
1,24,-0.181095434347074,0.0,-0.16666666666666666,-4.346290424329776,0.0,-4.0,4,1761056923.0649738
2,16,-0.1018199736580509,0.0,0.0,-1.6291195785288144,0.0,0.0,0,1761056923.3986967
3,48,-0.1811795078410986,0.0,-0.020833333333333332,-8.696616376372733,0.0,-1.0,1,1761056924.694723
