episode_index,steps,mean_reward_drift,mean_reward_progress,mean_reward_intrusion,sum_reward_drift,sum_reward_progress,sum_reward_intrusion,total_intrusions,finished_at
1,15,-0.11033994949572805,0.0,0.0,-1.6550992424359208,0.0,0.0,0,1761056922.9426749
2,39,-0.21262114669912466,0.0,-0.02564102564102564,-8.292224721265862,0.0,-1.0,1,1761056923.76821
3,29,-0.17114230129019165,0.0,0.0,-4.963126737415558,0.0,0.0,0,1761056924.4156532
4,28,-0.18388856421135627,0.0,-0.03571428571428571,-5.148879797917975,0.0,-1.0,1,1761056925.2714033
5,27,-0.11087346274790913,0.0,-0.037037037037037035,-2.9935834941935466,0.0,-1.0,1,1761056925.838467
6,23,-0.10943008225857213,0.0,0.0,-2.516891891947159,0.0,0.0,0,1761056961.7995856
7,21,-0.08716175738661423,0.0,-0.09523809523809523,-1.8303969051188989,0.0,-2.0,2,1761056962.187753
8,49,-0.13856625650145996,0.0,-0.02040816326530612,-6.7897465685715375,0.0,-1.0,1,1761056963.1090622
9,41,-0.14758133031178539,0.0,0.0,-6.050834542783201,0.0,0.0,0,1761056963.8675206
