episode_index,steps,mean_reward_drift,mean_reward_progress,mean_reward_intrusion,mean_reward_path_efficiency,sum_reward_drift,sum_reward_progress,sum_reward_intrusion,sum_reward_path_efficiency,total_intrusions,terminated_waypoint,truncated,finished_at
1,48,-0.013313224902820683,-0.02135627479205865,0.0,0.0,-0.6390347953353928,-1.0251011900188152,0.0,0.0,0,False,True,1764321062.2757883
2,164,-0.011543964776114421,-0.015723340705781977,-1.0975609756097562,0.0,-1.8932102232827652,-2.578627875748244,-180.0,0.0,15,False,True,1764321096.6572974
3,161,-0.009053415868428078,-0.001420345876146519,-0.4472049689440994,0.0,-1.4575999548169205,-0.22867568605958954,-72.0,0.0,6,False,True,1764321165.177272
