episode_index,steps,mean_reward_drift,mean_reward_progress,mean_reward_intrusion,mean_reward_path_efficiency,sum_reward_drift,sum_reward_progress,sum_reward_intrusion,sum_reward_path_efficiency,total_intrusions,terminated_waypoint,truncated,finished_at
1,21,-0.008605277863111414,-0.0006519694089832239,0.0,0.0,-0.18071083512533967,-0.013691357588647701,0.0,0.0,0,False,True,1764321058.9526296
2,59,-0.011735138369786331,-0.016940881773046288,0.0,0.0,-0.6923731638173936,-0.9995120246097311,0.0,0.0,0,False,True,1764321084.1307955
3,63,-0.008461646643789152,0.003616840397851061,0.0,0.0,-0.5330837385587166,0.22786094506461685,0.0,0.0,0,False,True,1764321154.3673127
4,101,-0.00891820834621424,-0.0021246642105077923,-0.2376237623762376,0.0,-0.9007390429676383,-0.214591085261287,-24.0,0.0,2,False,True,1764321178.2661436
5,148,-0.007845625055462064,0.007843768795442118,0.0,0.0,-1.1611525082083853,1.1608777817254334,0.0,0.0,0,False,True,1764321211.9824388
