episode_index,steps,mean_reward_drift,mean_reward_progress,mean_reward_intrusion,mean_reward_path_efficiency,sum_reward_drift,sum_reward_progress,sum_reward_intrusion,sum_reward_path_efficiency,total_intrusions,terminated_waypoint,truncated,finished_at
1,116,-0.012218220312006464,-0.017448705056397548,0.0,0.0,-1.41731355619275,-2.0240497865421156,0.0,0.0,0,False,True,1764321070.2657897
2,120,-0.005444669779106571,0.062293139232657134,-0.9,0.0,-0.6533603734927885,7.475176707918856,-108.0,0.0,9,True,False,1764321091.5816422
3,116,-0.011573231098698018,-0.01771891455913057,-1.5517241379310345,0.0,-1.3424948074489702,-2.055394088859146,-180.0,0.0,15,False,True,1764321160.152843
4,46,-0.011530911351887408,-0.016625683488842146,-0.5217391304347826,0.0,-0.5304219221868207,-0.7647814404867387,-24.0,0.0,2,False,True,1764321171.3927608
5,19,-0.008699180934749624,0.0037244659299567008,-1.894736842105263,0.0,-0.16528443776024285,0.07076485266917731,-36.0,0.0,3,False,True,1764321195.2757494
