episode_index,steps,mean_reward_drift,mean_reward_progress,mean_reward_intrusion,mean_reward_path_efficiency,sum_reward_drift,sum_reward_progress,sum_reward_intrusion,sum_reward_path_efficiency,total_intrusions,terminated_waypoint,truncated,finished_at
1,100,-0.012662413463082032,-0.021584368080101324,-0.24,0.0,-1.2662413463082032,-2.1584368080101326,-24.0,0.0,2,False,True,1764321067.4556963
2,144,-0.009687238600434196,-0.0013438205203368486,-0.3333333333333333,0.0,-1.3949623584625241,-0.1935101549285062,-48.0,0.0,4,False,True,1764321094.3999333
3,61,-0.004970347713530129,0.02350334427318092,-0.5901639344262295,0.0,-0.3031912105253379,1.4337040006640362,-36.0,0.0,3,False,True,1764321117.4791658
4,10,-0.0016243677114063943,0.5236496275184015,0.0,0.0,-0.016243677114063944,5.236496275184015,0.0,0.0,0,True,False,1764321166.7123642
5,133,-0.0052403612026767354,0.024755591168196832,-1.5338345864661653,0.0,-0.6969680399560058,3.2924936253701786,-204.0,0.0,17,False,True,1764321210.0323503
