episode_index,steps,mean_reward_drift,mean_reward_progress,mean_reward_intrusion,mean_reward_path_efficiency,sum_reward_drift,sum_reward_progress,sum_reward_intrusion,sum_reward_path_efficiency,total_intrusions,terminated_waypoint,truncated,finished_at
1,149,-0.008244982501934913,0.00978606235495841,0.0,0.0,-1.228502392788302,1.458123290888803,0.0,0.0,0,False,True,1764321074.6505184
2,40,-0.006553390485776417,0.011649232141522048,0.0,0.0,-0.2621356194310567,0.4659692856608819,0.0,0.0,0,False,True,1764321082.164158
3,111,-0.011495538040821911,-0.013264236377006756,-2.918918918918919,0.0,-1.276004722531232,-1.4723302378477499,-324.0,0.0,27,False,True,1764321159.5483341
4,41,-0.011902549577551073,-0.008383827580826921,-0.2926829268292683,0.0,-0.488004532679594,-0.3437369308139038,-12.0,0.0,1,False,True,1764321170.6753185
5,128,-0.004565023299251861,0.0662623004576613,-1.3125,0.0,-0.5843229823042382,8.481574458580646,-168.0,0.0,14,True,False,1764321209.5944908
