episode_index,steps,mean_reward_drift,mean_reward_progress,mean_reward_intrusion,mean_reward_path_efficiency,sum_reward_drift,sum_reward_progress,sum_reward_intrusion,sum_reward_path_efficiency,total_intrusions,terminated_waypoint,truncated,finished_at
1,126,-0.012932128151995223,-0.021124190266412043,-0.6666666666666666,0.0,-1.6294481471513982,-2.6616479735679173,-84.0,0.0,7,False,True,1764321071.770172
2,10,-0.007582190987190952,0.006112577086696658,0.0,0.0,-0.07582190987190952,0.06112577086696658,0.0,0.0,0,False,True,1764321077.7750027
3,115,-0.009965330361539987,-0.00630189045370484,0.0,0.0,-1.1460129915770985,-0.7247174021760566,0.0,0.0,0,False,True,1764321160.1273706
4,57,-0.01170574615763101,-0.009473080347423193,0.0,0.0,-0.6672275309849676,-0.539965579803122,0.0,0.0,0,False,True,1764321172.6383793
5,46,-0.0052687563398442884,0.012634641518765198,0.0,0.0,-0.24236279163283725,0.5811935098631991,0.0,0.0,0,False,True,1764321198.591045
