episode_index,steps,mean_reward_drift,mean_reward_progress,mean_reward_intrusion,mean_reward_path_efficiency,sum_reward_drift,sum_reward_progress,sum_reward_intrusion,sum_reward_path_efficiency,total_intrusions,terminated_waypoint,truncated,finished_at
1,50,-0.0032084200210770403,0.03382478249549742,0.0,0.0,-0.160421001053852,1.6912391247748708,0.0,0.0,0,False,True,1764321062.5406945
2,145,-0.00974634582576968,-0.002720533019367846,-0.496551724137931,0.0,-1.4132201447366035,-0.3944772878083377,-72.0,0.0,6,False,True,1764321094.6810222
3,27,-0.0077446001752826,0.008644098658776722,0.0,0.0,-0.2091042047326302,0.2333906637869715,0.0,0.0,0,False,True,1764321113.218689
4,123,-0.0033497662008641796,0.07242488681941918,-0.0975609756097561,0.0,-0.4120212427062941,8.90826107878856,-12.0,0.0,1,True,True,1764321181.000488
5,22,-0.00752212342514971,0.008709424666335508,0.0,0.0,-0.16548671535329362,0.19160734265938117,0.0,0.0,0,False,True,1764321195.6309576
