episode_index,steps,mean_reward_drift,mean_reward_progress,mean_reward_intrusion,mean_reward_path_efficiency,sum_reward_drift,sum_reward_progress,sum_reward_intrusion,sum_reward_path_efficiency,total_intrusions,terminated_waypoint,truncated,finished_at
1,160,-0.007638850971433404,0.005484023072813342,-0.6,0.0,-1.2222161554293447,0.8774436916501348,-96.0,0.0,8,False,True,1764321075.9416337
2,20,-0.008527317277476418,0.003892518600365401,-4.2,0.0,-0.17054634554952836,0.07785037200730802,-84.0,0.0,7,False,True,1764321111.9548736
3,215,-0.007571576895613161,0.03316727383302951,0.0,0.0,-1.6278890325568296,7.1309638741013455,0.0,0.0,0,True,False,1764321192.6854553
