episode_index,steps,mean_reward_drift,mean_reward_progress,mean_reward_intrusion,mean_reward_path_efficiency,sum_reward_drift,sum_reward_progress,sum_reward_intrusion,sum_reward_path_efficiency,total_intrusions,terminated_waypoint,truncated,finished_at
1,66,-0.010921744616614519,-0.008321397085779298,-0.9090909090909091,0.0,-0.7208351446965582,-0.5492122076614336,-60.0,0.0,5,False,True,1764321064.018271
2,78,-0.005659183017985903,0.019601235922847578,-0.46153846153846156,0.0,-0.4414162754029004,1.5288964019821112,-36.0,0.0,3,False,True,1764321086.2958965
3,80,-0.01254256270278136,-0.020236673701969025,0.0,0.0,-1.0034050162225088,-1.618933896157522,0.0,0.0,0,False,True,1764321156.0970654
4,155,-0.009956597530075651,-0.009252485263517834,-0.3870967741935484,0.0,-1.543272617161726,-1.4341352158452643,-60.0,0.0,5,False,True,1764321185.2504795
5,37,-0.0037096645079396895,0.02307609816557183,0.0,0.0,-0.1372575867937685,0.8538156321261577,0.0,0.0,0,False,True,1764321197.4262507
