episode_index,steps,mean_reward_drift,mean_reward_progress,mean_reward_intrusion,mean_reward_path_efficiency,sum_reward_drift,sum_reward_progress,sum_reward_intrusion,sum_reward_path_efficiency,total_intrusions,terminated_waypoint,truncated,finished_at
1,60,-0.014488604069064711,-0.030234366814658815,0.0,0.0,-0.8693162441438826,-1.814062008879529,0.0,0.0,0,False,True,1764321063.4511223
2,51,-0.005883766339702421,0.02229520045799662,-0.7058823529411765,0.0,-0.3000720833248235,1.1370552233578277,-36.0,0.0,3,False,True,1764321083.1626341
3,111,-0.004048362886621712,0.023399095738565877,-1.1891891891891893,0.0,-0.44936828041501,2.597299626980812,-132.0,0.0,11,False,True,1764321159.5483341
4,67,-0.005534623404249102,0.01668782768305491,0.0,0.0,-0.3708197680846898,1.1180844547646789,0.0,0.0,0,False,True,1764321174.3302999
5,26,-0.010005025036620065,-0.0041229620181606015,0.0,0.0,-0.2601306509521217,-0.10719701247217564,0.0,0.0,0,False,True,1764321196.2393365
