episode_index,steps,mean_reward_drift,mean_reward_progress,mean_reward_intrusion,mean_reward_path_efficiency,sum_reward_drift,sum_reward_progress,sum_reward_intrusion,sum_reward_path_efficiency,total_intrusions,terminated_waypoint,truncated,finished_at
1,136,-0.010174755712658738,-0.005391943165634128,-1.2352941176470589,0.0,-1.3837667769215884,-0.7333042705262414,-168.0,0.0,14,False,True,1764321072.917328
2,265,-0.008529070168649755,0.008690072245876274,-0.22641509433962265,0.0,-2.260203594692185,2.3028691451572127,-60.0,0.0,5,False,True,1764321108.4135764
3,102,-0.0037877305930242773,0.07495026493205312,-0.23529411764705882,0.0,-0.3863485204884763,7.6449270230694175,-24.0,0.0,2,True,False,1764321158.5943308
4,64,-0.008586919034575655,0.002545141265673413,0.0,0.0,-0.5495628182128419,0.16288904100309842,0.0,0.0,0,False,True,1764321173.9238265
5,57,-0.005079518718588598,0.021883408830128636,0.0,0.0,-0.2895325669595501,1.2473543033173322,0.0,0.0,0,False,True,1764321200.1156993
