episode_index,steps,mean_reward_drift,mean_reward_progress,mean_reward_intrusion,mean_reward_path_efficiency,mean_reward_boundary,mean_reward_step,mean_reward_proximity,sum_reward_drift,sum_reward_progress,sum_reward_intrusion,sum_reward_path_efficiency,sum_reward_boundary,sum_reward_step,sum_reward_proximity,total_intrusions,terminated_waypoint,terminated_collision,truncated,finished_at
1,34,-0.0021381599314826347,0.07090334963156157,0.0,0.0,0.0,-0.005000000000000002,0.03482981766428948,-0.07269743767040958,2.4107138874730936,0.0,0.0,0.0,-0.17000000000000007,1.1842138005858422,0,True,False,False,1764586779.1651297
2,111,-0.004367817225018557,0.0005421007919775915,0.0,0.0,-0.018018018018018018,-0.005000000000000004,0.009248747737964944,-0.48482771197705987,0.06017318790951265,0.0,0.0,-2.0,-0.5550000000000004,1.0266109989141088,0,False,False,True,1764586786.6629534
