episode_index,steps,mean_reward_drift,mean_reward_progress,mean_reward_intrusion,mean_reward_proximity,sum_reward_drift,sum_reward_progress,sum_reward_intrusion,sum_reward_proximity,total_intrusions,terminated_waypoint,truncated,finished_at
1,20,-0.002170819115313094,-0.0003544752980553012,0.0,0.0,-0.04341638230626189,-0.007089505961106024,0.0,0.0,0,False,True,1762851832.1195877
2,39,-0.003332592789775437,-0.005061061398768818,-0.07692307692307693,-0.07537912467533091,-0.12997111880124204,-0.1973813945519839,-3.0,-2.9397858623379056,1,False,True,1762851857.5412812
3,172,-0.003113307143618728,-0.004115672922483456,0.0,-0.008743155229341099,-0.5354888287024212,-0.7078957426671544,0.0,-1.503822699446669,0,False,True,1762851958.9062355
