episode_index,steps,mean_reward_drift,mean_reward_progress,mean_reward_intrusion,mean_reward_proximity,sum_reward_drift,sum_reward_progress,sum_reward_intrusion,sum_reward_proximity,total_intrusions,terminated_waypoint,truncated,finished_at
1,115,-0.0025853779220400947,-0.0012971839699699105,0.0,0.0,-0.2973184610346109,-0.1491761565465397,0.0,0.0,0,False,True,1762851834.8131752
2,76,-0.00232195228833822,0.00022581636757067276,0.0,0.0,-0.1764683739137047,0.01716204393537113,0.0,0.0,0,False,True,1762851864.3196805
3,156,-0.0035311834664344534,-0.005665833614506005,-0.019230769230769232,-0.015106738684919812,-0.5508646207637747,-0.8838700438629367,-3.0,-2.3566512348474906,1,False,True,1762851955.998632
4,224,-0.002509547793713265,-0.0007147030232465526,-0.013392857142857142,-0.012076633545677682,-0.5621387057917713,-0.16009347720722777,-3.0,-2.7051659142318005,1,False,True,1762852107.9721224
