episode_index,steps,mean_reward_drift,mean_reward_progress,mean_reward_intrusion,mean_reward_path_efficiency,mean_reward_boundary,mean_reward_step,mean_reward_proximity,sum_reward_drift,sum_reward_progress,sum_reward_intrusion,sum_reward_path_efficiency,sum_reward_boundary,sum_reward_step,sum_reward_proximity,total_intrusions,terminated_waypoint,terminated_collision,truncated,finished_at
1,12,-0.004204967207132398,0.0022398195134730368,-1.25,0.0,0.0,-0.004999999999999999,0.21395954259393513,-0.05045960648558877,0.02687783416167644,-15.0,0.0,0.0,-0.05999999999999999,2.5675145111272215,1,False,True,False,1764700201.0966308
2,35,-0.0023179894427826555,0.008367959520715087,0.0,0.0,0.0,-0.005000000000000002,0.16110749014938405,-0.08112963049739294,0.292878583225028,0.0,0.0,0.0,-0.17500000000000007,5.6387621552284415,0,False,True,False,1764700213.011347
3,113,-0.006555757226072421,-0.005860734937591272,-0.26548672566371684,0.0,-0.017699115044247787,-0.005000000000000004,0.15122743745543538,-0.7408005665461835,-0.6622630479478138,-30.0,0.0,-2.0,-0.5650000000000004,17.088700432464197,2,False,False,True,1764700225.0263689
4,8,-0.0018899325638921482,0.008356161708414925,-1.875,0.0,0.0,-0.005,0.30135259980133894,-0.015119460511137186,0.0668492936673194,-15.0,0.0,0.0,-0.04,2.4108207984107115,1,False,True,False,1764700238.4583008
5,70,-0.004305442987393416,0.002000925593964982,0.0,0.0,-0.02857142857142857,-0.005000000000000003,0.0,-0.3013810091175391,0.14006479157754875,0.0,0.0,-2.0,-0.3500000000000002,0.0,0,False,False,True,1764700302.6068676
