episode_index,steps,mean_reward_drift,mean_reward_progress,mean_reward_intrusion,mean_reward_path_efficiency,mean_reward_boundary,mean_reward_step,mean_reward_proximity,sum_reward_drift,sum_reward_progress,sum_reward_intrusion,sum_reward_path_efficiency,sum_reward_boundary,sum_reward_step,sum_reward_proximity,total_intrusions,terminated_waypoint,terminated_collision,truncated,finished_at
1,18,-0.003570456425596727,0.003682580105853773,0.0,0.0,0.0,-0.005000000000000001,0.10471183179282915,-0.06426821566074109,0.06628644190536792,0.0,0.0,0.0,-0.09000000000000001,1.8848129722709248,0,False,True,False,1764700201.5971863
2,27,-0.003930225379199705,0.002350206146694065,-1.6666666666666667,0.0,0.0,-0.005000000000000001,0.10713638283066705,-0.10611608523839204,0.06345556596073976,-45.0,0.0,0.0,-0.13500000000000004,2.8926823364280105,3,False,True,False,1764700212.5422215
3,40,-0.002400281392828342,0.00859297424489901,0.0,0.0,0.0,-0.005000000000000003,0.04654806170180313,-0.09601125571313368,0.3437189697959604,0.0,0.0,0.0,-0.2000000000000001,1.8619224680721254,0,False,True,False,1764700220.927791
4,22,-0.0013786913804831687,0.006903122427919703,-0.6818181818181818,0.0,0.0,-0.005000000000000001,0.20193034909204705,-0.03033121037062971,0.15186869341423348,-15.0,0.0,0.0,-0.11000000000000003,4.442467680025035,1,False,True,False,1764700240.0513375
5,49,-0.00404928150983508,0.0015356352056679567,-0.30612244897959184,0.0,0.0,-0.005000000000000003,0.22271407986881295,-0.19841479398191889,0.07524612507772988,-15.0,0.0,0.0,-0.24500000000000013,10.912989913571835,1,False,True,False,1764700298.9481692
