episode_index,steps,mean_reward_drift,mean_reward_progress,mean_reward_intrusion,mean_reward_path_efficiency,mean_reward_boundary,mean_reward_step,mean_reward_proximity,sum_reward_drift,sum_reward_progress,sum_reward_intrusion,sum_reward_path_efficiency,sum_reward_boundary,sum_reward_step,sum_reward_proximity,total_intrusions,terminated_waypoint,terminated_collision,truncated,finished_at
1,33,-0.0030119377789796023,0.005794251679200874,-3.1818181818181817,0.0,-0.06060606060606061,-0.005000000000000002,0.5408811402699106,-0.09939394670632687,0.19121030541362882,-105.0,0.0,-2.0,-0.16500000000000006,17.84907762890705,7,False,False,True,1764700202.8083508
2,31,-0.004703176040788766,0.0011251017649438907,-0.4838709677419355,0.0,0.0,-0.005000000000000002,0.14729225713552957,-0.14579845726445176,0.03487815471326061,-15.0,0.0,0.0,-0.15500000000000005,4.566059971201416,1,False,True,False,1764700212.8314579
3,26,-0.0021897774127972312,0.00993568954811911,-0.5769230769230769,0.0,0.0,-0.005000000000000001,0.15363670888310815,-0.05693421273272801,0.25832792825109685,-15.0,0.0,0.0,-0.13000000000000003,3.9945544309608123,1,False,True,False,1764700220.0107968
4,22,-0.005866398170244524,-0.00407545834623215,0.0,0.0,0.0,-0.005000000000000001,0.20167729742238177,-0.12906075974537953,-0.08966008361710731,0.0,0.0,0.0,-0.11000000000000003,4.436900543292399,0,False,True,False,1764700240.0513375
5,29,-0.003396472932339246,0.003109304028960564,0.0,0.0,0.0,-0.005000000000000002,0.14284189129336242,-0.09849771503783813,0.09016981683985636,0.0,0.0,0.0,-0.14500000000000005,4.14241484750751,0,False,True,False,1764700295.738583
