episode_index,steps,mean_reward_drift,mean_reward_progress,mean_reward_intrusion,mean_reward_path_efficiency,mean_reward_boundary,mean_reward_step,mean_reward_proximity,sum_reward_drift,sum_reward_progress,sum_reward_intrusion,sum_reward_path_efficiency,sum_reward_boundary,sum_reward_step,sum_reward_proximity,total_intrusions,terminated_waypoint,terminated_collision,truncated,finished_at
1,18,-0.001454765084986046,0.006088381330255614,0.0,0.0,0.0,-0.005000000000000001,0.10471183179282915,-0.026185771529748828,0.10959086394460105,0.0,0.0,0.0,-0.09000000000000001,1.8848129722709248,0,False,True,False,1764700201.5971863
2,17,-0.0006435920189118697,0.13197699937024907,0.0,0.0,0.0,-0.005,0.0,-0.010941064321501786,2.243608989294234,0.0,0.0,0.0,-0.085,0.0,0,True,False,False,1764700211.9135861
3,225,-0.004982191923198116,-0.0021025778098166764,-1.8,0.0,-0.008888888888888889,-0.004999999999999991,0.154354317158864,-1.120993182719576,-0.4730800072087522,-405.0,0.0,-2.0,-1.124999999999998,34.7297213607444,27,False,False,True,1764700231.841676
4,8,-0.002539101066000415,0.0065773919327549585,-1.875,0.0,0.0,-0.005,0.38999940433228997,-0.02031280852800332,0.05261913546203967,-15.0,0.0,0.0,-0.04,3.1199952346583197,1,False,True,False,1764700238.4583008
5,75,-0.0040024920053495444,0.0019361291518214523,0.0,0.0,-0.02666666666666667,-0.005000000000000003,0.0,-0.3001869004012158,0.14520968638660892,0.0,0.0,-2.0,-0.3750000000000002,0.0,0,False,False,True,1764700303.08335
