episode_index,steps,mean_reward_drift,mean_reward_progress,mean_reward_intrusion,mean_reward_path_efficiency,mean_reward_boundary,mean_reward_step,mean_reward_proximity,sum_reward_drift,sum_reward_progress,sum_reward_intrusion,sum_reward_path_efficiency,sum_reward_boundary,sum_reward_step,sum_reward_proximity,total_intrusions,terminated_waypoint,terminated_collision,truncated,finished_at
1,19,-0.0027902316235565816,0.0050805570788985425,-0.7894736842105263,0.0,0.0,-0.005000000000000001,0.07836115464965637,-0.05301440084757505,0.09653058449907231,-15.0,0.0,0.0,-0.09500000000000001,1.4888619383434711,1,False,True,False,1764700201.6506653
2,4,-0.000581197542158647,0.009369827865484626,-3.75,0.0,0.0,-0.005,0.4809692117247373,-0.002324790168634588,0.0374793114619385,-15.0,0.0,0.0,-0.02,1.9238768468989491,1,False,True,False,1764700211.041872
3,77,-0.005598869796067458,-0.004262579091011697,0.0,0.0,-0.025974025974025976,-0.005000000000000003,0.17276273000964842,-0.43111297429719425,-0.32821859000790066,0.0,0.0,-2.0,-0.38500000000000023,13.30273021074293,0,False,False,True,1764700222.776314
4,12,-0.0025979973407569664,0.006672959299826572,0.0,0.0,-0.16666666666666666,-0.004999999999999999,0.0,-0.031175968089083596,0.08007551159791887,0.0,0.0,-2.0,-0.05999999999999999,0.0,0,False,False,True,1764700238.8589556
5,184,-0.004409130787748343,0.0006634938874025789,-0.08152173913043478,0.0,0.0,-0.005000000000000004,0.043893498494840914,-0.811280064945695,0.12208287528207451,-15.0,0.0,0.0,-0.9200000000000007,8.076403723050728,1,False,True,False,1764700317.9013975
