episode_index,steps,mean_reward_drift,mean_reward_progress,mean_reward_intrusion,mean_reward_path_efficiency,mean_reward_boundary,mean_reward_step,mean_reward_proximity,sum_reward_drift,sum_reward_progress,sum_reward_intrusion,sum_reward_path_efficiency,sum_reward_boundary,sum_reward_step,sum_reward_proximity,total_intrusions,terminated_waypoint,terminated_collision,truncated,finished_at
1,67,-0.004306692701384041,-0.0003613210657924659,-2.014925373134328,0.0,0.0,-0.005000000000000003,0.16500666394433103,-0.28854841099273076,-0.024208511408095212,-135.0,0.0,0.0,-0.3350000000000002,11.05544648427018,9,False,True,False,1764700204.6349878
2,31,-0.004123677896497674,0.001869654637399001,0.0,0.0,-0.06451612903225806,-0.005000000000000002,0.0,-0.1278340147914279,0.057959293759369035,0.0,0.0,-2.0,-0.15500000000000005,0.0,0,False,False,True,1764700212.8314579
3,3,-0.0002427228516363335,0.009248118026285002,-5.0,0.0,0.0,-0.005,0.787427462259481,-0.0007281685549090004,0.027744354078855005,-15.0,0.0,0.0,-0.015,2.362282386778443,1,False,True,False,1764700218.4668698
4,400,-0.005569689937962207,-0.00111321630799553,0.0,0.0,0.0,-0.004999999999999948,0.030577962975312453,-2.2278759751848827,-0.44528652319821194,0.0,0.0,0.0,-1.9999999999999793,12.23118519012498,0,False,False,True,1764700291.0813992
