episode_index,steps,mean_reward_drift,mean_reward_progress,mean_reward_intrusion,mean_reward_path_efficiency,mean_reward_boundary,mean_reward_step,mean_reward_proximity,sum_reward_drift,sum_reward_progress,sum_reward_intrusion,sum_reward_path_efficiency,sum_reward_boundary,sum_reward_step,sum_reward_proximity,total_intrusions,terminated_waypoint,terminated_collision,truncated,finished_at
1,112,-0.004696092089870513,-0.0010879156953829663,0.0,0.0,-0.017857142857142856,-0.005000000000000004,0.06806261355269196,-0.5259623140654974,-0.12184655788289223,0.0,0.0,-2.0,-0.5600000000000004,7.623012717901499,0,False,False,True,1764700206.812061
2,67,-0.0020922944659841638,0.006984672254474391,-0.22388059701492538,0.0,0.0,-0.005000000000000003,0.01916435838446949,-0.14018372922093897,0.4679730410497842,-15.0,0.0,0.0,-0.3350000000000002,1.2840120117594558,1,False,True,False,1764700215.2694414
3,17,-0.0018871763546211109,0.008790353406341444,-0.8823529411764706,0.0,0.0,-0.005,0.11633000017382633,-0.032081998028558885,0.14943600790780454,-15.0,0.0,0.0,-0.085,1.9776100029550476,1,False,True,False,1764700219.4857695
4,8,-0.0009131795703409274,0.011665832875581539,-1.875,0.0,0.0,-0.005,0.3006567077097595,-0.00730543656272742,0.09332666300465231,-15.0,0.0,0.0,-0.04,2.405253661678076,1,False,True,False,1764700238.4583008
5,8,-0.0011859419175873891,0.009351863684496364,-1.875,0.0,0.0,-0.005,0.2476977234369154,-0.009487535340699113,0.07481490947597091,-15.0,0.0,0.0,-0.04,1.9815817874953232,1,False,True,False,1764700292.6051598
