episode_index,steps,mean_reward_drift,mean_reward_progress,mean_reward_intrusion,mean_reward_path_efficiency,mean_reward_boundary,mean_reward_step,mean_reward_proximity,sum_reward_drift,sum_reward_progress,sum_reward_intrusion,sum_reward_path_efficiency,sum_reward_boundary,sum_reward_step,sum_reward_proximity,total_intrusions,terminated_waypoint,terminated_collision,truncated,finished_at
1,3,-0.002952897076552757,0.00517613465633467,-5.0,0.0,0.0,-0.005,0.5926850738887849,-0.008858691229658272,0.015528403969004012,-15.0,0.0,0.0,-0.015,1.7780552216663548,1,False,True,False,1764700200.139033
2,83,-0.00257530568125016,0.00724968668169907,-1.9879518072289157,0.0,-0.024096385542168676,-0.005000000000000003,0.28357359723891845,-0.21375037154376328,0.6017239945810228,-165.0,0.0,-2.0,-0.41500000000000026,23.536608570830232,11,False,False,True,1764700216.405033
3,24,-0.006808200152428538,-0.009837714595289204,0.0,0.0,-0.08333333333333333,-0.005000000000000002,0.0,-0.1633968036582849,-0.2361051502869409,0.0,0.0,-2.0,-0.12000000000000004,0.0,0,False,False,True,1764700219.958635
4,34,-0.0015636174507172728,0.009153441340573446,-6.176470588235294,0.0,0.0,-0.005000000000000002,0.8260647880474545,-0.05316299332438727,0.31121700557949716,-210.0,0.0,0.0,-0.17000000000000007,28.086202793613456,14,False,True,False,1764700241.8223052
5,174,-0.0046603102706343266,0.00012615194860902048,0.0,0.0,0.0,-0.005000000000000004,0.13525028569415518,-0.8108939870903727,0.021950439057969562,0.0,0.0,0.0,-0.8700000000000007,23.533549710783003,0,False,True,False,1764700316.407792
