episode_index,steps,mean_reward_drift,mean_reward_progress,mean_reward_intrusion,mean_reward_path_efficiency,mean_reward_boundary,mean_reward_step,mean_reward_proximity,sum_reward_drift,sum_reward_progress,sum_reward_intrusion,sum_reward_path_efficiency,sum_reward_boundary,sum_reward_step,sum_reward_proximity,total_intrusions,terminated_waypoint,terminated_collision,truncated,finished_at
1,10,-0.0009203859696858936,0.010075661022150328,-1.5,0.0,0.0,-0.004999999999999999,0.14788759805370336,-0.009203859696858935,0.10075661022150328,-15.0,0.0,0.0,-0.049999999999999996,1.4788759805370335,1,False,True,False,1764700200.88718
2,35,-0.002638243061882728,0.009985982146170195,0.0,0.0,0.0,-0.005000000000000002,0.10118030482895535,-0.09233850716589548,0.3495093751159568,0.0,0.0,0.0,-0.17500000000000007,3.5413106690134373,0,False,True,False,1764700213.011347
3,17,-0.003740739249902759,0.003988187788743778,0.0,0.0,-0.11764705882352941,-0.005,0.0,-0.0635925672483469,0.06779919240864424,0.0,0.0,-2.0,-0.085,0.0,0,False,False,True,1764700219.4857695
4,5,-0.001872939666403714,0.0057116567097560186,0.0,0.0,0.0,-0.005,0.41298464580628325,-0.00936469833201857,0.028558283548780095,0.0,0.0,0.0,-0.025,2.0649232290314163,0,False,True,False,1764700238.0698195
5,29,-0.003069725240207721,0.0032005310174704742,-0.5172413793103449,0.0,0.0,-0.005000000000000002,0.1428460334676817,-0.08902203196602392,0.09281539950664375,-15.0,0.0,0.0,-0.14500000000000005,4.142534970562769,1,False,True,False,1764700295.7375743
