episode_index,steps,mean_reward_drift,mean_reward_progress,mean_reward_intrusion,mean_reward_path_efficiency,mean_reward_boundary,mean_reward_step,mean_reward_proximity,sum_reward_drift,sum_reward_progress,sum_reward_intrusion,sum_reward_path_efficiency,sum_reward_boundary,sum_reward_step,sum_reward_proximity,total_intrusions,terminated_waypoint,terminated_collision,truncated,finished_at
1,7,-0.0019138956981443699,0.005575633886678969,-2.142857142857143,0.0,0.0,-0.005,0.395071675290562,-0.01339726988701059,0.03902943720675278,-15.0,0.0,0.0,-0.035,2.765501727033934,1,False,True,False,1764700200.5654957
2,49,-0.005535992671460806,-0.0007452229167360182,-0.30612244897959184,0.0,0.0,-0.005000000000000003,0.13520325817128714,-0.2712636409015795,-0.03651592292006489,-15.0,0.0,0.0,-0.24500000000000013,6.62495965039307,1,False,True,False,1764700213.9477856
3,33,-0.004073814106111733,0.0024050587294121707,-9.090909090909092,0.0,0.0,-0.005000000000000002,0.5081881971622383,-0.1344358655016872,0.07936693807060163,-300.0,0.0,0.0,-0.16500000000000006,16.770210506353862,20,False,True,False,1764700220.462697
4,4,-0.0005255533186422423,0.01262241942009007,-3.75,0.0,0.0,-0.005,0.6462943653924438,-0.002102213274568969,0.05048967768036028,-15.0,0.0,0.0,-0.02,2.585177461569775,1,False,True,False,1764700237.7199192
5,146,-0.004547849263863473,0.0006875692456949414,0.0,0.0,-0.0136986301369863,-0.005000000000000004,0.0,-0.6639859925240671,0.10038510987146143,0.0,0.0,-2.0,-0.7300000000000005,0.0,0,False,False,True,1764700312.7948303
