episode_index,steps,mean_reward_drift,mean_reward_progress,mean_reward_intrusion,mean_reward_path_efficiency,mean_reward_boundary,mean_reward_step,mean_reward_proximity,sum_reward_drift,sum_reward_progress,sum_reward_intrusion,sum_reward_path_efficiency,sum_reward_boundary,sum_reward_step,sum_reward_proximity,total_intrusions,terminated_waypoint,terminated_collision,truncated,finished_at
1,71,-0.0016685822153026436,0.01321591698308169,0.0,0.0,-0.028169014084507043,-0.005000000000000003,0.009268182525023459,-0.11846933728648769,0.9383301057987999,0.0,0.0,-2.0,-0.3550000000000002,0.6580409592766655,0,False,False,True,1764700204.8492527
2,32,-0.0066944843881850185,-0.009455323070026944,0.0,0.0,-0.0625,-0.005000000000000002,0.0,-0.2142235004219206,-0.3025703382408622,0.0,0.0,-2.0,-0.16000000000000006,0.0,0,False,False,True,1764700212.8584764
3,26,-0.003935681089018752,0.004658285752352814,-0.5769230769230769,0.0,0.0,-0.005000000000000001,0.13128386866414218,-0.10232770831448756,0.12111542956117316,-15.0,0.0,0.0,-0.13000000000000003,3.4133805852676966,1,False,True,False,1764700220.0107968
4,222,-0.004877803232995116,0.0003070857172466332,-0.13513513513513514,0.0,-0.009009009009009009,-0.004999999999999992,0.09245401122940393,-1.0828723177249158,0.06817302922875257,-30.0,0.0,-2.0,-1.1099999999999983,20.52479049292767,2,False,False,True,1764700266.699625
5,49,-0.004883452396396283,0.0006919152274015203,-0.30612244897959184,0.0,0.0,-0.005000000000000003,0.22271407986881295,-0.23928916742341788,0.0339038461426745,-15.0,0.0,0.0,-0.24500000000000013,10.912989913571835,1,False,True,False,1764700298.946169
