episode_index,steps,mean_reward_drift,mean_reward_progress,mean_reward_intrusion,sum_reward_drift,sum_reward_progress,sum_reward_intrusion,total_intrusions,finished_at
1,120,-0.1497030749210844,0.0,0.0,-17.964368990530126,0.0,0.0,0,1761054786.0033514
2,45,-0.19343888261868003,0.0,0.0,-8.7047497178406,0.0,0.0,0,1761054786.7167542
3,14,-0.16481845112033772,0.0,0.0,-2.307458315684728,0.0,0.0,0,1761054787.131453
4,6,-0.0672484501519763,0.16666666666666666,0.0,-0.4034907009118578,1.0,0.0,0,1761054822.7657676
5,80,-0.18172316837461513,0.0,0.0,-14.53785346996921,0.0,0.0,0,1761054824.535029
