episode_index,steps,mean_reward_drift,mean_reward_progress,mean_reward_intrusion,sum_reward_drift,sum_reward_progress,sum_reward_intrusion,total_intrusions,finished_at
1,35,-0.08650586086152677,0.0,0.0,-3.027705130153437,0.0,0.0,0,1761054784.9513903
2,21,-0.14982550501624584,0.0,0.0,-3.1463356053411626,0.0,0.0,0,1761054786.361674
3,54,-0.19305327070973283,0.0,0.0,-10.424876618325573,0.0,0.0,0,1761054822.5782208
4,35,-0.19481719919197196,0.0,0.0,-6.818601971719019,0.0,0.0,0,1761054823.2228763
