episode_index,steps,mean_reward_drift,mean_reward_progress,mean_reward_intrusion,sum_reward_drift,sum_reward_progress,sum_reward_intrusion,finished_at
1,41,-0.18739477182953376,-0.004704881196887225,0.0,-7.683185645010884,-0.1929001290723762,0.0,1760947064.0017152
2,49,-0.19082995953267887,-0.004976383484975636,0.0,-9.350668017101265,-0.24384279076380616,0.0,1760947064.763859
3,6,-0.0948365968706439,0.013516584157582279,0.0,-0.5690195812238634,0.08109950494549367,0.0,1760947064.9015083
4,26,-0.14199208691422696,0.002730839381090691,0.0,-3.691794259769901,0.07100182390835796,0.0,1760947065.9012923
5,13,-0.14439057657682086,0.0025591311041727694,0.0,-1.877077495498671,0.033268704354246004,0.0,1760947066.1938622
6,48,-0.1497316209023347,0.002253174821173508,0.0,-7.187117803312065,0.10815239141632838,0.0,1760947068.033482
