episode_index,steps,mean_reward_drift,mean_reward_progress,mean_reward_intrusion,sum_reward_drift,sum_reward_progress,sum_reward_intrusion,finished_at
1,15,-0.10917259550005634,0.010813690167757831,0.0,-1.637588932500845,0.16220535251636747,0.0,1760947063.626991
2,25,-0.15535058443419175,0.0012724098407931317,0.0,-3.8837646108547936,0.03181024601982829,0.0,1760947064.44549
3,44,-0.15927945588718181,-0.00023110920988529934,0.0,-7.008296059036,-0.010168805234953171,0.0,1760947065.4216356
4,22,-0.13587805483436416,0.004112513944970773,0.0,-2.9893172063560116,0.090475306789357,0.0,1760947065.8368845
5,99,-0.1439722498442307,0.002885479481270685,0.0,-14.25325273457884,0.2856624686457978,0.0,1760947067.3458493
