episode_index,steps,mean_reward_drift,mean_reward_progress,mean_reward_intrusion,sum_reward_drift,sum_reward_progress,sum_reward_intrusion,finished_at
1,33,-0.10651070666078696,0.010030402959656346,-0.18181818181818182,-3.5148533198059697,0.33100329766865944,-6.0,1760947063.8895586
2,6,-0.10976765570178894,0.012940900882324831,0.0,-0.6586059342107337,0.07764540529394899,0.0,1760947064.1802268
3,29,-0.12155713960734227,0.00763233113563385,-0.20689655172413793,-3.525157048612926,0.22133760293338164,-6.0,1760947065.2423823
4,11,-0.16446054881496971,0.0010535260430073164,0.0,-1.8090660369646667,0.011588786473080481,0.0,1760947065.6833193
5,20,-0.11643926464450852,0.008329088208071595,0.0,-2.3287852928901702,0.1665817641614319,0.0,1760947066.2859678
6,32,-0.18864476346788803,-0.005600989297758272,0.0,-6.036632430972417,-0.1792316575282647,0.0,1760947067.8312674
7,82,-0.16052152511103246,-0.00019868953539922956,0.0,-13.162765059104661,-0.016292541902736823,0.0,1760947069.2849262
8,3,-0.1261039803577799,0.016690692589367374,0.0,-0.3783119410733397,0.05007207776810212,0.0,1760947069.366276
9,141,-0.15416551412261056,0.0006278657313565424,0.0,-21.737337491288088,0.08852906812127248,0.0,1760947138.2828023
