episode_index,steps,mean_reward_drift,mean_reward_progress,mean_reward_intrusion,mean_reward_proximity,sum_reward_drift,sum_reward_progress,sum_reward_intrusion,sum_reward_proximity,total_intrusions,finished_at
1,41,-0.012501625964367082,0.0387539528240149,0.0,0.0,-0.5125666645390503,1.588912065784611,0.0,0.0,0,1761290467.018304
2,30,-0.02169454790867139,0.042370389732349724,0.0,0.0,-0.6508364372601417,1.2711116919704917,0.0,0.0,0,1761290467.9054456
3,104,-0.04617112611069023,-0.007418644194165844,-0.11538461538461539,-0.005318227688238702,-4.801797115511784,-0.7715389961932478,-12.0,-0.553095679576825,2,1761290469.116984
4,282,-0.03119663691768485,0.000858072518923504,-0.574468085106383,-0.0242643073316829,-8.797451610787128,0.24197645033642812,-162.0,-6.8425346675345775,27,1761290470.8925145
5,113,-0.018070190775907363,0.009598680646016225,0.0,-0.009085851830792338,-2.041931557677532,1.0846509129998334,0.0,-1.0267012568795342,0,1761290471.7926157
6,220,-0.020706413712698896,0.007028412341035475,0.0,0.0,-4.555411016793757,1.5462507150278046,0.0,0.0,0,1761290473.3574414
7,41,-0.012807919529373438,0.014389579470848072,-1.4634146341463414,-0.1512560579219349,-0.5251247007043109,0.5899727583047709,-60.0,-6.20149837479933,10,1761290473.7051184
8,48,-0.014443536730440541,0.013269480540370769,0.0,0.0,-0.693289763061146,0.6369350659377969,0.0,0.0,0,1761290474.47746
9,171,-0.04317645561685791,-0.008197911308825936,0.0,0.0,-7.383173910482702,-1.401842833809235,0.0,0.0,0,1761290476.4740474
