episode_index,steps,mean_reward_drift,mean_reward_progress,mean_reward_intrusion,mean_reward_proximity,sum_reward_drift,sum_reward_progress,sum_reward_intrusion,sum_reward_proximity,total_intrusions,finished_at
1,77,-0.029145006428908243,0.0023100514759366183,0.0,0.0,-2.2441654950259347,0.1778739636471196,0.0,0.0,0,1761290467.2789135
2,107,-0.02600400738742237,0.004319806596790553,0.0,0.0,-2.7824287904541936,0.4622193058565892,0.0,0.0,0,1761290468.33796
3,15,-0.01664601441153481,0.014062565372432948,-0.8,-0.03687304530512167,-0.24969021617302214,0.21093848058649423,-12.0,-0.553095679576825,2,1761290468.583279
4,234,-0.025277871321704528,0.005313207934770665,-0.6923076923076923,-0.031294594526721356,-5.91502188927886,1.2432906567363355,-162.0,-7.322935119252797,27,1761290470.6913574
5,190,-0.03086326472046021,0.00043561649063087636,0.0,-0.00024865160299465596,-5.86402029688744,0.0827671332198665,0.0,-0.04724380456898463,0,1761290472.0378864
6,81,-0.02912455480764261,0.0019040294018288389,0.0,0.0,-2.3590889394190513,0.15422638154813595,0.0,0.0,0,1761290472.7117236
7,84,-0.02676980494734498,0.002980184612200007,-0.5,-0.036034585587160606,-2.2486636155769784,0.2503355074248006,-42.0,-3.026905189321491,7,1761290473.975111
8,241,-0.03720300094028353,-0.002819240620753546,0.0,0.0,-8.96592322660833,-0.6794369896016046,0.0,0.0,0,1761290475.3192053
