episode_index,steps,mean_reward_drift,mean_reward_progress,mean_reward_intrusion,mean_reward_proximity,sum_reward_drift,sum_reward_progress,sum_reward_intrusion,sum_reward_proximity,total_intrusions,finished_at
1,133,-0.029354854547323634,0.0023912106643350444,0.0,0.0,-3.9041956547940435,0.3180310183565609,0.0,0.0,0,1761290467.6203072
2,36,-0.012875499670580506,0.015024032774816318,0.0,0.0,-0.46351798814089823,0.5408651798933874,0.0,0.0,0,1761290467.946117
3,9,-0.008359485382952524,0.0216951450032233,0.0,0.0,-0.0752353684465727,0.1952563050290097,0.0,0.0,0,1761290468.541186
4,74,-0.01768094405489741,0.010089771313133777,0.0,0.0,-1.3083898600624084,0.7466430771718995,0.0,0.0,0,1761290469.8000886
5,177,-0.02740096404300728,0.00301895360429172,0.0,-0.02633913903395943,-4.849970635612289,0.5343547879596344,0.0,-4.662027609010819,0,1761290472.008693
6,35,-0.03536561712405133,-0.001862041777748158,0.0,0.0,-1.2377965993417965,-0.06517146222118553,0.0,0.0,0,1761290472.4347298
7,112,-0.027419184509518017,0.003384925472495955,0.0,0.0,-3.070948665066018,0.37911165291954696,0.0,0.0,0,1761290474.1006472
