episode_index,steps,mean_reward_drift,mean_reward_progress,mean_reward_intrusion,sum_reward_drift,sum_reward_progress,sum_reward_intrusion,total_intrusions,finished_at
1,16,-0.13227294931069888,0.0,0.0,-2.116367188971182,0.0,0.0,0,1761055179.7412336
2,5,-0.060040986085089385,0.0,0.0,-0.30020493042544694,0.0,0.0,0,1761055180.3364108
3,23,-0.21902014722626392,0.0,-0.08695652173913043,-5.03746338620407,0.0,-2.0,2,1761055181.4206011
4,21,-0.11253211174612512,0.0,0.0,-2.3631743466686275,0.0,0.0,0,1761055182.0179727
5,51,-0.1309974132887029,0.0,-0.0196078431372549,-6.680868077723848,0.0,-1.0,1,1761055219.8379846
6,15,-0.038785405667897795,0.06666666666666667,0.0,-0.5817810850184669,1.0,0.0,0,1761055220.4483192
7,33,-0.15476725877507716,0.0,0.0,-5.107319539577547,0.0,0.0,0,1761055221.3167481
