episode_index,steps,mean_reward_drift,mean_reward_progress,mean_reward_intrusion,sum_reward_drift,sum_reward_progress,sum_reward_intrusion,total_intrusions,finished_at
1,5,-0.1624254183157769,0.0,0.0,-0.8121270915788845,0.0,0.0,0,1761055179.5638604
2,25,-0.13220953053633325,0.0,-0.24,-3.3052382634083313,0.0,-6.0,6,1761055180.6280546
3,33,-0.11567381106395559,0.0,-0.09090909090909091,-3.8172357651105346,0.0,-3.0,3,1761055181.5573297
4,73,-0.1435618557290072,0.0,0.0,-10.480015468217525,0.0,0.0,0,1761055218.9458761
