episode_index,steps,mean_reward_drift,mean_reward_progress,mean_reward_intrusion,sum_reward_drift,sum_reward_progress,sum_reward_intrusion,total_intrusions,finished_at
1,17,-0.1418432870625648,0.0,-0.11764705882352941,-2.4113358800636018,0.0,-2.0,2,1761055179.753615
2,27,-0.1818639163629266,0.0,0.0,-4.910325741799018,0.0,0.0,0,1761055180.6535609
3,39,-0.20100702838562748,0.0,0.0,-7.839274107039471,0.0,0.0,0,1761055181.6319563
4,41,-0.17524212837262773,0.0,0.0,-7.184927263277737,0.0,0.0,0,1761055182.2893598
5,70,-0.1347320052918323,0.0,0.0,-9.431240370428261,0.0,0.0,0,1761055220.133327
