episode_index,steps,mean_reward_drift,mean_reward_progress,mean_reward_intrusion,mean_reward_path_efficiency,sum_reward_drift,sum_reward_progress,sum_reward_intrusion,sum_reward_path_efficiency,total_intrusions,terminated_waypoint,truncated,finished_at
1,93,-0.011639246489035582,-0.013449664902449802,-0.5161290322580645,0.0,-1.082449923480309,-1.2508188359278316,-48.0,0.0,4,False,True,1764321066.8944306
2,45,-0.012745115865128987,-0.021180244575029494,-0.26666666666666666,0.0,-0.5735302139308044,-0.9531110058763272,-12.0,0.0,1,False,True,1764321085.4971752
3,109,-0.01027124425206652,-0.004762334919267931,-0.3302752293577982,0.0,-1.1195656234752507,-0.5190945062002045,-36.0,0.0,3,False,True,1764321160.0664306
4,26,-0.0024143314336946757,0.21598167090835133,0.0,0.0,-0.06277261727606157,5.615523443617135,0.0,0.0,0,True,False,1764321169.1106904
5,124,-0.005361544612908632,0.05878302626711092,0.0,0.0,-0.6648315320006704,7.289095257121754,0.0,0.0,0,True,False,1764321206.6677408
