episode_index,steps,mean_reward_drift,mean_reward_progress,mean_reward_intrusion,mean_reward_path_efficiency,sum_reward_drift,sum_reward_progress,sum_reward_intrusion,sum_reward_path_efficiency,total_intrusions,terminated_waypoint,truncated,finished_at
1,51,-0.007142877399370263,0.00858335916999001,-0.9411764705882353,0.0,-0.3642867473678834,0.43775131766949055,-48.0,0.0,4,False,True,1764321062.581036
2,57,-0.014248361016145825,-0.019525459519529966,0.0,0.0,-0.812156577920312,-1.112951192613208,0.0,0.0,0,False,True,1764321086.9619658
3,54,-0.006565287610988441,0.012305492528987405,0.0,0.0,-0.3545255309933758,0.6644965965653199,0.0,0.0,0,False,True,1764321117.1855843
4,107,-0.004517342558098081,0.026097813313162865,-0.3364485981308411,0.0,-0.48335565371649475,2.7924660245084265,-36.0,0.0,3,False,True,1764321179.439789
5,34,-0.006586503639321804,0.015678618665669167,0.0,0.0,-0.22394112373694136,0.5330730346327517,0.0,0.0,0,False,True,1764321194.9020824
