episode_index,steps,mean_reward_drift,mean_reward_progress,mean_reward_intrusion,mean_reward_path_efficiency,sum_reward_drift,sum_reward_progress,sum_reward_intrusion,sum_reward_path_efficiency,total_intrusions,terminated_waypoint,truncated,finished_at
1,104,-0.010800098816286262,-0.011444004766149565,-0.11538461538461539,0.0,-1.1232102768937713,-1.1901764956795546,-12.0,0.0,1,False,True,1764321067.8541663
2,63,-0.007514432071989726,0.006761914603423922,0.0,0.0,-0.4734092205353528,0.4260006200157071,0.0,0.0,0,False,True,1764321087.8985941
3,63,-0.00613109385436129,0.020193229923102525,-0.5714285714285714,0.0,-0.38625891282476127,1.2721734851554591,-36.0,0.0,3,False,True,1764321154.735978
4,58,-0.0042345486336358715,0.017979149951871,-0.6206896551724138,0.0,-0.24560382075088055,1.042790697208518,-36.0,0.0,3,False,True,1764321173.599918
5,107,-0.011725204223335261,-0.013559067564915603,0.0,0.0,-1.2545968518968729,-1.4508202294459696,0.0,0.0,0,False,True,1764321204.605856
