episode_index,steps,mean_reward_drift,mean_reward_progress,mean_reward_intrusion,mean_reward_path_efficiency,sum_reward_drift,sum_reward_progress,sum_reward_intrusion,sum_reward_path_efficiency,total_intrusions,terminated_waypoint,truncated,finished_at
1,45,-0.008201944365905765,0.006552774423867252,0.0,0.0,-0.36908749646575945,0.29487484907402634,0.0,0.0,0,False,True,1764321061.9858437
2,142,-0.012168837625825393,-0.015391693099952416,0.0,0.0,-1.7279749428672058,-2.185620420193243,0.0,0.0,0,False,True,1764321096.9927151
3,97,-0.004922126823779058,0.0259562892479211,-1.2371134020618557,0.0,-0.4774463019065686,2.517760057048347,-120.0,0.0,10,False,True,1764321158.6125805
4,152,-0.004402122996054371,0.05705743134264716,-0.3157894736842105,0.0,-0.6691226954002645,8.672729564082369,-48.0,0.0,4,True,False,1764321185.2173088
5,19,-0.012459087488056294,-0.013272977816671425,0.0,0.0,-0.2367226622730696,-0.2521865785167571,0.0,0.0,0,False,True,1764321192.813379
