episode_index,steps,mean_reward_drift,mean_reward_progress,mean_reward_intrusion,mean_reward_path_efficiency,sum_reward_drift,sum_reward_progress,sum_reward_intrusion,sum_reward_path_efficiency,total_intrusions,terminated_waypoint,truncated,finished_at
1,156,-0.010426363767446252,-0.004606806283224976,0.0,0.0,-1.6265127477216152,-0.7186617801830962,0.0,0.0,0,False,True,1764321075.3043315
2,50,-0.012981684086918839,-0.016995438657021345,-0.48,0.0,-0.6490842043459419,-0.8497719328510672,-24.0,0.0,2,False,True,1764321086.2080815
3,42,-0.010518141010996082,-0.00874811194715869,0.0,0.0,-0.4417619224618355,-0.36742070178066494,0.0,0.0,0,False,True,1764321115.74413
4,116,-0.006778237618890411,0.014508959892069935,0.0,0.0,-0.7862755637912876,1.6830393474801124,0.0,0.0,0,False,True,1764321180.606668
5,75,-0.006942547386360653,0.009223258222636243,-0.32,0.0,-0.520691053977049,0.6917443666977182,-24.0,0.0,2,False,True,1764321200.0900757
