episode_index,steps,mean_reward_drift,mean_reward_progress,mean_reward_intrusion,mean_reward_path_efficiency,sum_reward_drift,sum_reward_progress,sum_reward_intrusion,sum_reward_path_efficiency,total_intrusions,terminated_waypoint,truncated,finished_at
1,90,-0.005022272477565777,0.01951193236195668,-2.533333333333333,0.0,-0.45200452298092,1.7560739125761011,-228.0,0.0,19,False,True,1764321066.608269
2,105,-0.013221892793047961,-0.023518043628113404,-0.45714285714285713,0.0,-1.388298743270036,-2.4693945809519073,-48.0,0.0,4,False,True,1764321092.9743495
3,135,-0.012834510795041354,-0.019816484694439515,-0.5333333333333333,0.0,-1.7326589573305828,-2.6752254337493344,-72.0,0.0,6,False,True,1764321162.719085
4,154,-0.008953688797506052,0.001845469607234017,-1.0129870129870129,0.0,-1.378868074815932,0.2842023195140386,-156.0,0.0,13,False,True,1764321185.6324708
5,52,-0.0029834140854151964,0.1311616323068675,0.0,0.0,-0.1551375324415902,6.820404879957111,0.0,0.0,0,True,False,1764321197.022405
