episode_index,steps,mean_reward_drift,mean_reward_progress,mean_reward_intrusion,mean_reward_path_efficiency,sum_reward_drift,sum_reward_progress,sum_reward_intrusion,sum_reward_path_efficiency,total_intrusions,terminated_waypoint,truncated,finished_at
1,31,-0.0031668141383988982,0.02853530468703578,0.0,0.0,-0.09817123829036585,0.8845944452981092,0.0,0.0,0,False,True,1764321060.4129827
2,45,-0.005517329497056065,0.020819660582250384,0.0,0.0,-0.24827982736752294,0.9368847262012673,0.0,0.0,0,False,True,1764321085.4971752
3,108,-0.002814193374751766,0.07962653593645198,0.0,0.0,-0.3039328844731907,8.599665881136815,0.0,0.0,0,True,False,1764321159.5943918
4,89,-0.004211135727699176,0.08185315263471821,-0.5393258426966292,0.0,-0.37479107976522663,7.284930584489921,-48.0,0.0,4,True,False,1764321177.1178832
5,57,-0.0047361864449755,0.022860716596757286,-1.0526315789473684,0.0,-0.2699626273636035,1.3030608460151654,-60.0,0.0,5,False,True,1764321197.7424018
