episode_index,steps,mean_reward_drift,mean_reward_progress,mean_reward_intrusion,mean_reward_path_efficiency,sum_reward_drift,sum_reward_progress,sum_reward_intrusion,sum_reward_path_efficiency,total_intrusions,terminated_waypoint,truncated,finished_at
1,135,-0.007290324718833167,0.010726069022909745,-0.6222222222222222,0.0,-0.9841938370424776,1.4480193180928156,-84.0,0.0,7,False,True,1764321072.8780317
2,71,-0.0046248065005739586,0.021866267259310134,-1.5211267605633803,0.0,-0.32836126154075107,1.5525049754110196,-108.0,0.0,9,False,True,1764321088.9072697
3,73,-0.010290060765047723,-0.008172959993034919,-0.4931506849315068,0.0,-0.7511744358484838,-0.596626079491549,-36.0,0.0,3,False,True,1764321156.034362
4,106,-0.010311064337874777,-0.011256666098761607,0.0,0.0,-1.0929728198147264,-1.1932066064687303,0.0,0.0,0,False,True,1764321179.415582
5,55,-0.00802337902006698,0.009134471264976124,0.0,0.0,-0.44128584610368393,0.5023959195736868,0.0,0.0,0,False,True,1764321197.4087062
