episode_index,steps,mean_reward_drift,mean_reward_progress,mean_reward_intrusion,mean_reward_path_efficiency,sum_reward_drift,sum_reward_progress,sum_reward_intrusion,sum_reward_path_efficiency,total_intrusions,terminated_waypoint,truncated,finished_at
1,135,-0.009184400395785716,0.002058525190855744,-2.488888888888889,0.0,-1.2398940534310716,0.2779009007655254,-336.0,0.0,28,False,True,1764321072.8780317
2,196,-0.009665782411905438,-0.002618563893275642,-0.12244897959183673,0.0,-1.8944933527334658,-0.5132385230820258,-24.0,0.0,2,False,True,1764321102.4465492
3,33,-0.011179748284674756,-0.009312442776565854,0.0,0.0,-0.36893169339426696,-0.30731061162667317,0.0,0.0,0,False,True,1764321114.5270913
4,17,-0.008915588335399871,0.0022209003091913813,0.0,0.0,-0.15156500170179782,0.03775530525625348,0.0,0.0,0,False,True,1764321167.971627
5,69,-0.006209158151994758,0.015577081846860996,0.0,0.0,-0.4284319124876383,1.0748186474334087,0.0,0.0,0,False,True,1764321199.2997248
