episode_index,steps,mean_reward_drift,mean_reward_progress,mean_reward_intrusion,mean_reward_path_efficiency,sum_reward_drift,sum_reward_progress,sum_reward_intrusion,sum_reward_path_efficiency,total_intrusions,terminated_waypoint,truncated,finished_at
1,97,-0.007301801222319356,0.00760614518362878,-0.3711340206185567,0.0,-0.7082747185649775,0.7377960828119916,-36.0,0.0,3,False,True,1764321067.1807368
2,91,-0.006576879023587214,0.015523140387979844,-0.9230769230769231,0.0,-0.5984959911464365,1.4126057753061658,-84.0,0.0,7,False,True,1764321091.2367804
3,65,-0.009877955500139517,-0.000260877351018583,-0.7384615384615385,0.0,-0.6420671075090686,-0.016957027816207892,-48.0,0.0,4,False,True,1764321155.0613735
4,46,-0.004758921652025474,0.025775867971438368,0.0,0.0,-0.2189103959931718,1.185689926686165,0.0,0.0,0,False,True,1764321171.7316866
5,44,-0.010443945080714577,-0.00568083295455351,0.0,0.0,-0.4595335835514414,-0.24995665000035444,0.0,0.0,0,False,True,1764321196.2298138
