episode_index,steps,mean_reward_drift,mean_reward_progress,mean_reward_intrusion,mean_reward_path_efficiency,sum_reward_drift,sum_reward_progress,sum_reward_intrusion,sum_reward_path_efficiency,total_intrusions,terminated_waypoint,truncated,finished_at
1,121,-0.013242866558514603,-0.025130311442846217,-0.39669421487603307,0.0,-1.602386853580267,-3.040767684584392,-48.0,0.0,4,False,True,1764321071.0263362
2,207,-0.010962222789945231,-0.008735436395980014,0.0,0.0,-2.2691801175186628,-1.808235333967863,0.0,0.0,0,False,True,1764321104.3112402
3,141,-0.009202928248751267,-0.0009729989979074965,-0.425531914893617,0.0,-1.2976128830739286,-0.137192858704957,-60.0,0.0,5,False,True,1764321163.4392855
4,11,-0.0014608866679643331,0.4701013501068946,0.0,0.0,-0.016069753347607664,5.17111485117584,0.0,0.0,0,True,False,1764321167.1667278
5,86,-0.0028714455273653058,0.09473143248528852,0.0,0.0,-0.2469443153534163,8.146903193734813,0.0,0.0,0,True,False,1764321201.8048575
