episode_index,steps,mean_reward_drift,mean_reward_progress,mean_reward_intrusion,mean_reward_path_efficiency,sum_reward_drift,sum_reward_progress,sum_reward_intrusion,sum_reward_path_efficiency,total_intrusions,terminated_waypoint,truncated,finished_at
1,72,-0.007734837852301583,0.00837859249011307,-1.5,0.0,-0.556908325365714,0.603258659288141,-108.0,0.0,9,False,True,1764321064.6793492
2,42,-0.009771591190623851,-0.005882186149186109,0.0,0.0,-0.41040683000620176,-0.24705181826581657,0.0,0.0,0,False,True,1764321085.1889994
3,50,-0.0060932210928691935,0.0166707435804735,0.0,0.0,-0.30466105464345966,0.8335371790236751,0.0,0.0,0,False,True,1764321116.796603
4,108,-0.011739106476954374,-0.01678554632308564,-0.7777777777777778,0.0,-1.2678234995110724,-1.812839002893249,-84.0,0.0,7,False,True,1764321179.48463
5,126,-0.005893179798480081,0.0206601763726699,-0.38095238095238093,0.0,-0.7425406546084902,2.6031822229564074,-48.0,0.0,4,False,True,1764321206.9954274
