episode_index,steps,mean_reward_drift,mean_reward_progress,mean_reward_intrusion,mean_reward_path_efficiency,sum_reward_drift,sum_reward_progress,sum_reward_intrusion,sum_reward_path_efficiency,total_intrusions,terminated_waypoint,truncated,finished_at
1,144,-0.007172563579888815,0.015472170588819951,0.0,0.0,-1.0328491555039894,2.227992564790073,0.0,0.0,0,False,True,1764321073.9791205
2,46,-0.012104102613804747,-0.010174363645677054,0.0,0.0,-0.5567887202350184,-0.46802072770114445,0.0,0.0,0,False,True,1764321085.5405726
3,97,-0.010420361332663004,-0.008330119128879328,-0.7422680412371134,0.0,-1.0107750492683114,-0.8080215555012947,-72.0,0.0,6,False,True,1764321158.6125805
4,93,-0.011482936056936776,-0.005632485079271036,0.0,0.0,-1.0679130532951202,-0.5238211123722064,0.0,0.0,0,False,True,1764321177.5606477
5,32,-0.008713225347047318,0.004194651344372243,0.0,0.0,-0.27882321110551417,0.13422884301991178,0.0,0.0,0,False,True,1764321194.7983255
