episode_index,steps,mean_reward_drift,mean_reward_progress,mean_reward_intrusion,mean_reward_path_efficiency,sum_reward_drift,sum_reward_progress,sum_reward_intrusion,sum_reward_path_efficiency,total_intrusions,terminated_waypoint,truncated,finished_at
1,70,-0.0046719941323669694,0.028233838935333547,-1.542857142857143,0.0,-0.3270395892656879,1.9763687254733484,-108.0,0.0,9,False,True,1764321064.404368
2,69,-0.004167781560155864,0.10231843180326083,0.0,0.0,-0.28757692765075465,7.059971794424998,0.0,0.0,0,True,False,1764321088.5788682
3,151,-0.008686327009517453,0.004832942192766659,-0.8741721854304636,0.0,-1.3116353784371355,0.7297742711077656,-132.0,0.0,11,False,True,1764321164.7923906
4,175,-0.0063816797641489224,0.015879284527128487,0.0,0.0,-1.1167939587260614,2.7788747922474855,0.0,0.0,0,False,True,1764321188.397998
5,167,-0.006984907514397831,0.013365153270301633,-0.8622754491017964,0.0,-1.1664795549044378,2.2319805961403727,-144.0,0.0,12,False,True,1764321212.3299754
