episode_index,steps,mean_reward_drift,mean_reward_progress,mean_reward_intrusion,mean_reward_path_efficiency,sum_reward_drift,sum_reward_progress,sum_reward_intrusion,sum_reward_path_efficiency,total_intrusions,terminated_waypoint,truncated,finished_at
1,26,-0.00898312640708326,-0.00020199559716469877,0.0,0.0,-0.23356128658416478,-0.005251885526282168,0.0,0.0,0,False,True,1764321059.880077
2,115,-0.006737771156343704,0.015336465087657104,0.0,0.0,-0.7748436829795259,1.763693485080567,0.0,0.0,0,False,True,1764321094.055155
3,31,-0.005598906363295797,0.011425367644019704,0.0,0.0,-0.1735660972621697,0.35418639696461085,0.0,0.0,0,False,True,1764321114.4335914
4,84,-0.00587588488817558,0.009412030410226965,-0.7142857142857143,0.0,-0.49357433060674866,0.7906105544590651,-60.0,0.0,5,False,True,1764321176.4820108
5,72,-0.005842823599334922,0.01417224901940287,0.0,0.0,-0.42068329915211444,1.0204019293970066,0.0,0.0,0,False,True,1764321199.629199
