episode_index,steps,mean_reward_drift,mean_reward_progress,mean_reward_intrusion,mean_reward_path_efficiency,sum_reward_drift,sum_reward_progress,sum_reward_intrusion,sum_reward_path_efficiency,total_intrusions,terminated_waypoint,truncated,finished_at
1,50,-0.013530748568355564,-0.02320396052109841,0.0,0.0,-0.6765374284177782,-1.1601980260549205,0.0,0.0,0,False,True,1764321062.5488498
2,74,-0.007593679886951918,0.012157259706208887,-1.4594594594594594,0.0,-0.5619323116344419,0.8996372182594576,-108.0,0.0,9,False,True,1764321089.2653
3,83,-0.012633305149081477,-0.01759297331483138,0.0,0.0,-1.0485643273737626,-1.4602167851310046,0.0,0.0,0,False,True,1764321157.0126636
4,4,-0.003601816670217541,1.2706670210934594,0.0,0.0,-0.014407266680870164,5.082668084373838,0.0,0.0,0,True,False,1764321166.3179202
5,93,-0.0069901681480552605,0.010840953316628623,-0.3870967741935484,0.0,-0.6500856377691392,1.008208658446462,-36.0,0.0,3,False,True,1764321202.6561646
