episode_index,steps,mean_reward_drift,mean_reward_progress,mean_reward_intrusion,mean_reward_path_efficiency,sum_reward_drift,sum_reward_progress,sum_reward_intrusion,sum_reward_path_efficiency,total_intrusions,terminated_waypoint,truncated,finished_at
1,106,-0.010605504173556669,-0.008785420202311395,-0.22641509433962265,0.0,-1.124183442397007,-0.931254541445008,-24.0,0.0,2,False,True,1764321067.909027
2,45,-0.006657398110567005,0.01300133307513824,0.0,0.0,-0.29958291497551526,0.5850599883812208,0.0,0.0,0,False,True,1764321085.4971752
3,159,-0.008348721932168677,0.0067057241754885245,-1.0566037735849056,0.0,-1.3274467872148197,1.0662101439026754,-168.0,0.0,14,False,True,1764321165.5375214
