episode_index,steps,mean_reward_drift,mean_reward_progress,mean_reward_intrusion,mean_reward_proximity,sum_reward_drift,sum_reward_progress,sum_reward_intrusion,sum_reward_proximity,total_intrusions,terminated_waypoint,truncated,finished_at
1,193,-0.0022974291865457026,-0.00024186298464867002,-0.015544041450777202,-0.004393069087861864,-0.4434038330033206,-0.046679556037193315,-3.0,-0.8478623339573397,1,False,True,1762616110.536759
2,43,-0.003002021103215617,-0.0028861749837779025,0.0,0.0,-0.12908690743827153,-0.12410552430244981,0.0,0.0,0,False,True,1762616159.1913035
3,257,-0.002760901371540234,-0.001362917483037269,0.0,-0.010354618178501912,-0.7095516524858402,-0.35026979314057816,0.0,-2.6611368718749913,0,False,True,1762616306.8514378
