episode_index,steps,mean_reward_drift,mean_reward_progress,mean_reward_intrusion,sum_reward_drift,sum_reward_progress,sum_reward_intrusion,finished_at
1,18,-0.10774242534092199,0.010798062996748578,0.0,-1.9393636561365957,0.19436513394147442,0.0,1760609098.7467535
2,69,-0.19318205460117296,-0.003913811038054493,-0.014492753623188406,-13.329561767480934,-0.27005296162576004,-1.0,1760609100.3863814
