episode_index,steps,mean_reward_drift,mean_reward_progress,mean_reward_intrusion,sum_reward_drift,sum_reward_progress,sum_reward_intrusion,finished_at
1,14,-0.19952989673953433,0.0,-0.07142857142857142,-2.793418554353481,0.0,-1.0,1761040920.0303717
2,36,-0.16755468582957755,0.0,-0.027777777777777776,-6.031968689864792,0.0,-1.0,1761040920.6283345
3,90,-0.16212200902148183,0.0,-0.022222222222222223,-14.590980811933365,0.0,-2.0,1761040921.9803956
