episode_index,steps,mean_reward_drift,mean_reward_progress,mean_reward_intrusion,sum_reward_drift,sum_reward_progress,sum_reward_intrusion,finished_at
1,17,-0.14718078671749826,0.0,-0.058823529411764705,-2.5020733741974706,0.0,-1.0,1761040920.0709748
2,24,-0.08227029910894713,0.0,-0.08333333333333333,-1.974487178614731,0.0,-2.0,1761040920.483542
3,41,-0.12196743347263422,0.0,0.0,-5.000664772378003,0.0,0.0,1761040921.360095
4,58,-0.1440509667311845,0.0,0.0,-8.3549560704087,0.0,0.0,1761040922.8294914
