episode_index,steps,mean_reward_drift,mean_reward_progress,mean_reward_intrusion,mean_reward_proximity,sum_reward_drift,sum_reward_progress,sum_reward_intrusion,sum_reward_proximity,total_intrusions,terminated_waypoint,truncated,finished_at
1,275,-0.0021243723172697988,0.0006309653057806042,0.0,-0.0012748648451423674,-0.5842023872491947,0.17351545908966615,0.0,-0.35058783241415103,0,False,True,1762869451.8131325
2,205,-0.0028195546393036735,-0.0020335087878154473,0.0,-0.0005583537638992123,-0.5780087010572531,-0.4168693015021667,0.0,-0.11446252159933852,0,False,True,1762869465.4453084
