episode_index,steps,mean_reward_drift,mean_reward_progress,mean_reward_intrusion,mean_reward_proximity,sum_reward_drift,sum_reward_progress,sum_reward_intrusion,sum_reward_proximity,total_intrusions,terminated_waypoint,truncated,finished_at
1,33,-0.0037182052874948665,-0.00469604649865497,0.0,0.0,-0.12270077448733059,-0.154969534455614,0.0,0.0,0,False,True,1762869439.6567116
2,34,-0.001145287835244067,0.0047535982809566646,0.0,-0.037827279934787635,-0.03893978639829828,0.16162234155252658,0.0,-1.2861275177827796,0,False,True,1762869453.9645162
3,82,-0.0011827782686365518,0.005311823917825843,0.0,-0.02295260484155186,-0.09698781802819724,0.43556956126171914,0.0,-1.8821135970072527,0,False,True,1762869470.840093
4,207,-0.003033396374246272,-0.002875258538574899,0.0,0.0,-0.6279130494689783,-0.595178517485004,0.0,0.0,0,False,True,1762869494.9872425
