episode_index,steps,mean_reward_drift,mean_reward_progress,mean_reward_intrusion,sum_reward_drift,sum_reward_progress,sum_reward_intrusion,finished_at
1,23,-0.09711515221680041,0.0,0.0,-2.2336485009864093,0.0,0.0,1761043111.9534235
2,55,-0.16381641606340652,0.0,0.0,-9.009902883487358,0.0,0.0,1761043113.5944
3,42,-0.11676196685430555,0.0,0.0,-4.904002607880833,0.0,0.0,1761043114.194581
4,9,-0.0729205205394749,0.0,0.0,-0.656284684855274,0.0,0.0,1761043149.8874226
5,16,-0.10149016856990747,0.0,0.0,-1.6238426971185196,0.0,0.0,1761043152.0207798
6,42,-0.09298130953017723,0.0,0.0,-3.905215000267444,0.0,0.0,1761043185.8413193
7,16,-0.13501204793100435,0.0,0.0,-2.1601927668960696,0.0,0.0,1761043187.3782337
8,31,-0.10337975172708974,0.0,0.0,-3.204772303539782,0.0,0.0,1761043222.1694705
9,53,-0.13965321318953994,0.0,0.0,-7.401620299045616,0.0,0.0,1761043222.972047
