episode_index,steps,mean_reward_drift,mean_reward_progress,mean_reward_intrusion,mean_reward_proximity,sum_reward_drift,sum_reward_progress,sum_reward_intrusion,sum_reward_proximity,total_intrusions,terminated_waypoint,truncated,finished_at
1,27,-0.0003252171033882894,0.3430188134683172,0.0,0.0,-0.008780861791483813,9.261507963644565,0.0,0.0,0,True,False,1764071662.1727023
2,41,-0.0026006563314209434,0.04408644793144157,0.0,0.0,-0.10662690958825868,1.8075443651891043,0.0,0.0,0,False,True,1764071673.4874504
3,106,-0.0013933239114845438,0.12162162238365622,0.0,0.0,-0.14769233461736164,12.891891972667558,0.0,0.0,0,True,False,1764071691.1911922
