episode_index,steps,mean_reward_drift,mean_reward_progress,mean_reward_intrusion,mean_reward_proximity,sum_reward_drift,sum_reward_progress,sum_reward_intrusion,sum_reward_proximity,total_intrusions,terminated_waypoint,truncated,finished_at
1,69,-0.0010562451948740068,0.16302888200188143,0.0,0.0,-0.07288091844630647,11.248992858129819,0.0,0.0,0,True,False,1764071666.611873
2,100,-0.0021157843825193243,0.12419578347000598,0.0,0.0,-0.21157843825193243,12.419578347000598,0.0,0.0,0,True,False,1764071679.7086215
