episode_index,steps,mean_reward_drift,mean_reward_progress,mean_reward_intrusion,sum_reward_drift,sum_reward_progress,sum_reward_intrusion,finished_at
1,22,-0.08302549407147507,0.01467580225745514,-0.045454545454545456,-1.8265608695724513,0.3228676496640131,-1.0,1760537916.9158974
2,58,-0.10921825247876106,0.008116223939433993,0.0,-6.334658643768141,0.47074098848717155,0.0,1760537952.5051723
3,54,-0.19886010737441512,-0.0065413433651401835,0.0,-10.738445798218416,-0.3532325417175699,0.0,1760537953.2892969
4,47,-0.08262889977597478,0.013359237514614302,0.0,-3.8835582894708143,0.6278841631868722,0.0,1760537953.985466
5,86,-0.13566888821452203,0.004591188595197865,0.0,-11.667524386448894,0.39484221918701645,0.0,1760537987.5125706
6,72,-0.10593427770018049,0.008752087459284377,0.0,-7.627267994412995,0.6301502970684751,0.0,1760537988.713848
