episode_index,steps,mean_reward_drift,mean_reward_progress,mean_reward_intrusion,sum_reward_drift,sum_reward_progress,sum_reward_intrusion,finished_at
1,40,-0.06543502390282682,0.017642995011075406,0.0,-2.6174009561130727,0.7057198004430162,0.0,1760537917.1976583
2,38,-0.21831355659026483,-0.01038728793981443,-0.02631578947368421,-8.295915150430064,-0.39471694171294835,-1.0,1760537952.2251835
3,6,-0.09778684862466812,0.012843910616644813,0.0,-0.5867210917480087,0.07706346369986888,0.0,1760537952.6457047
4,11,-0.10376749920738525,0.01159297939417676,0.0,-1.1414424912812378,0.12752277333594436,0.0,1760537953.480246
5,21,-0.16882416089452035,-0.0007042951798434473,0.0,-3.545307378784927,-0.014790198776712393,0.0,1760537954.3183906
6,59,-0.18569623134555435,-0.004513601500628436,-0.01694915254237288,-10.956077649387707,-0.2663024885370777,-1.0,1760537988.5544698
7,94,-0.1713282133041857,-0.0018375836137520536,-0.010638297872340425,-16.104852050593458,-0.17273285969269303,-1.0,1760537990.30534
