episode_index,steps,mean_reward_drift,mean_reward_progress,mean_reward_intrusion,mean_reward_proximity,sum_reward_drift,sum_reward_progress,sum_reward_intrusion,sum_reward_proximity,total_intrusions,terminated_waypoint,truncated,finished_at
1,47,-0.0033970535754663197,-0.00204098288788655,0.0,0.0,-0.15966151804691703,-0.09592619573066785,0.0,0.0,0,False,True,1762616107.0533204
2,174,-0.0020055856578399555,0.0003813021908141812,0.0,-0.008247314157627446,-0.34897190446415227,0.06634658120166753,0.0,-1.4350326634271757,0,False,True,1762616116.0017147
3,237,-0.0024635594040229793,0.0010587018317361585,0.0,0.0,-0.5838635787534461,0.25091233412146957,0.0,0.0,0,False,True,1762616207.938495
4,230,-0.002751906806596923,-0.0014621816105496544,0.0,-0.018218572698823782,-0.6329385655172923,-0.3363017704264205,0.0,-4.19027172072947,0,False,True,1762616296.68647
5,140,-0.0028923549189359015,-0.0036453201974555476,0.0,-0.016623662692458303,-0.40492968865102624,-0.5103448276437766,0.0,-2.3273127769441624,0,False,True,1762616343.7035613
