episode_index,steps,mean_reward_drift,mean_reward_progress,mean_reward_intrusion,sum_reward_drift,sum_reward_progress,sum_reward_intrusion,finished_at
1,13,-0.12021783860904343,0.009286717582451825,0.0,-1.5628319019175647,0.12072732857187372,0.0,1760538820.5384796
2,68,-0.1807495136127335,-0.0036939595295561356,0.0,-12.29096692566588,-0.25118924800981723,0.0,1760538822.8462017
3,48,-0.16878693420469412,-0.0017402290604335336,-0.020833333333333332,-8.101772841825317,-0.08353099490080962,-1.0,1760538861.478009
4,47,-0.14052397719488918,0.0035882050814025966,0.0,-6.604626928159791,0.16864563882592204,0.0,1760538862.5906222
5,29,-0.08849991570792683,0.013783740911785202,-0.034482758620689655,-2.566497555529878,0.39972848644177084,-1.0,1760538898.7310812
6,21,-0.1658850924195721,-0.0010530472980435053,0.0,-3.4835869408110143,-0.02211399325891361,0.0,1760538900.7816947
