episode_index,steps,mean_reward_drift,mean_reward_progress,mean_reward_intrusion,mean_reward_proximity,sum_reward_drift,sum_reward_progress,sum_reward_intrusion,sum_reward_proximity,total_intrusions,terminated_waypoint,truncated,finished_at
1,112,-0.0015373002154110663,0.0047798602488992314,0.0,0.0,-0.17217762412603943,0.5353443478767139,0.0,0.0,0,True,False,1762531336.585316
2,119,-0.0020918818448676514,-6.966437918945957e-05,-0.025210084033613446,-0.009525711770093797,-0.2489339395392505,-0.008290061123545689,-3.0,-1.1335597006411617,1,False,True,1762531384.7261848
3,154,-0.002355269200810236,-0.0008341600181618415,0.0,0.0,-0.36271145692477635,-0.1284606427969236,0.0,0.0,0,False,True,1762531433.2562087
4,167,-0.002929863904038372,-0.002205204659135158,-0.017964071856287425,-0.007439184025634884,-0.48928727197440813,-0.36826917807557136,-3.0,-1.2423437322810256,1,False,True,1762531524.451815
5,94,-0.001592139761767495,0.0013221661490847073,0.0,0.0,-0.14966113760614452,0.12428361801396248,0.0,0.0,0,False,True,1762531563.7829154
6,97,-0.0012645504871420736,0.002892259685981881,0.0,0.0,-0.12266139725278113,0.28054918954024244,0.0,0.0,0,False,True,1762531641.162077
7,120,-0.002829719325983352,-0.0016178743906788168,0.0,0.0,-0.3395663191180022,-0.194144926881458,0.0,0.0,0,False,True,1762531708.208857
8,105,-0.0039243170212287706,-0.007268599087692806,0.0,0.0,-0.4120532872290209,-0.7632029042077446,0.0,0.0,0,False,True,1762531753.6516864
9,149,-0.002269281679736429,-0.0002356498179589731,0.0,-0.00040206540638114597,-0.33812297028072796,-0.03511182287588699,0.0,-0.05990774555079075,0,False,True,1762531811.6496987
