episode_index,steps,mean_reward_drift,mean_reward_progress,mean_reward_intrusion,mean_reward_proximity,sum_reward_drift,sum_reward_progress,sum_reward_intrusion,sum_reward_proximity,total_intrusions,terminated_waypoint,truncated,finished_at
1,78,-0.0025683559432472364,-0.0017361264900935174,0.0,-0.017626936764208213,-0.20033176357328444,-0.13541786622729435,0.0,-1.3749010676082407,0,False,True,1762531335.7718527
2,114,-0.0014334425432348753,0.0033353797229229145,-0.02631578947368421,-0.042139294841763264,-0.1634124499287758,0.38023328841321224,-3.0,-4.803879611961012,1,False,True,1762531383.8997118
3,242,-0.002729953662504498,-0.0025164659211049773,0.0,0.0,-0.6606487863260886,-0.6089847529074045,0.0,0.0,0,False,True,1762531472.2505503
4,105,-0.002801148103804829,-0.002752663946773906,-0.02857142857142857,-0.009852540217450368,-0.29412055089950706,-0.28902971441126013,-3.0,-1.0345167228322887,1,False,True,1762531502.398082
5,89,-0.0031499411976047215,-0.004172433639808463,0.0,0.0,-0.2803447665868202,-0.3713465939429532,0.0,0.0,0,False,True,1762531562.9373238
6,136,-0.0021088662284396978,0.0009762112283145622,-0.022058823529411766,-0.009994409235627628,-0.2868058070677989,0.13276472705078046,-3.0,-1.3592396560453575,1,False,True,1762531659.1670861
7,128,-0.003270055201341871,-0.004479342711015779,-0.0234375,-0.006551642514391775,-0.4185670657717595,-0.5733558670100197,-3.0,-0.8386102418421472,1,False,True,1762531724.1218345
