episode_index,steps,mean_reward_drift,mean_reward_progress,mean_reward_intrusion,mean_reward_proximity,sum_reward_drift,sum_reward_progress,sum_reward_intrusion,sum_reward_proximity,total_intrusions,finished_at
1,47,-0.03575102583665059,-0.0016799371539376082,0.0,0.0,-1.6802982143225778,-0.07895704623506758,0.0,0.0,0,1761290467.036464
2,22,-0.0077007587233874275,0.017908909639193532,0.0,0.0,-0.1694166919145234,0.3939960120622577,0.0,0.0,0,1761290468.298519
3,37,-0.028027066374576137,0.0032463525578520936,0.0,0.0,-1.037001455859317,0.12011504464052747,0.0,0.0,0,1761290469.6366198
4,115,-0.03264881734973222,-0.0005511917262061066,0.0,-0.0255697693031743,-3.7546139952192052,-0.06338704851370225,0.0,-2.9405234698650444,0,1761290472.5615335
5,26,-0.010653916815960566,0.016884284073613434,0.0,0.0,-0.27700183721497473,0.43899138591394926,0.0,0.0,0,1761290473.604018
6,49,-0.020118892607311253,0.009274742703701561,-4.8979591836734695,-0.053744448034861246,-0.9858257377582513,0.4544623924813765,-240.0,-2.633477953708201,40,1761290474.7692862
7,102,-0.03918853958081927,-0.0053708310904166945,0.0,0.0,-3.9972310372435658,-0.5478247712225028,0.0,0.0,0,1761290475.8866262
8,158,-0.02885333627107137,0.001647330119117092,-0.6455696202531646,-0.04639366568114238,-4.558827130829276,0.26027815882050054,-102.0,-7.330199177620496,17,1761290477.5177405
