episode_index,steps,mean_reward_drift,mean_reward_progress,mean_reward_intrusion,sum_reward_drift,sum_reward_progress,sum_reward_intrusion,finished_at
1,36,-0.16317874151259337,0.0,0.0,-5.874434694453361,0.0,0.0,1761040920.4311695
2,46,-0.12831225650530265,0.0,-0.021739130434782608,-5.902363799243922,0.0,-1.0,1761040921.6223981
