episode_index,steps,mean_reward_drift,mean_reward_progress,mean_reward_intrusion,sum_reward_drift,sum_reward_progress,sum_reward_intrusion,total_intrusions,finished_at
1,21,-0.058004332260020566,0.047619047619047616,0.0,-1.2180909774604318,1.0,0.0,0,1761051075.1270747
2,44,-0.17455050840411865,0.0,0.0,-7.68022236978122,0.0,0.0,0,1761051075.9910674
3,28,-0.14266487784001322,0.0,0.0,-3.99461657952037,0.0,0.0,0,1761051076.8028111
4,53,-0.11169604950166175,0.0,-0.018867924528301886,-5.919890623588072,0.0,-1.0,1,1761051113.412264
5,105,-0.14873917693072197,0.0,0.0,-15.617613577725807,0.0,0.0,0,1761051114.8501835
6,12,-0.0667065215133535,0.08333333333333333,0.0,-0.8004782581602421,1.0,0.0,0,1761051115.089885
7,22,-0.10896708238576402,0.0,0.0,-2.3972758124868085,0.0,0.0,0,1761051148.4496787
8,114,-0.13563378655038075,0.0,-0.008771929824561403,-15.462251666743404,0.0,-1.0,1,1761051150.3800344
