episode_index,steps,mean_reward_drift,mean_reward_progress,mean_reward_intrusion,sum_reward_drift,sum_reward_progress,sum_reward_intrusion,total_intrusions,finished_at
1,7,-0.14475771445638777,0.0,0.0,-1.0133040011947143,0.0,0.0,0,1761051074.9084644
2,38,-0.24436910982746854,0.0,-0.13157894736842105,-9.286026173443805,0.0,-5.0,5,1761051075.910719
3,44,-0.17118764249861784,0.0,-0.022727272727272728,-7.532256269939185,0.0,-1.0,1,1761051077.0246131
4,3,-0.09896624743237747,0.0,0.0,-0.2968987422971324,0.0,0.0,0,1761051112.669446
5,17,-0.1288571664128418,0.0,0.0,-2.1905718290183107,0.0,0.0,0,1761051113.6944597
6,2,-0.15217217352701823,0.0,0.0,-0.30434434705403646,0.0,0.0,0,1761051114.9178874
7,36,-0.11283770028352166,0.027777777777777776,0.0,-4.06215721020678,1.0,0.0,0,1761051148.6401534
