episode_index,steps,mean_reward_drift,mean_reward_progress,mean_reward_intrusion,sum_reward_drift,sum_reward_progress,sum_reward_intrusion,total_intrusions,finished_at
1,7,-0.0954554971886269,0.0,0.0,-0.6681884803203884,0.0,0.0,0,1761049211.9388885
2,45,-0.14576620139593335,0.0,0.0,-6.559479062817001,0.0,0.0,0,1761049212.7682076
3,44,-0.15207549830339626,0.0,-0.022727272727272728,-6.691321925349436,0.0,-1.0,1,1761049213.5343416
