episode_index,steps,mean_reward_drift,mean_reward_progress,mean_reward_intrusion,sum_reward_drift,sum_reward_progress,sum_reward_intrusion,total_intrusions,finished_at
1,22,-0.23560884368852889,0.0,0.0,-5.183394561147636,0.0,0.0,0,1761049212.136044
2,10,-0.054397194112608946,0.0,0.0,-0.5439719411260895,0.0,0.0,0,1761049212.3501115
3,31,-0.16851608043984473,0.0,0.0,-5.223998493635187,0.0,0.0,0,1761049213.377911
4,38,-0.19218327045496839,0.0,-0.05263157894736842,-7.302964277288798,0.0,-2.0,2,1761049214.1617877
5,81,-0.14142253596798188,0.0,0.0,-11.455225413406533,0.0,0.0,0,1761049249.7612522
6,68,-0.15856655779168224,0.0,0.0,-10.782525929834392,0.0,0.0,0,1761049250.8639839
7,90,-0.12715607406297516,0.0,-0.06666666666666667,-11.444046665667765,0.0,-6.0,6,1761049252.312484
