episode_index,steps,mean_reward_drift,mean_reward_progress,mean_reward_intrusion,sum_reward_drift,sum_reward_progress,sum_reward_intrusion,total_intrusions,finished_at
1,19,-0.14112589898958838,0.0,0.0,-2.6813920808021794,0.0,0.0,0,1761049212.1014915
2,8,-0.19506994300793581,0.0,0.0,-1.5605595440634865,0.0,0.0,0,1761049212.3239357
3,42,-0.14628725922751332,0.0,0.0,-6.144064887555559,0.0,0.0,0,1761049213.5102491
4,47,-0.17952894626519847,0.0,-0.02127659574468085,-8.437860474464328,0.0,-1.0,1,1761049214.2806458
