episode_index,steps,mean_reward_drift,mean_reward_progress,mean_reward_intrusion,mean_reward_proximity,sum_reward_drift,sum_reward_progress,sum_reward_intrusion,sum_reward_proximity,total_intrusions,terminated_waypoint,truncated,finished_at
1,44,-0.0017428481132908088,-0.0006867842051601246,0.0,0.0,-0.07668531698479558,-0.030218505027045484,0.0,0.0,0,False,True,1762616106.9785817
2,134,-0.0019143169184021715,-0.0013064120722352979,0.0,0.0,-0.256518467065891,-0.17505921767952992,0.0,0.0,0,False,True,1762616138.6186345
3,203,-0.001855960969149065,-0.002290215740305545,-0.014778325123152709,-0.01980785532988904,-0.3767600767372602,-0.46491379528202564,-3.0,-4.020994631967475,1,False,True,1762616303.9044242
