episode_index,steps,mean_reward_drift,mean_reward_progress,mean_reward_intrusion,mean_reward_proximity,sum_reward_drift,sum_reward_progress,sum_reward_intrusion,sum_reward_proximity,total_intrusions,terminated_waypoint,truncated,finished_at
1,36,-0.0022731875405087062,-0.0017108306929507983,0.0,0.0,-0.08183475145831343,-0.061589904946228735,0.0,0.0,0,False,True,1762616106.77686
2,400,-0.0022519284114046155,0.0004376398463660569,0.0,0.0,-0.9007713645618463,0.17505593854642276,0.0,0.0,0,False,True,1762616230.8515716
