episode_index,steps,mean_reward_drift,mean_reward_progress,mean_reward_intrusion,mean_reward_proximity,sum_reward_drift,sum_reward_progress,sum_reward_intrusion,sum_reward_proximity,total_intrusions,terminated_waypoint,truncated,finished_at
1,65,-0.007422249135041131,-0.004360125432966779,-0.18461538461538463,-0.23941703508890258,-0.4824461937776735,-0.2834081531428406,-12.0,-15.562107280778667,1,False,True,1762961789.6776738
2,72,-0.007837010468119904,-0.006651095977302937,0.0,-0.12447363330486266,-0.5642647537046331,-0.4788789103658114,0.0,-8.962101597950111,0,False,True,1762961822.6104896
3,47,-0.008080089658331392,-0.009757019203883343,0.0,-0.18957006013462804,-0.3797642139415754,-0.45857990258251713,0.0,-8.909792826327518,0,False,True,1762961830.2791238
4,116,-0.007761093015986773,-0.007287648862884852,0.0,-0.043417407245977944,-0.9002867898544656,-0.8453672680946428,0.0,-5.036419240533442,0,False,True,1762961842.898703
5,71,-0.008651467102692356,-0.01511590910380696,0.0,0.0,-0.6142541642911573,-1.073229546370294,0.0,0.0,0,False,True,1762961851.9073737
6,72,-0.007418248689554761,-0.0025641040914094015,0.0,0.0,-0.5341139056479428,-0.1846154945814769,0.0,0.0,0,False,True,1762961870.3915439
7,32,-0.008357899324947208,-0.010847615163280082,0.0,0.0,-0.26745277839831066,-0.3471236852249626,0.0,0.0,0,False,True,1762961874.2831354
8,12,-0.00735390500474969,-0.0025912663395681137,0.0,0.0,-0.08824686005699628,-0.031095196074817366,0.0,0.0,0,False,True,1762961889.1635263
