episode_index,steps,mean_reward_drift,mean_reward_progress,mean_reward_intrusion,mean_reward_proximity,sum_reward_drift,sum_reward_progress,sum_reward_intrusion,sum_reward_proximity,total_intrusions,terminated_waypoint,truncated,finished_at
1,46,-0.007247662309110957,0.00026847395385186075,0.0,0.0,-0.333392466219104,0.012349801877185596,0.0,0.0,0,False,True,1762961787.660077
2,37,-0.007858431494913347,-0.006095675064226396,0.0,0.0,-0.2907619653117938,-0.22553997737637665,0.0,0.0,0,False,True,1762961818.8664024
3,23,-0.009141612920387348,-0.016912003957831035,0.0,0.0,-0.21025709716890903,-0.38897609103011377,0.0,0.0,0,False,True,1762961827.680324
4,32,-0.007713962764959782,-0.0037725636820466063,0.0,0.0,-0.24684680847871301,-0.1207220378254914,0.0,0.0,0,False,True,1762961833.8434284
5,59,-0.006905052626082793,0.00366925671959442,0.0,-0.038171600232723,-0.4073981049388848,0.21648614645607078,0.0,-2.252124413730657,0,False,True,1762961850.6351516
6,75,-0.006921030438976931,0.002380468604542426,0.0,0.0,-0.5190772829232698,0.17853514534068193,0.0,0.0,0,False,True,1762961870.719765
7,132,-0.005667361489164501,0.011674870448160606,0.0,0.0,-0.7480917165697141,1.5410828991572,0.0,0.0,0,False,True,1762961884.986867
8,30,-0.007387037271458149,-0.0034033706850901493,0.0,0.0,-0.22161111814374448,-0.10210112055270448,0.0,0.0,0,False,True,1762961891.10191
9,119,-0.007302262328270202,-0.0009645198513885491,0.0,0.0,-0.8689692170641541,-0.11477786231523734,0.0,0.0,0,False,True,1762961932.7689085
