episode_index,steps,mean_reward_drift,mean_reward_progress,mean_reward_intrusion,mean_reward_proximity,sum_reward_drift,sum_reward_progress,sum_reward_intrusion,sum_reward_proximity,total_intrusions,terminated_waypoint,truncated,finished_at
1,300,-0.003189299125936962,0.006572803292802543,0.0,0.0,-0.9567897377810886,1.971840987840763,0.0,0.0,0,False,True,1762961814.805693
2,85,-0.007353650195909465,-0.0017074577263371934,0.0,-0.10543648938764837,-0.6250602666523045,-0.14513390673866144,0.0,-8.962101597950111,0,False,True,1762961824.011469
3,45,-0.007356462339145816,-0.001291662281736963,0.0,-0.13103137884800878,-0.3310408052615617,-0.058124802678163334,0.0,-5.8964120481603945,0,False,True,1762961830.0637426
4,45,-0.008494244277827244,-0.012161574056596866,0.0,0.0,-0.382240992502226,-0.5472708325468589,0.0,0.0,0,False,True,1762961835.2531755
5,77,-0.007642193313521603,-0.006362629189961886,0.0,-0.02924836900948905,-0.5884488851411634,-0.48992244762706527,0.0,-2.252124413730657,0,False,True,1762961852.5433018
6,74,-0.007769624723365468,-0.006312793906662275,0.0,0.0,-0.5749522295290447,-0.46714674909300835,0.0,0.0,0,False,True,1762961870.6092634
7,158,-0.007109055517345007,-0.0014426122163114729,0.0,0.0,-1.123230771740511,-0.22793273017721272,0.0,0.0,0,False,True,1762961887.7675908
8,120,-0.006836202280129914,0.0009017296561943852,0.0,-0.05466212976196128,-0.8203442736155896,0.10820755874332622,0.0,-6.559455571435354,0,False,True,1762961900.7732232
9,121,-0.007997874876803566,-0.008622910393076774,0.0,0.0,-0.9677428600932314,-1.0433721575622896,0.0,0.0,0,False,True,1762961932.9821663
