episode_index,steps,mean_reward_drift,mean_reward_progress,mean_reward_intrusion,mean_reward_proximity,sum_reward_drift,sum_reward_progress,sum_reward_intrusion,sum_reward_proximity,total_intrusions,terminated_waypoint,truncated,finished_at
1,97,-0.006868180917232159,0.0022780771386491706,-0.12371134020618557,-0.14087176065725565,-0.6662135489715194,0.22097348244896953,-12.0,-13.6645607837538,1,False,True,1762961793.0495372
2,95,-0.007680785849961718,-0.005668518788312082,0.0,0.0,-0.7296746557463633,-0.5385092848896478,0.0,0.0,0,False,True,1762961825.0856528
3,9,-0.009263512068381309,-0.014108077666540196,0.0,0.0,-0.08337160861543179,-0.12697269899886177,0.0,0.0,0,False,True,1762961826.16918
4,27,-0.008314876412104797,-0.009121277824034416,0.0,0.0,-0.22450166312682954,-0.24627450124892925,0.0,0.0,0,False,True,1762961833.2998247
5,19,-0.007949269286733509,-0.007705187112561512,0.0,0.0,-0.15103611644793666,-0.14639855513866873,0.0,0.0,0,False,True,1762961846.3393242
6,30,-0.008605391505526713,-0.013452238947948947,0.0,0.0,-0.25816174516580137,-0.4035671684384684,0.0,0.0,0,False,True,1762961865.8451517
7,83,-0.007851370851626517,-0.007204074410299639,0.0,0.0,-0.651663780685001,-0.5979381760548701,0.0,0.0,0,False,True,1762961879.7613025
8,300,-0.003803640970422689,0.005472742914306962,0.0,-0.008168223078573705,-1.1410922911268067,1.6418228742920886,0.0,-2.4504669235721117,0,False,True,1762961919.9421418
