episode_index,steps,mean_reward_drift,mean_reward_progress,mean_reward_intrusion,mean_reward_proximity,sum_reward_drift,sum_reward_progress,sum_reward_intrusion,sum_reward_proximity,total_intrusions,terminated_waypoint,truncated,finished_at
1,39,-0.008681009369254465,-0.013667387986530808,0.0,0.0,-0.33855936540092413,-0.5330281314747015,0.0,0.0,0,False,True,1762961786.9132276
2,44,-0.008139334601215704,-0.007617063497174403,0.0,0.0,-0.358130722453491,-0.3351507938756737,0.0,0.0,0,False,True,1762961819.6160173
3,45,-0.006205911125259361,0.010235721127398604,0.0,-0.3290267749886203,-0.27926600063667123,0.46060745073293713,0.0,-14.806204874487914,0,False,True,1762961830.0637426
4,127,-0.006423720000279548,0.006944409710318477,0.0,-0.003963192895067564,-0.8158124400355026,0.8819400332104466,0.0,-0.5033254976735807,0,False,True,1762961844.0770297
5,170,-0.005463407785972877,0.01401717090220936,0.0,0.0,-0.9287793236153891,2.3829190533755913,0.0,0.0,0,False,True,1762961862.488905
6,12,-0.008050101466943481,-0.0057309071919159115,0.0,0.0,-0.09660121760332177,-0.06877088630299094,0.0,0.0,0,False,True,1762961863.8891711
7,77,-0.007363215676493937,-0.0036256927025979666,0.0,0.0,-0.5669676070900331,-0.27917833810004344,0.0,0.0,0,False,True,1762961879.1154737
8,149,-0.006601100901333855,0.004428450706486783,0.0,-0.02757710501921639,-0.9835640342987444,0.6598391552665306,0.0,-4.108988647863242,0,False,True,1762961903.8753297
