episode_index,steps,mean_reward_drift,mean_reward_progress,mean_reward_intrusion,sum_reward_drift,sum_reward_progress,sum_reward_intrusion,total_intrusions,finished_at
1,6,-0.17562150611060912,0.0,0.0,-1.0537290366636547,0.0,0.0,0,1761055477.3879385
2,11,-0.1896159178460964,0.0,0.0,-2.0857750963070605,0.0,0.0,0,1761055477.913297
3,11,-0.20002690045763147,0.0,0.0,-2.200295905033946,0.0,0.0,0,1761055478.3330224
4,34,-0.22240262510981346,0.0,0.0,-7.5616892537336575,0.0,0.0,0,1761055479.1448984
5,44,-0.18066590336238905,0.0,0.0,-7.949299747945118,0.0,0.0,0,1761055480.428194
