episode_index,steps,mean_reward_drift,mean_reward_progress,mean_reward_intrusion,sum_reward_drift,sum_reward_progress,sum_reward_intrusion,total_intrusions,finished_at
1,3,-0.0689481833930734,0.0,0.0,-0.2068445501792202,0.0,0.0,0,1761055477.3319871
2,2,-0.13451986005255395,0.0,0.0,-0.2690397201051079,0.0,0.0,0,1761055477.7773623
3,13,-0.16241418517850012,0.0,0.0,-2.1113844073205015,0.0,0.0,0,1761055478.3593843
4,11,-0.08293739339444496,0.0,0.0,-0.9123113273388945,0.0,0.0,0,1761055478.8044047
5,11,-0.12332939943647178,0.0,0.0,-1.3566233938011896,0.0,0.0,0,1761055479.9875653
6,47,-0.19077851629814027,0.0,0.0,-8.966590266012593,0.0,0.0,0,1761055513.9344614
7,19,-0.1792789983089276,0.0,0.0,-3.4063009678696243,0.0,0.0,0,1761055514.755541
8,88,-0.13830075802320205,0.0,0.0,-12.17046670604178,0.0,0.0,0,1761055516.4874353
