episode_index,steps,mean_reward_drift,mean_reward_progress,mean_reward_intrusion,mean_reward_proximity,sum_reward_drift,sum_reward_progress,sum_reward_intrusion,sum_reward_proximity,total_intrusions,terminated_waypoint,truncated,finished_at
1,145,-0.0026071682023521255,-0.0014665192298298254,-0.020689655172413793,-0.018270107377246502,-0.3780393893410582,-0.2126452883253247,-3.0,-2.649165569700743,1,False,True,1762870448.7885222
2,400,-0.0025692770797522647,0.0009789035581559782,-0.0075,-0.003276691752500196,-1.0277108319009058,0.39156142326239124,-3.0,-1.3106767010000784,1,False,True,1762870490.9692376
