episode_index,steps,mean_reward_drift,mean_reward_progress,mean_reward_intrusion,mean_reward_proximity,sum_reward_drift,sum_reward_progress,sum_reward_intrusion,sum_reward_proximity,total_intrusions,terminated_waypoint,truncated,finished_at
1,51,-0.0031749541252985057,-0.003625648672977901,0.0,0.0,-0.1619226603902238,-0.18490808232187295,0.0,0.0,0,False,True,1762870444.906068
2,129,-0.0016838310992374913,0.0020014143341936623,-0.023255813953488372,-0.009449116350006453,-0.2172142118016364,0.2581824491109824,-3.0,-1.2189360091508326,1,False,True,1762870466.2501311
3,135,-0.0034758551531869947,-0.004941183373789626,0.0,-0.011229922797581643,-0.4692404456802443,-0.6670597554615995,0.0,-1.5160395776735218,0,False,True,1762870484.8686304
