episode_index,steps,mean_reward_drift,mean_reward_progress,mean_reward_intrusion,mean_reward_proximity,sum_reward_drift,sum_reward_progress,sum_reward_intrusion,sum_reward_proximity,total_intrusions,terminated_waypoint,truncated,finished_at
1,100,-0.002403968259375965,-0.0008728327909061328,-0.03,-0.03438511836629004,-0.2403968259375965,-0.08728327909061329,-3.0,-3.438511836629004,1,False,True,1762870445.771769
2,257,-0.0019229438093762317,0.0038769257298805013,-0.011673151750972763,-0.015370261700796606,-0.49419655900969156,0.9963699125792889,-3.0,-3.9501572571047276,1,True,False,1762870475.2552514
3,109,-0.0031307177011818655,-0.0032881544446270593,0.0,0.0,-0.3412482294288233,-0.35840883446434946,0.0,0.0,0,False,True,1762870482.8209531
4,183,-0.002007182161454496,-0.001447136691202341,-0.01639344262295082,-0.0037808185299292502,-0.36731433554617277,-0.2648260144900284,-3.0,-0.6918897909770528,1,False,True,1762870497.9892638
