episode_index,steps,mean_reward_drift,mean_reward_progress,mean_reward_intrusion,mean_reward_path_efficiency,mean_reward_boundary,mean_reward_step,mean_reward_proximity,sum_reward_drift,sum_reward_progress,sum_reward_intrusion,sum_reward_path_efficiency,sum_reward_boundary,sum_reward_step,sum_reward_proximity,total_intrusions,terminated_waypoint,terminated_collision,truncated,finished_at
1,9,-0.0032091160299899794,0.00565197711617854,0.0,0.0,-0.2222222222222222,-0.005,0.0,-0.028882044269909816,0.05086779404560686,0.0,0.0,-2.0,-0.045,0.0,0,False,False,True,1764700200.8133428
2,58,-0.0069449708912407825,-0.01083153458207684,-1.8103448275862069,0.0,-0.034482758620689655,-0.005000000000000003,0.48079420642991383,-0.4028083116919654,-0.6282290057604567,-105.0,0.0,-2.0,-0.29000000000000015,27.886063972935002,7,False,False,True,1764700220.8905485
3,384,-0.0050158300418433315,-0.0002661923638821763,-0.7421875,0.0,-0.005208333333333333,-0.004999999999999951,0.06850148256058243,-1.9260787360678393,-0.1022178677307557,-285.0,0.0,-2.0,-1.919999999999981,26.304569303263655,19,False,False,True,1764700271.0015457
