episode_index,steps,mean_reward_drift,mean_reward_progress,mean_reward_intrusion,mean_reward_proximity,sum_reward_drift,sum_reward_progress,sum_reward_intrusion,sum_reward_proximity,total_intrusions,terminated_waypoint,truncated,finished_at
1,99,-0.0025431417363169155,-0.002028891879938652,0.0,0.0,-0.25177103189537464,-0.20086029611392653,0.0,0.0,0,False,True,1762865677.6857157
2,320,-0.0023688652763375236,5.1786191055613016e-05,0.0,-0.0018459360003499933,-0.7580368884280075,0.016571581137796165,0.0,-0.5906995201119979,0,False,True,1762865704.1892262
3,267,-0.0029310034178042788,-0.0021612822145598066,0.0,-0.0077185999871080355,-0.7825779125537424,-0.5770623512874684,0.0,-2.0608661965578454,0,False,True,1762865723.1862774
