episode_index,steps,mean_reward_drift,mean_reward_progress,mean_reward_intrusion,sum_reward_drift,sum_reward_progress,sum_reward_intrusion,total_intrusions,finished_at
1,21,-0.05136753968239281,0.047619047619047616,0.0,-1.078718333330249,1.0,0.0,0,1761056923.0369344
2,6,-0.07685181153343687,0.0,0.0,-0.4611108692006212,0.0,0.0,0,1761056923.5096598
3,19,-0.09739771463432312,0.0,0.0,-1.8505565780521394,0.0,0.0,0,1761056924.2932882
