episode_index,steps,mean_reward_drift,mean_reward_progress,mean_reward_intrusion,sum_reward_drift,sum_reward_progress,sum_reward_intrusion,total_intrusions,finished_at
1,12,-0.1561555705173426,0.0,0.0,-1.8738668462081112,0.0,0.0,0,1761056922.8909106
2,11,-0.18810648325570964,0.0,0.0,-2.069171315812806,0.0,0.0,0,1761056923.5985465
3,13,-0.14648742225751693,0.0,0.0,-1.90433648934772,0.0,0.0,0,1761056924.2199254
4,28,-0.2123687131926366,0.0,0.0,-5.946323969393824,0.0,0.0,0,1761056924.7734056
5,37,-0.2051357140107962,0.0,0.0,-7.590021418399459,0.0,0.0,0,1761056961.0050125
6,25,-0.11045109964996211,0.0,0.0,-2.7612774912490528,0.0,0.0,0,1761056961.66395
