episode_index,steps,mean_reward_drift,mean_reward_progress,mean_reward_intrusion,mean_reward_proximity,sum_reward_drift,sum_reward_progress,sum_reward_intrusion,sum_reward_proximity,total_intrusions,terminated_waypoint,truncated,finished_at
1,27,-0.026858323154019995,0.0023021203112950166,0.0,0.0,-0.7251747251585399,0.06215724840496545,0.0,0.0,0,False,True,1761568938.1020513
2,239,-0.027688218083609703,0.0015500607181982992,0.0,0.0,-6.617484121982719,0.37046451164939354,0.0,0.0,0,False,True,1761568941.1896381
