episode_index,steps,mean_reward_drift,mean_reward_progress,mean_reward_intrusion,sum_reward_drift,sum_reward_progress,sum_reward_intrusion,total_intrusions,finished_at
1,29,-0.12173916099464509,0.0,0.0,-3.5304356688447074,0.0,0.0,0,1761054472.1122334
2,3,-0.10664776350090126,0.0,0.0,-0.31994329050270376,0.0,0.0,0,1761054472.3126173
3,26,-0.08263876989347207,0.0,0.0,-2.148608017230274,0.0,0.0,0,1761054473.2845519
4,54,-0.14601906014049026,0.0,0.0,-7.885029247586474,0.0,0.0,0,1761054474.557597
