episode_index,steps,mean_reward_drift,mean_reward_progress,mean_reward_intrusion,sum_reward_drift,sum_reward_progress,sum_reward_intrusion,total_intrusions,finished_at
1,28,-0.21031335269312237,0.0,0.0,-5.888773875407426,0.0,0.0,0,1761054472.1004934
2,10,-0.19429993015916297,0.0,0.0,-1.9429993015916296,0.0,0.0,0,1761054472.4139879
3,24,-0.17403915365085618,0.0,0.0,-4.176939687620548,0.0,0.0,0,1761054473.258084
4,10,-0.13599961159186927,0.0,0.0,-1.3599961159186926,0.0,0.0,0,1761054473.981823
5,6,-0.21230499466040945,0.0,0.0,-1.2738299679624567,0.0,0.0,0,1761054474.6721592
6,96,-0.15804728879099506,0.0,-0.010416666666666666,-15.172539723935525,0.0,-1.0,1,1761054512.7950568
