episode_index,steps,mean_reward_drift,mean_reward_progress,mean_reward_intrusion,mean_reward_proximity,sum_reward_drift,sum_reward_progress,sum_reward_intrusion,sum_reward_proximity,total_intrusions,terminated_waypoint,truncated,finished_at
1,154,-0.002199643584842758,0.0009221362876346554,0.0,-0.03240632009806626,-0.3387451120657847,0.14200898829573694,0.0,-4.990573295102204,0,False,True,1762865681.0641384
2,203,-0.002979428281945499,-0.0022264726745121516,0.0,-0.0009218701760109362,-0.6048239412349363,-0.45197395292596676,0.0,-0.18713964573022004,0,False,True,1762865696.889347
