episode_index,steps,mean_reward_drift,mean_reward_progress,mean_reward_intrusion,mean_reward_proximity,sum_reward_drift,sum_reward_progress,sum_reward_intrusion,sum_reward_proximity,total_intrusions,terminated_waypoint,truncated,finished_at
1,173,-0.0016644066612008515,0.0033728653201652663,0.0,-0.0012584068216301915,-0.2879423523877473,0.5835057003885911,0.0,-0.21770438014202312,0,False,True,1762865682.429938
2,128,-0.0021142085078146083,0.0011607797693093816,-0.0234375,-0.006079060019104558,-0.27061868900026986,0.14857981047160085,-3.0,-0.7781196824453834,1,False,True,1762865691.265149
3,144,-0.0023053535237285098,-0.0008616407425134712,0.0,-0.0010489702886234478,-0.3319709074169054,-0.12407626692193985,0.0,-0.1510517215617765,0,False,True,1762865706.5988646
4,229,-0.0019909546175419235,0.0014690654824052534,0.0,0.0,-0.45592860741710045,0.33641599547080303,0.0,0.0,0,False,True,1762865723.1984508
