episode_index,steps,mean_reward_drift,mean_reward_progress,mean_reward_intrusion,sum_reward_drift,sum_reward_progress,sum_reward_intrusion,finished_at
1,33,-0.19199992387502354,-0.005983959672454984,0.0,-6.335997487875777,-0.19747066919101447,0.0,1760537917.0013895
2,20,-0.23335406351447247,-0.012585839265772664,0.0,-4.667081270289449,-0.2517167853154533,0.0,1760537917.734823
3,44,-0.22545671042713183,-0.011375919445894368,-0.06818181818181818,-9.9200952587938,-0.5005404556193522,-3.0,1760537919.10322
