episode_index,steps,mean_reward_drift,mean_reward_progress,mean_reward_intrusion,sum_reward_drift,sum_reward_progress,sum_reward_intrusion,finished_at
1,29,-0.1789531919130715,-0.003721446214995169,0.0,-5.189642565479073,-0.1079219402348599,0.0,1760537916.9355261
2,5,-0.06736453154524688,0.019155626269339844,0.0,-0.3368226577262344,0.09577813134669921,0.0,1760537917.4606626
3,23,-0.08081721397577074,0.016111358781926367,0.0,-1.858795921442727,0.37056125198430645,0.0,1760537918.8134584
4,28,-0.17858558257427187,-0.0034820006105933227,-0.03571428571428571,-5.000396312079612,-0.09749601709661304,-1.0,1760537919.5496054
5,28,-0.0896606185084062,0.013205852884036624,0.0,-2.5104973182353736,0.36976388075302546,0.0,1760537952.577421
6,148,-0.1641075777319244,-0.002064723546032441,0.0,-24.28792150432481,-0.30557908481280127,0.0,1760537954.6572735
