episode_index,steps,mean_reward_drift,mean_reward_progress,mean_reward_intrusion,sum_reward_drift,sum_reward_progress,sum_reward_intrusion,finished_at
1,55,-0.14618776474365855,0.002141634127761447,0.0,-8.04032706090122,0.1177898770268796,0.0,1760537917.328509
2,32,-0.2115477952943385,-0.00672526884012975,0.0,-6.769529449418832,-0.215208602884152,0.0,1760537917.9329867
3,28,-0.08040512472800501,0.013885108188248884,0.0,-2.2513434923841404,0.38878302927096875,0.0,1760537918.8875618
4,47,-0.10350648541921682,0.009034536915289047,0.0,-4.864804814703191,0.42462323501858523,0.0,1760537952.1316743
5,7,-0.09392936459151754,0.015514869515795875,0.0,-0.6575055521406228,0.10860408661057112,0.0,1760537952.2899287
6,13,-0.06470973574877957,0.01608931984058414,0.0,-0.8412265647341344,0.20916115792759382,0.0,1760537952.8278837
7,77,-0.1784633355792567,-0.003505577404349404,-0.025974025974025976,-13.741676839602766,-0.2699294601349041,-2.0,1760537988.1338625
8,149,-0.13101609078850907,0.0036115674359193982,-0.006711409395973154,-19.52139752748785,0.5381235479519904,-1.0,1760537990.3827791
