episode_index,steps,mean_reward_drift,mean_reward_progress,mean_reward_intrusion,sum_reward_drift,sum_reward_progress,sum_reward_intrusion,finished_at
1,7,-0.21352652931618868,-0.005575527274699962,0.0,-1.4946857052133207,-0.039028690922899734,0.0,1760537916.613653
2,66,-0.16822410307400903,-0.0023352550654617394,0.0,-11.102790802884597,-0.1541268343204748,0.0,1760537918.370812
3,10,-0.17723075185872766,-0.001975827712254366,0.0,-1.7723075185872768,-0.01975827712254366,0.0,1760537918.6047747
4,50,-0.18652822251896603,-0.002293809981170969,0.0,-9.326411125948301,-0.11469049905854845,0.0,1760537952.1673362
