episode_index,steps,mean_reward_drift,mean_reward_progress,mean_reward_intrusion,sum_reward_drift,sum_reward_progress,sum_reward_intrusion,total_intrusions,finished_at
1,40,-0.16290995799540775,0.0,0.0,-6.51639831981631,0.0,0.0,0,1761053491.2534752
2,40,-0.16577512183748924,0.0,0.0,-6.6310048734995695,0.0,0.0,0,1761053492.403858
3,37,-0.20366049001953,0.0,-0.05405405405405406,-7.53543813072261,0.0,-2.0,2,1761053493.2424843
4,41,-0.21407098984876335,0.0,0.0,-8.776910583799298,0.0,0.0,0,1761053529.4863608
5,17,-0.1959922182581546,0.0,0.0,-3.3318677103886283,0.0,0.0,0,1761053529.8044019
6,52,-0.18887932045922554,0.0,0.0,-9.821724663879728,0.0,0.0,0,1761053531.009581
7,67,-0.127602888736141,0.0,0.0,-8.549393545321447,0.0,0.0,0,1761053532.0378025
