episode_index,steps,mean_reward_drift,mean_reward_progress,mean_reward_intrusion,mean_reward_proximity,sum_reward_drift,sum_reward_progress,sum_reward_intrusion,sum_reward_proximity,total_intrusions,terminated_waypoint,truncated,finished_at
1,172,-0.02287001015559845,0.00303642990662711,-0.10465116279069768,-0.3972271754965542,-3.9336417467629334,0.5222659439398629,-18.0,-68.32307418540732,3,False,True,1761568939.184889
2,226,-0.04011905783166871,-0.0020947623776376542,0.0,-0.21069361685244092,-9.066907069957129,-0.4734162973461099,0.0,-47.61675740865165,0,False,True,1761568940.8147893
