episode_index,steps,mean_reward_drift,mean_reward_progress,mean_reward_intrusion,sum_reward_drift,sum_reward_progress,sum_reward_intrusion,finished_at
1,6,-0.12251341075504346,0.010081042708874948,0.0,-0.7350804645302608,0.06048625625324969,0.0,1760537916.6156523
2,3,-0.11441025895959334,0.014905535005413209,0.0,-0.34323077687878,0.04471660501623963,0.0,1760537917.2898405
3,118,-0.15876131912548436,0.0006956855270168205,0.0,-18.733835656807155,0.08209089218798482,0.0,1760537952.3679242
4,108,-0.1319913706114864,0.004924290355188258,-0.009259259259259259,-14.255068026040533,0.5318233583603318,-1.0,1760537953.933228
5,67,-0.1076980572178701,0.009422151285184192,0.0,-7.215769833597297,0.6312841361073409,0.0,1760537954.9289944
6,35,-0.07887445074812485,0.014713634237576925,-0.08571428571428572,-2.7606057761843696,0.5149771983151924,-3.0,1760537987.7552378
7,28,-0.12298583523659987,0.007694048957090818,-0.03571428571428571,-3.443603386624796,0.2154333707985429,-1.0,1760537988.878327
