episode_index,steps,mean_reward_drift,mean_reward_progress,mean_reward_intrusion,sum_reward_drift,sum_reward_progress,sum_reward_intrusion,finished_at
1,34,-0.10001715255312783,0.012136324992361466,0.0,-3.4005831868063465,0.41263504974028986,0.0,1760537917.0013895
2,14,-0.21940661809438608,-0.009134838491585473,0.0,-3.071692653321405,-0.12788773888219662,0.0,1760537917.452142
3,16,-0.1638453125332127,0.0006724863280813641,0.0,-2.621525000531403,0.010759781249301825,0.0,1760537918.4400527
4,20,-0.14401443492458715,0.003482657826300889,0.0,-2.8802886984917433,0.06965315652601778,0.0,1760537952.7114403
5,26,-0.0813235539371313,0.014566443789028046,-0.15384615384615385,-2.1144124023654136,0.3787275385147292,-4.0,1760537954.3787324
6,77,-0.1297742931330644,0.004212616757378872,0.0,-9.99262057124596,0.32437149031817314,0.0,1760537988.3843904
