episode_index,steps,mean_reward_drift,mean_reward_progress,mean_reward_intrusion,sum_reward_drift,sum_reward_progress,sum_reward_intrusion,finished_at
1,20,-0.1830042463791364,-0.0011018420431893438,0.0,-3.660084927582728,-0.022036840863786877,0.0,1760537916.8194265
2,57,-0.22384232906009385,-0.011131983188621594,0.0,-12.75901275642535,-0.6345230417514308,0.0,1760537918.0678136
3,26,-0.1548980463621961,0.001494683405943643,0.0,-4.0273492054170985,0.038861768554534715,0.0,1760537918.5753682
4,5,-0.08242369894792405,0.016386523931247666,0.0,-0.41211849473962026,0.08193261965623833,0.0,1760537952.465952
5,32,-0.1288403136163125,0.00606994356410161,-0.03125,-4.122890035722,0.19423819405125153,-1.0,1760537954.4773564
6,8,-0.10815938663893629,0.011149877485465101,-0.25,-0.8652750931114903,0.08919901988372081,-2.0,1760537955.1023362
7,26,-0.2186873722944589,-0.009693406883329267,0.0,-5.685871679655931,-0.25202857896656095,0.0,1760537988.8396113
8,61,-0.16889287476044224,-0.0009940753324320032,-0.01639344262295082,-10.302465360386977,-0.06063859527835219,-1.0,1760537989.9378934
