episode_index,steps,mean_reward_drift,mean_reward_progress,mean_reward_intrusion,sum_reward_drift,sum_reward_progress,sum_reward_intrusion,finished_at
1,16,-0.08012176843883102,0.01527280258274731,0.0,-1.2819482950212964,0.24436484132395697,0.0,1760537916.8096502
2,46,-0.1476051555627577,0.002757443248820469,0.0,-6.789837155886854,0.12684238944574158,0.0,1760537917.868931
3,148,-0.13324332793037127,0.004716726827827531,0.0,-19.72001253369495,0.6980755705184747,0.0,1760537953.4692478
