episode_index,steps,mean_reward_drift,mean_reward_progress,mean_reward_intrusion,sum_reward_drift,sum_reward_progress,sum_reward_intrusion,finished_at
1,20,-0.1882704730057056,-0.0060060233323786984,0.0,-3.765409460114112,-0.12012046664757398,0.0,1760537916.875008
2,38,-0.23451665182868103,-0.01303177010144308,-0.02631578947368421,-8.911632769489879,-0.495207263854837,-1.0,1760537917.7338228
3,20,-0.17448119029334547,-0.002766485763324672,0.0,-3.4896238058669096,-0.05532971526649344,0.0,1760537919.5002925
4,119,-0.17977073336951602,-0.003553542955856736,-0.03361344537815126,-21.392717270972405,-0.4228716117469516,-4.0,1760537987.708797
