episode_index,steps,mean_reward_drift,mean_reward_progress,mean_reward_intrusion,sum_reward_drift,sum_reward_progress,sum_reward_intrusion,finished_at
1,5,-0.08210067016844849,0.020779499780937766,0.0,-0.41050335084224243,0.10389749890468883,0.0,1760537916.611653
2,23,-0.1357905701313328,0.0051946458254681915,0.0,-3.123183113020654,0.1194768539857684,0.0,1760537917.480257
3,22,-0.10121233951058882,0.010676061255806868,0.0,-2.226671469232954,0.23487334762775108,0.0,1760537919.529599
4,72,-0.15041214341398465,0.0019011235941621214,-0.027777777777777776,-10.829674325806895,0.13688089877967274,-2.0,1760537954.5807037
5,57,-0.11713343875723772,0.004592150988985551,0.0,-6.67660600916255,0.2617526063721764,0.0,1760537988.6963158
