episode_index,steps,mean_reward_drift,mean_reward_progress,mean_reward_intrusion,mean_reward_proximity,sum_reward_drift,sum_reward_progress,sum_reward_intrusion,sum_reward_proximity,total_intrusions,terminated_waypoint,truncated,finished_at
1,40,-0.0025999849344743153,-0.0005771048662271516,0.0,0.0,-0.10399939737897261,-0.023084194649086065,0.0,0.0,0,False,True,1762870444.6917515
2,79,-0.002496691644972268,-0.0012566486207916713,0.0,-0.0023629525456091913,-0.19723863995280919,-0.09927524104254204,0.0,-0.1866732511031261,0,False,True,1762870454.7264793
3,104,-0.002034763812575168,-0.0005030539533949454,-0.057692307692307696,-0.029740865713442935,-0.21161543650781747,-0.05231761115307432,-6.0,-3.093050034198065,2,False,True,1762870473.5729792
4,140,-0.003477667767499537,-0.003734904627124957,0.0,0.0,-0.48687348744993514,-0.5228866477974939,0.0,0.0,0,False,True,1762870483.4156718
5,184,-0.0015460867605775505,0.00353037117258884,-0.016304347826086956,-0.002133694128809256,-0.2844799639462693,0.6495882957563466,-3.0,-0.3925997197009031,1,False,True,1762870497.3648734
