episode_index,steps,mean_reward_drift,mean_reward_progress,mean_reward_intrusion,mean_reward_proximity,sum_reward_drift,sum_reward_progress,sum_reward_intrusion,sum_reward_proximity,total_intrusions,terminated_waypoint,truncated,finished_at
1,83,-0.0037106015053292893,-0.006071498754118397,0.0,0.0,-0.307979924942331,-0.5039343965918269,0.0,0.0,0,False,True,1762870445.504762
2,243,-0.002449693028418145,-0.000494170656774825,0.0,-2.885493388902309e-05,-0.5952754059056092,-0.12008346959628247,0.0,-0.00701174893503261,0,False,True,1762870466.2239256
