episode_index,steps,mean_reward_drift,mean_reward_progress,mean_reward_intrusion,mean_reward_proximity,sum_reward_drift,sum_reward_progress,sum_reward_intrusion,sum_reward_proximity,total_intrusions,terminated_waypoint,truncated,finished_at
1,104,-0.0025526538218194495,-0.002223851426117814,0.0,-0.004305345313149604,-0.26547599746922274,-0.23128054831625267,0.0,-0.44775591256755876,0,False,True,1762851834.52756
2,135,-0.0031507222929294657,-0.0027754388110482536,-0.022222222222222223,-0.007331800294850383,-0.4253475095454779,-0.37468423949151425,-3.0,-0.9897930398048017,1,False,True,1762851855.5325186
3,185,-0.002716009226204916,-0.001979015157780852,0.0,-0.01895764150788234,-0.5024617068479095,-0.3661178041894576,0.0,-3.507163678958233,0,False,True,1762852071.074265
