episode_index,steps,mean_reward_drift,mean_reward_progress,mean_reward_intrusion,mean_reward_proximity,sum_reward_drift,sum_reward_progress,sum_reward_intrusion,sum_reward_proximity,total_intrusions,terminated_waypoint,truncated,finished_at
1,139,-0.0019296445314235312,0.0031894479776309083,0.0,0.0,-0.26822058986787084,0.44333326889069624,0.0,0.0,0,False,True,1762851835.3685534
2,81,-0.003463601415913172,-0.0046232788852359485,0.0,0.0,-0.28055171468896695,-0.37448558970411183,0.0,0.0,0,False,True,1762851838.1534126
3,168,-0.0027120475195170192,-0.0013788405504832717,0.0,0.0,-0.4556239832788592,-0.23164521248118963,0.0,0.0,0,False,True,1762851991.5093563
4,205,-0.0019234309748333612,0.0014357519896041851,-0.02926829268292683,-0.009151898303615201,-0.39430334984083903,0.29432915786885794,-6.0,-1.8761391522411164,2,False,True,1762852110.3694525
