episode_index,steps,mean_reward_drift,mean_reward_progress,mean_reward_intrusion,mean_reward_proximity,sum_reward_drift,sum_reward_progress,sum_reward_intrusion,sum_reward_proximity,total_intrusions,terminated_waypoint,truncated,finished_at
1,74,-0.0012065118814984812,0.003977973174663615,0.0,0.0,-0.08928187923088761,0.2943700149251075,0.0,0.0,0,False,True,1762870864.5749285
2,82,-0.0028474994336629197,-0.0037414914224657,0.0,0.0,-0.23349495356035943,-0.3068022966421874,0.0,0.0,0,False,True,1762870876.298771
3,111,-0.0026521237052457595,-0.0013135876946530362,-0.02702702702702703,-0.03668728110319608,-0.2943857312822793,-0.14580823410648702,-3.0,-4.072288202454764,1,False,True,1762870888.7002738
4,325,-0.0021202271559398593,0.0004989346287116936,0.0,-0.0023171587838633667,-0.6890738256804543,0.16215375433130041,0.0,-0.7530766047555942,0,False,True,1762870913.7947185
