episode_index,steps,mean_reward_drift,mean_reward_progress,mean_reward_intrusion,mean_reward_proximity,sum_reward_drift,sum_reward_progress,sum_reward_intrusion,sum_reward_proximity,total_intrusions,terminated_waypoint,truncated,finished_at
1,154,-0.002508415901503402,-0.00144023418203366,-0.01948051948051948,-0.012101741017256647,-0.38629604883152385,-0.22179606403318364,-3.0,-1.8636681166575235,1,False,True,1762870868.2099793
2,152,-0.0024058158649482796,-0.0005347155185132776,0.0,0.0,-0.36568401147213847,-0.08127675881401819,0.0,0.0,0,False,True,1762870881.0160017
