episode_index,steps,mean_reward_drift,mean_reward_progress,mean_reward_intrusion,mean_reward_proximity,sum_reward_drift,sum_reward_progress,sum_reward_intrusion,sum_reward_proximity,total_intrusions,terminated_waypoint,truncated,finished_at
1,163,-0.00184468899619565,0.0018063195837131664,0.0,-0.010227131304836176,-0.30068430637989096,0.2944300921452461,0.0,-1.6670224026882967,0,False,True,1762870868.7837234
2,120,-0.0016010266224052631,0.0034441976544240614,0.0,0.0,-0.19212319468863157,0.4133037185308874,0.0,0.0,0,False,True,1762870878.802795
3,149,-0.002877073616957256,-0.00346691549008927,-0.040268456375838924,-0.020062337463422033,-0.42868396892663113,-0.5165704080233012,-6.0,-2.9892882820498827,2,False,True,1762870891.0452735
