episode_index,steps,mean_reward_drift,mean_reward_progress,mean_reward_intrusion,sum_reward_drift,sum_reward_progress,sum_reward_intrusion,finished_at
1,110,-0.14468463339770582,0.0,0.0,-15.915309673747641,0.0,0.0,1761043112.941465
2,7,-0.1293959923767015,0.0,0.0,-0.9057719466369105,0.0,0.0,1761043113.0909324
3,75,-0.18283672746284102,0.0,-0.013333333333333334,-13.712754559713076,0.0,-1.0,1761043149.487811
