episode_index,steps,mean_reward_drift,mean_reward_progress,mean_reward_intrusion,sum_reward_drift,sum_reward_progress,sum_reward_intrusion,finished_at
1,5,-0.1339045880748933,0.0,0.0,-0.6695229403744666,0.0,0.0,1761040919.86122
2,13,-0.16279739708716143,0.0,-0.15384615384615385,-2.1163661621330987,0.0,-2.0,1761040920.8269281
3,60,-0.1640048776858771,0.0,0.0,-9.840292661152626,0.0,0.0,1761040922.6163666
