episode_index,steps,mean_reward_drift,mean_reward_progress,mean_reward_intrusion,mean_reward_proximity,sum_reward_drift,sum_reward_progress,sum_reward_intrusion,sum_reward_proximity,total_intrusions,terminated_waypoint,truncated,finished_at
1,265,-0.0018184418203227987,0.002707191498880288,-0.022641509433962263,-0.008839815059520842,-0.4818870823855417,0.7174057472032763,-6.0,-2.3425509907730233,2,False,True,1762869451.0403721
2,99,-0.0021448124668404915,-0.00035609545125500375,0.0,0.0,-0.21233643421720866,-0.035253449674245374,0.0,0.0,0,False,True,1762869457.719247
3,127,-0.0033061270792357107,-0.0045831631763548425,0.0,0.0,-0.41987813906293525,-0.582061723397065,0.0,0.0,0,False,True,1762869476.7578526
