episode_index,steps,mean_reward_drift,mean_reward_progress,mean_reward_intrusion,mean_reward_proximity,sum_reward_drift,sum_reward_progress,sum_reward_intrusion,sum_reward_proximity,total_intrusions,terminated_waypoint,truncated,finished_at
1,46,-0.0024899338695159403,-0.0019172897371454373,0.0,0.0,-0.11453695799773325,-0.08819532790869011,0.0,0.0,0,False,True,1762869439.8700762
2,80,-0.0024811907585298152,-0.0015640054653406788,-0.0375,-0.008160722768933766,-0.1984952606823852,-0.1251204372272543,-3.0,-0.6528578215147013,1,False,True,1762869456.331567
3,40,-0.0016689960356638257,0.0015636046863562458,0.0,0.0,-0.06675984142655303,0.06254418745424983,0.0,0.0,0,False,True,1762869470.6370146
4,215,-0.0025327491988142476,-0.0008233530689592384,0.0,-0.006472125532693985,-0.5445410777450632,-0.17702090982623625,0.0,-1.3915069895292067,0,False,True,1762869491.011844
