episode_index,steps,mean_reward_drift,mean_reward_progress,mean_reward_intrusion,sum_reward_drift,sum_reward_progress,sum_reward_intrusion,finished_at
1,27,-0.15155850398067386,0.0012843531473609561,0.0,-4.092079607478194,0.034677534978745816,0.0,1760538820.7481124
2,38,-0.11819043204371636,0.0066874993243139415,0.0,-4.491236417661222,0.2541249743239298,0.0,1760538821.8240945
3,39,-0.20898741451313582,-0.009001840765531498,0.0,-8.150509166012297,-0.35107178985572846,0.0,1760538822.5549994
4,39,-0.14722447019945756,0.0030117849433313423,-0.05128205128205128,-5.741754337778844,0.11745961278992234,-2.0,1760538863.2392807
5,67,-0.19536565773630057,-0.006186299757416419,0.0,-13.089499068332138,-0.41448208374690004,0.0,1760538864.3278372
