episode_index,steps,mean_reward_drift,mean_reward_progress,mean_reward_intrusion,sum_reward_drift,sum_reward_progress,sum_reward_intrusion,total_intrusions,finished_at
1,33,-0.19144864790460578,0.0,-0.09090909090909091,-6.317805380851991,0.0,-3.0,3,1761056923.2570496
2,21,-0.19008771902579094,0.0,-0.14285714285714285,-3.9918420995416097,0.0,-3.0,3,1761056923.8782525
3,89,-0.14488244163261255,0.0,0.0,-12.894537305302515,0.0,0.0,0,1761056925.2325044
