episode_index,steps,mean_reward_drift,mean_reward_progress,mean_reward_intrusion,sum_reward_drift,sum_reward_progress,sum_reward_intrusion,total_intrusions,finished_at
1,33,-0.23888528027501024,0.0,0.0,-7.883214249075338,0.0,0.0,0,1761056923.2570496
2,14,-0.12843928965972837,0.0,0.0,-1.7981500552361973,0.0,0.0,0,1761056923.756615
3,21,-0.09555873537419182,0.0,-0.047619047619047616,-2.006733442858028,0.0,-1.0,1,1761056924.352533
4,60,-0.18388241736838634,0.0,-0.016666666666666666,-11.032945042103181,0.0,-1.0,1,1761056961.0964644
