episode_index,steps,mean_reward_drift,mean_reward_progress,mean_reward_intrusion,sum_reward_drift,sum_reward_progress,sum_reward_intrusion,finished_at
1,24,-0.11212951340561506,0.010634429303206135,0.0,-2.6911083217347613,0.25522630327694723,0.0,1760537916.9275243
2,83,-0.17628879792681484,-0.002046245062268538,0.0,-14.631970227925631,-0.16983834016828864,0.0,1760537918.4772124
3,16,-0.14381363079686985,0.003111067565886215,0.0,-2.3010180927499175,0.04977708105417944,0.0,1760537918.8134584
4,62,-0.1387437945313321,0.0024044420504689083,-0.03225806451612903,-8.60211526094259,0.1490754071290723,-2.0,1760537952.6622584
5,30,-0.17214309454869273,-0.0008978626056401096,0.0,-5.164292836460782,-0.026935878169203287,0.0,1760537953.1515899
6,38,-0.1945949603103035,-0.006068019720915743,0.0,-7.394608491791533,-0.23058474939479823,0.0,1760537954.4823577
7,84,-0.13797223556643592,0.00299658064593528,0.0,-11.589667787580618,0.25171277425856353,0.0,1760537988.9430494
