episode_index,steps,mean_reward_drift,mean_reward_progress,mean_reward_intrusion,sum_reward_drift,sum_reward_progress,sum_reward_intrusion,finished_at
1,13,-0.23879614021721876,-0.01361140372460337,0.0,-3.1043498228238438,-0.1769482484198438,0.0,1760537916.745534
2,10,-0.1731172943218941,-0.0012267220673428448,0.0,-1.731172943218941,-0.012267220673428447,0.0,1760537917.4198644
3,59,-0.17945798978983593,-0.004390023014599621,0.0,-10.58802139760032,-0.25901135786137763,0.0,1760537919.4367876
4,9,-0.21787564644006663,-0.00816952731763808,0.0,-1.9608808179605997,-0.07352574585874272,0.0,1760537919.6643784
5,7,-0.14531527481099887,0.005569047046681743,0.0,-1.017206923676992,0.038983329326772204,0.0,1760537952.7982435
6,16,-0.13606582752640767,0.003988679263070324,-0.0625,-2.1770532404225227,0.06381886820912519,-1.0,1760537954.185455
7,59,-0.13293208062880044,0.005295948445008123,-0.01694915254237288,-7.842992757099226,0.31246095825547926,-1.0,1760537988.6070437
8,85,-0.15172168719920162,0.002228128549115859,0.0,-12.896343411932138,0.18939092667484803,0.0,1760537990.317365
