episode_index,steps,mean_reward_drift,mean_reward_progress,mean_reward_intrusion,sum_reward_drift,sum_reward_progress,sum_reward_intrusion,finished_at
1,36,-0.181007773938795,-0.00356251593773659,0.0,-6.51627986179662,-0.12825057375851723,0.0,1760537917.1261418
2,49,-0.14260540290179338,0.0039994899507334305,0.0,-6.987664742187875,0.1959750075859381,0.0,1760537918.0288565
3,69,-0.1839288813856568,-0.004738741683885082,0.0,-12.69109281561032,-0.32697317618807065,0.0,1760537919.562126
4,35,-0.24947130915052443,-0.014549634506641722,0.0,-8.731495820268355,-0.5092372077324603,0.0,1760537952.294261
5,35,-0.2087251784627073,-0.008511883331141543,0.0,-7.305381246194756,-0.297915916589954,0.0,1760537953.237974
6,95,-0.15667967308279765,0.0010878010075681549,0.0,-14.884568942865776,0.10334109571897471,0.0,1760537987.468825
