episode_index,steps,mean_reward_drift,mean_reward_progress,mean_reward_intrusion,sum_reward_drift,sum_reward_progress,sum_reward_intrusion,finished_at
1,1,-0.2005030332355344,0.020190053338207756,0.0,-0.2005030332355344,0.020190053338207756,0.0,1760537916.5195186
2,13,-0.19181206801967948,-0.005661583228664293,0.0,-2.4935568842558333,-0.0736005819726358,0.0,1760537917.4701886
3,48,-0.2190155783244824,-0.010861148646718347,0.0,-10.512747759575156,-0.5213351350424806,0.0,1760537919.2794933
4,41,-0.19640583170329168,-0.006762751529181019,-0.36585365853658536,-8.052639099834959,-0.2772728126964218,-15.0,1760537952.3889723
5,81,-0.1503435876197337,0.0021530535812058216,0.0,-12.177830597198431,0.17439734007767155,0.0,1760537953.8706608
