episode_index,steps,mean_reward_drift,mean_reward_progress,mean_reward_intrusion,sum_reward_drift,sum_reward_progress,sum_reward_intrusion,total_intrusions,finished_at
1,25,-0.14008887540304987,0.0,0.0,-3.502221885076247,0.0,0.0,0,1761054784.8759995
2,28,-0.1530813856660618,0.0,-0.25,-4.286278798649731,0.0,-7.0,7,1761054785.487535
3,9,-0.14925279072546097,0.0,0.0,-1.3432751165291488,0.0,0.0,0,1761054786.1106467
4,15,-0.06990657522105617,0.0,0.0,-1.0485986283158426,0.0,0.0,0,1761054786.683244
5,18,-0.1367382066950214,0.0,0.0,-2.461287720510385,0.0,0.0,0,1761054787.2023294
6,17,-0.1874711899043275,0.0,0.0,-3.1870102283735675,0.0,0.0,0,1761054823.6822329
7,75,-0.15547181224199583,0.0,0.0,-11.660385918149688,0.0,0.0,0,1761054825.4841082
