episode_index,steps,mean_reward_drift,mean_reward_progress,mean_reward_intrusion,sum_reward_drift,sum_reward_progress,sum_reward_intrusion,total_intrusions,finished_at
1,28,-0.19589552780533043,0.0,0.0,-5.485074778549252,0.0,0.0,0,1761054784.931872
2,20,-0.09576692582508729,0.0,-0.35,-1.9153385165017458,0.0,-7.0,7,1761054785.3791673
3,28,-0.08942021822048386,0.0,-0.07142857142857142,-2.503766110173548,0.0,-2.0,2,1761054786.3586738
4,16,-0.14196218976983283,0.0,0.0,-2.271395036317325,0.0,0.0,0,1761054786.6975775
5,44,-0.16204132959109857,0.0,0.0,-7.129818502008337,0.0,0.0,0,1761054787.6241875
6,59,-0.1509393238694892,0.0,-0.01694915254237288,-8.905420108299863,0.0,-1.0,1,1761054824.3208566
