episode_index,steps,mean_reward_drift,mean_reward_progress,mean_reward_intrusion,sum_reward_drift,sum_reward_progress,sum_reward_intrusion,total_intrusions,finished_at
1,9,-0.1348943185545849,0.0,-0.3333333333333333,-1.214048866991264,0.0,-3.0,3,1761054784.6348703
2,11,-0.10148817924389454,0.0,0.0,-1.11636997168284,0.0,0.0,0,1761054785.25754
3,10,-0.1192690378938511,0.0,-0.1,-1.192690378938511,0.0,-1.0,1,1761054786.1251647
4,27,-0.22057774301030045,0.0,0.0,-5.955599061278112,0.0,0.0,0,1761054786.8325927
5,132,-0.16525656135522565,0.0,0.0,-21.813866098889786,0.0,0.0,0,1761054823.3196428
