episode_index,steps,mean_reward_drift,mean_reward_progress,mean_reward_intrusion,sum_reward_drift,sum_reward_progress,sum_reward_intrusion,total_intrusions,finished_at
1,35,-0.11115086008348594,0.0,0.0,-3.890280102922008,0.0,0.0,0,1761054785.0409644
2,59,-0.1584842046497118,0.0,0.0,-9.350568074332996,0.0,0.0,0,1761054785.909762
3,31,-0.1379921473733045,0.0,-0.06451612903225806,-4.27775656857244,0.0,-2.0,2,1761054786.4144962
