episode_index,steps,mean_reward_drift,mean_reward_progress,mean_reward_intrusion,mean_reward_path_efficiency,sum_reward_drift,sum_reward_progress,sum_reward_intrusion,sum_reward_path_efficiency,total_intrusions,terminated_waypoint,truncated,finished_at
1,128,-0.009724154445715913,0.0018822167009782905,0.0,0.0,-1.2446917690516368,0.2409237377252212,0.0,0.0,0,False,True,1764321072.1288514
2,119,-0.003582906895297649,0.021728383445644348,0.0,0.0,-0.4263659205404202,2.5856776300316775,0.0,0.0,0,False,True,1764321099.097371
3,117,-0.012406393286737954,-0.02009125674499281,-0.3076923076923077,0.0,-1.4515480145483406,-2.3506770391641587,-36.0,0.0,3,False,True,1764321161.3048234
4,29,-0.005729150226999678,0.015499075261739433,0.0,0.0,-0.16614535658299068,0.44947318259044355,0.0,0.0,0,False,True,1764321181.8367436
5,21,-0.007142059228926258,0.006417533582165611,0.0,0.0,-0.14998324380745143,0.13476820522547783,0.0,0.0,0,False,True,1764321213.489795
