episode_index,steps,mean_reward_drift,mean_reward_progress,mean_reward_intrusion,mean_reward_path_efficiency,sum_reward_drift,sum_reward_progress,sum_reward_intrusion,sum_reward_path_efficiency,total_intrusions,terminated_waypoint,truncated,finished_at
1,132,-0.010481878392301955,0.0007664772534573274,-0.7272727272727273,0.0,-1.383607947783858,0.10117499745636721,-96.0,0.0,8,False,True,1764321072.4763365
2,41,-0.010769971969185816,-0.008361209919688795,-2.048780487804878,0.0,-0.44156885073661845,-0.3428096067072406,-84.0,0.0,7,False,True,1764321116.1107254
3,254,-0.008344469578363833,0.004734882122488848,-0.28346456692913385,0.0,-2.1194952729044134,1.2026600591121674,-72.0,0.0,6,False,True,1764321210.7519228
