episode_index,steps,mean_reward_drift,mean_reward_progress,mean_reward_intrusion,mean_reward_path_efficiency,sum_reward_drift,sum_reward_progress,sum_reward_intrusion,sum_reward_path_efficiency,total_intrusions,terminated_waypoint,truncated,finished_at
1,77,-0.0033685903115256684,0.09940760902797056,-1.87012987012987,0.0,-0.2593814539874765,7.654385895153734,-144.0,0.0,12,True,False,1764321065.196804
2,80,-0.012725109450828248,-0.018425493326619694,0.0,0.0,-1.0180087560662598,-1.4740394661295755,0.0,0.0,0,False,True,1764321095.0387242
3,251,-0.009876769669058634,-0.002567290082770946,0.0,0.0,-2.479069186933717,-0.6443898107755075,0.0,0.0,0,False,True,1764321177.9036107
