episode_index,steps,mean_reward_drift,mean_reward_progress,mean_reward_intrusion,mean_reward_proximity,sum_reward_drift,sum_reward_progress,sum_reward_intrusion,sum_reward_proximity,total_intrusions,terminated_waypoint,truncated,finished_at
1,125,-0.0012484255701473354,0.004210706585953238,0.0,0.0,-0.15605319626841693,0.5263383232441547,0.0,0.0,0,False,True,1762616108.8894072
2,400,-0.002375183029461503,0.000272589553975088,-0.015,-0.010031789709033772,-0.9500732117846012,0.10903582159003522,-6.0,-4.012715883613509,2,False,True,1762616233.9858148
3,278,-0.003040586748442454,-0.002738473173026112,-0.01079136690647482,-0.005957889277351551,-0.8452831160670022,-0.7612955421012592,-3.0,-1.6562932191037312,1,False,True,1762616342.8385253
