episode_index,steps,mean_reward_drift,mean_reward_progress,mean_reward_intrusion,mean_reward_proximity,sum_reward_drift,sum_reward_progress,sum_reward_intrusion,sum_reward_proximity,total_intrusions,terminated_waypoint,truncated,finished_at
1,286,-0.0023290781719293016,-0.0006080907188088032,0.0,0.0,-0.6661163571717802,-0.17391394557931772,0.0,0.0,0,False,True,1762870458.3728125
2,106,-0.0033636540348667707,-0.0036801579836751763,0.0,-0.000740610231816325,-0.3565473276958777,-0.3900967462695687,0.0,-0.07850468457253044,0,False,True,1762870466.0144024
