episode_index,steps,mean_reward_drift,mean_reward_progress,mean_reward_intrusion,mean_reward_proximity,sum_reward_drift,sum_reward_progress,sum_reward_intrusion,sum_reward_proximity,total_intrusions,terminated_waypoint,truncated,finished_at
1,66,-0.0024669592915706386,-0.0013786826880370598,0.0,0.0,-0.16281931324366214,-0.09099305741044594,0.0,0.0,0,False,True,1762870445.192835
2,39,-0.0033637877238869205,-0.002376389511452567,0.0,0.0,-0.1311877212315899,-0.09267919094665011,0.0,0.0,0,False,True,1762870461.1217933
3,217,-0.0015195918595199984,0.0046569172731123305,-0.013824884792626729,-0.004014650427810998,-0.32975143351583963,1.0105510482653757,-3.0,-0.8711791428349865,1,True,False,1762870481.1294901
