episode_index,steps,mean_reward_drift,mean_reward_progress,mean_reward_intrusion,sum_reward_drift,sum_reward_progress,sum_reward_intrusion,finished_at
1,11,-0.22473270838256684,-0.010677232255929132,0.0,-2.4720597922082352,-0.11744955481522046,0.0,1760538820.5494866
2,8,-0.11737017610261,0.010501094064944209,0.0,-0.93896140882088,0.08400875251955367,0.0,1760538821.2180521
3,35,-0.1393402181314305,0.003721765015068915,0.0,-4.876907634600068,0.13026177552741203,0.0,1760538822.087216
4,12,-0.12585874746220618,0.007389194157576208,0.0,-1.5103049695464743,0.0886703298909145,0.0,1760538822.6854503
5,31,-0.23278132263238746,-0.011491950500991298,-0.1935483870967742,-7.216221001604011,-0.35625046553073025,-6.0,1760538823.4889288
6,110,-0.167252931581088,-0.0016758361574297517,0.0,-18.397822473919682,-0.1843419773172727,0.0,1760538863.5035067
