episode_index,steps,mean_reward_drift,mean_reward_progress,mean_reward_intrusion,sum_reward_drift,sum_reward_progress,sum_reward_intrusion,finished_at
1,15,-0.14502819244278708,0.0031621930682193063,0.0,-2.1754228866418064,0.047432896023289595,0.0,1760538820.612368
2,25,-0.12018753611209412,0.008655471119253959,0.0,-3.004688402802353,0.21638677798134898,0.0,1760538821.4503436
3,20,-0.10912676155509271,0.01000827304921947,-0.05,-2.182535231101854,0.20016546098438942,-1.0,1760538821.826107
4,13,-0.21671726029739388,-0.009097287262608457,0.0,-2.8173243838661204,-0.11826473441390994,0.0,1760538822.699452
5,23,-0.1542832253995204,0.002067719747961955,0.0,-3.5485141841889694,0.04755755420312496,0.0,1760538823.378032
6,83,-0.1742760976143773,-0.0027469707756353086,-0.08433734939759036,-14.464916101993316,-0.22799857437773063,-7.0,1760538863.15032
7,113,-0.12767211844491883,0.005964578043760209,0.0,-14.426949384275826,0.6739973189449036,0.0,1760538898.4667141
