episode_index,steps,mean_reward_drift,mean_reward_progress,mean_reward_intrusion,sum_reward_drift,sum_reward_progress,sum_reward_intrusion,total_intrusions,finished_at
1,25,-0.2314278995131241,0.0,0.0,-5.785697487828102,0.0,0.0,0,1761053491.1004229
2,25,-0.11606282879067253,0.0,0.0,-2.9015707197668132,0.0,0.0,0,1761053491.7146091
3,1,-0.26222589304869304,1.0,0.0,-0.26222589304869304,1.0,0.0,0,1761053492.3774114
4,42,-0.20091549404317383,0.0,0.0,-8.4384507498133,0.0,0.0,0,1761053493.6500492
5,24,-0.21732421995620535,0.0,0.0,-5.215781278948929,0.0,0.0,0,1761053529.2558885
