episode_index,steps,mean_reward_drift,mean_reward_progress,mean_reward_intrusion,sum_reward_drift,sum_reward_progress,sum_reward_intrusion,total_intrusions,finished_at
1,29,-0.18082468837200708,0.0,0.0,-5.243915962788205,0.0,0.0,0,1761053491.1639009
2,55,-0.19179747531519842,0.0,0.0,-10.548861142335912,0.0,0.0,0,1761053492.1634262
3,11,-0.12600954109704315,0.0,0.0,-1.3861049520674746,0.0,0.0,0,1761053492.5117636
4,21,-0.1945071821059195,0.0,0.0,-4.084650824224309,0.0,0.0,0,1761053493.3481033
5,4,-0.14417924978869295,0.0,0.0,-0.5767169991547718,0.0,0.0,0,1761053528.8979764
6,10,-0.19319735967068197,0.0,0.0,-1.9319735967068197,0.0,0.0,0,1761053529.5103388
7,50,-0.15988567439016838,0.0,0.0,-7.994283719508418,0.0,0.0,0,1761053531.2845714
