episode_index,steps,mean_reward_drift,mean_reward_progress,mean_reward_intrusion,sum_reward_drift,sum_reward_progress,sum_reward_intrusion,total_intrusions,finished_at
1,38,-0.13508263095053172,0.0,0.0,-5.133139976120205,0.0,0.0,0,1761053491.279157
2,19,-0.06502100735587842,0.05263157894736842,0.0,-1.23539913976169,1.0,0.0,0,1761053491.6234622
3,52,-0.16874165976488534,0.0,0.0,-8.774566307774037,0.0,0.0,0,1761053492.9859843
