episode_index,steps,mean_reward_drift,mean_reward_progress,mean_reward_intrusion,sum_reward_drift,sum_reward_progress,sum_reward_intrusion,total_intrusions,finished_at
1,15,-0.15009154344729186,0.0,0.0,-2.251373151709378,0.0,0.0,0,1761056922.9004323
2,17,-0.20269813786106936,0.0,0.0,-3.445868343638179,0.0,0.0,0,1761056923.6897907
3,3,-0.04605645959217453,0.3333333333333333,0.0,-0.1381693787765236,1.0,0.0,0,1761056924.5352268
4,16,-0.20194786516869231,0.0,0.0,-3.231165842699077,0.0,0.0,0,1761056925.5060236
5,2,-0.06097073999535255,0.5,0.0,-0.1219414799907051,1.0,0.0,0,1761056961.5225196
6,40,-0.18614810568922166,0.0,0.0,-7.445924227568867,0.0,0.0,0,1761056962.4447284
7,51,-0.17826786158317506,0.0,0.0,-9.091660940741928,0.0,0.0,0,1761056963.197721
8,23,-0.05848358544346568,0.043478260869565216,0.0,-1.3451224651997107,1.0,0.0,0,1761056963.5841022
