episode_index,steps,mean_reward_drift,mean_reward_progress,mean_reward_intrusion,mean_reward_proximity,sum_reward_drift,sum_reward_progress,sum_reward_intrusion,sum_reward_proximity,total_intrusions,terminated_waypoint,truncated,finished_at
1,43,-0.002025720344091121,0.0001413718915766329,0.0,-0.050800051530817056,-0.08710597479591821,0.006078991337795214,0.0,-2.1844022158251333,0,False,True,1762866194.6672127
2,169,-0.002525366908552596,-0.001530279152041,0.0,0.0,-0.4267870075453887,-0.258617176694929,0.0,0.0,0,False,True,1762866217.5390635
