episode_index,steps,mean_reward_drift,mean_reward_progress,mean_reward_intrusion,sum_reward_drift,sum_reward_progress,sum_reward_intrusion,finished_at
1,20,-0.10321153812648665,0.01193772151196073,0.0,-2.064230762529733,0.2387544302392146,0.0,1760947063.7162006
2,57,-0.22375925396870933,-0.009024105794340175,0.0,-12.754277476216432,-0.5143740302773899,0.0,1760947064.8788333
3,27,-0.17244298250385715,-0.00032489255422823375,0.0,-4.655960527604143,-0.008772098964162311,0.0,1760947065.3007362
4,35,-0.1938802054098152,-0.005947377745417974,0.0,-6.785807189343532,-0.2081582210896291,0.0,1760947065.9012923
5,77,-0.19146043029335405,-0.0061198697684799516,-0.11688311688311688,-14.742453132588262,-0.47122997217295626,-9.0,1760947067.3805153
6,22,-0.12974439070738722,0.006002883901412747,0.0,-2.8543765955625187,0.13206344583108043,0.0,1760947067.835264
7,118,-0.17600229027350392,-0.002703749280313352,0.0,-20.768270252273464,-0.31904241507697556,0.0,1760947135.773432
