episode_index,steps,mean_reward_drift,mean_reward_progress,mean_reward_intrusion,sum_reward_drift,sum_reward_progress,sum_reward_intrusion,total_intrusions,finished_at
1,11,-0.12805172304956033,0.0,-0.09090909090909091,-1.4085689535451638,0.0,-1.0,1,1761054471.863922
2,59,-0.10765232323272464,0.0,0.0,-6.351487070730753,0.0,0.0,0,1761054473.6324224
