episode_index,steps,mean_reward_drift,mean_reward_progress,mean_reward_intrusion,sum_reward_drift,sum_reward_progress,sum_reward_intrusion,total_intrusions,finished_at
1,8,-0.030627045788827183,0.0,0.0,-0.24501636631061746,0.0,0.0,0,1761054471.8186383
2,18,-0.2122011491889887,0.0,0.0,-3.8196206854017967,0.0,0.0,0,1761054473.13781
3,52,-0.15104195510304874,0.0,-0.09615384615384616,-7.854181665358535,0.0,-5.0,5,1761054474.441098
4,75,-0.1286841304322148,0.0,-0.02666666666666667,-9.65130978241611,0.0,-2.0,2,1761054512.5736604
5,51,-0.17278606671813332,0.0,0.0,-8.8120894026248,0.0,0.0,0,1761054513.3800967
