episode_index,steps,mean_reward_drift,mean_reward_progress,mean_reward_intrusion,sum_reward_drift,sum_reward_progress,sum_reward_intrusion,total_intrusions,finished_at
1,30,-0.11406757861149117,0.0,0.0,-3.422027358344735,0.0,0.0,0,1761049212.3334584
2,32,-0.11994707280040223,0.0,0.0,-3.8383063296128714,0.0,0.0,0,1761049212.8960576
3,7,-0.22305761936367471,0.0,0.0,-1.561403335545723,0.0,0.0,0,1761049213.9629362
4,13,-0.1339099431737229,0.0,0.0,-1.7408292612583978,0.0,0.0,0,1761049250.0063832
5,84,-0.1470577777036839,0.0,0.0,-12.352853327109447,0.0,0.0,0,1761049251.584623
