episode_index,steps,mean_reward_drift,mean_reward_progress,mean_reward_intrusion,mean_reward_path_efficiency,mean_reward_boundary,mean_reward_step,mean_reward_proximity,sum_reward_drift,sum_reward_progress,sum_reward_intrusion,sum_reward_path_efficiency,sum_reward_boundary,sum_reward_step,sum_reward_proximity,total_intrusions,terminated_waypoint,terminated_collision,truncated,finished_at
1,112,-0.0028560614712084963,0.007564216388285204,0.0,0.0,-0.017857142857142856,-0.005000000000000004,0.014439471469869236,-0.3198788847753516,0.8471922354879429,0.0,0.0,-2.0,-0.5600000000000004,1.6172208046253544,0,False,False,True,1764586782.3497455
2,170,-0.004987352526913101,-0.00107630383549427,-1.3235294117647058,0.0,-0.011764705882352941,-0.005000000000000004,0.11478577211009108,-0.8478499295752272,-0.18297165203402588,-225.0,0.0,-2.0,-0.8500000000000006,19.513581258715483,15,False,False,True,1764586794.9749382
