episode_index,steps,mean_reward_drift,mean_reward_progress,mean_reward_intrusion,sum_reward_drift,sum_reward_progress,sum_reward_intrusion,total_intrusions,finished_at
1,8,-0.10714665111613322,0.0,0.0,-0.8571732089290658,0.0,0.0,0,1761055477.3849373
2,18,-0.17906962863705791,0.0,-0.05555555555555555,-3.2232533154670424,0.0,-1.0,1,1761055479.079015
3,98,-0.12223287781254229,0.01020408163265306,-0.01020408163265306,-11.978822025629144,1.0,-1.0,1,1761055513.7311704
