episode_index,steps,mean_reward_drift,mean_reward_progress,mean_reward_intrusion,sum_reward_drift,sum_reward_progress,sum_reward_intrusion,total_intrusions,finished_at
1,19,-0.11272903711528622,0.0,0.0,-2.141851705190438,0.0,0.0,0,1761055477.5427246
2,28,-0.061357559219822146,0.0,-0.10714285714285714,-1.71801165815502,0.0,-3.0,3,1761055479.2272277
3,7,-0.19483142183314986,0.0,0.0,-1.363819952832049,0.0,0.0,0,1761055479.9171727
4,106,-0.1691452329401918,0.0,-0.009433962264150943,-17.92939469166033,0.0,-1.0,1,1761055515.34175
