episode_index,steps,mean_reward_drift,mean_reward_progress,mean_reward_intrusion,sum_reward_drift,sum_reward_progress,sum_reward_intrusion,total_intrusions,finished_at
1,48,-0.15280888943210919,0.0,0.0,-7.334826692741241,0.0,0.0,0,1761051075.5623085
2,6,-0.09467606244239302,0.0,0.0,-0.5680563746543581,0.0,0.0,0,1761051075.7096725
3,29,-0.13793555894640985,0.0,0.0,-4.000131209445886,0.0,0.0,0,1761051076.5617454
4,48,-0.1797964316226713,0.0,0.0,-8.630228717888222,0.0,0.0,0,1761051077.878485
5,3,-0.08361044362699212,0.0,0.0,-0.25083133088097637,0.0,0.0,0,1761051112.6274936
6,34,-0.1144926832678165,0.0,0.0,-3.8927512311057613,0.0,0.0,0,1761051114.1897485
7,35,-0.14095891866455254,0.0,-0.02857142857142857,-4.933562153259339,0.0,-1.0,1,1761051115.1470766
8,21,-0.18022670758229956,0.0,0.0,-3.7847608592282906,0.0,0.0,0,1761051115.6511467
9,34,-0.11147274298273471,0.0,0.0,-3.79007326141298,0.0,0.0,0,1761051148.3076587
