episode_index,steps,mean_reward_drift,mean_reward_progress,mean_reward_intrusion,sum_reward_drift,sum_reward_progress,sum_reward_intrusion,total_intrusions,finished_at
1,21,-0.22058182082671665,0.0,-0.09523809523809523,-4.63221823736105,0.0,-2.0,2,1761051075.1330745
2,34,-0.1764236047814145,0.0,0.0,-5.998402562568093,0.0,0.0,0,1761051076.1077168
3,7,-0.07568461199480948,0.0,0.0,-0.5297922839636664,0.0,0.0,0,1761051076.2565043
4,4,-0.07481740982311352,0.0,0.0,-0.2992696392924541,0.0,0.0,0,1761051077.3525548
5,25,-0.20549874795844436,0.0,0.0,-5.137468698961109,0.0,0.0,0,1761051113.0025718
6,8,-0.12978501355122268,0.0,0.0,-1.0382801084097815,0.0,0.0,0,1761051113.82864
7,49,-0.15768609418531812,0.0,-0.04081632653061224,-7.7266186150805884,0.0,-2.0,2,1761051115.320351
