episode_index,steps,mean_reward_drift,mean_reward_progress,mean_reward_intrusion,sum_reward_drift,sum_reward_progress,sum_reward_intrusion,total_intrusions,finished_at
1,47,-0.11728558451438004,0.0,-0.02127659574468085,-5.512422472175862,0.0,-1.0,1,1761051075.5459046
2,13,-0.10923891959292203,0.0,0.0,-1.4201059547079864,0.0,0.0,0,1761051075.8263154
3,79,-0.14736711189245194,0.0,0.0,-11.642001839503703,0.0,0.0,0,1761051077.260001
4,18,-0.15037966462860294,0.0,0.0,-2.706833963314853,0.0,0.0,0,1761051077.5331037
5,69,-0.1251617091861381,0.014492753623188406,-0.014492753623188406,-8.636157933843528,1.0,-1.0,1,1761051113.5768495
6,65,-0.13695493726415764,0.0,0.0,-8.902070922170246,0.0,0.0,0,1761051114.569967
