episode_index,steps,mean_reward_drift,mean_reward_progress,mean_reward_intrusion,mean_reward_path_efficiency,sum_reward_drift,sum_reward_progress,sum_reward_intrusion,sum_reward_path_efficiency,total_intrusions,terminated_waypoint,truncated,finished_at
1,118,-0.010363648820526782,-0.007467287707699641,-0.4067796610169492,0.0,-1.2229105608221602,-0.8811399495085576,-48.0,0.0,4,False,True,1764321070.3412704
2,135,-0.011514117285798875,-0.01403677369017306,-1.0666666666666667,0.0,-1.5544058335828481,-1.8949644481733632,-144.0,0.0,12,False,True,1764321106.1964955
3,79,-0.013419527844108787,-0.02531073006551037,0.0,0.0,-1.0601426996845942,-1.9995476751753194,0.0,0.0,0,False,True,1764321157.2787836
4,300,-0.009013881541876356,0.00346042596400762,0.0,0.0,-2.7041644625629067,1.038127789202286,0.0,0.0,0,False,True,1764321210.3381343
