episode_index,steps,mean_reward_drift,mean_reward_progress,mean_reward_intrusion,mean_reward_path_efficiency,sum_reward_drift,sum_reward_progress,sum_reward_intrusion,sum_reward_path_efficiency,total_intrusions,terminated_waypoint,truncated,finished_at
1,85,-0.009958457438904875,-0.0005542658155088802,-0.1411764705882353,0.0,-0.8464688823069144,-0.04711259431825482,-12.0,0.0,1,False,True,1764321066.1103199
2,169,-0.008660812673739237,0.005717095951523478,-0.6390532544378699,0.0,-1.463677341861931,0.9661892158074677,-108.0,0.0,9,False,True,1764321110.571969
3,67,-0.01113100983215087,-0.009705872897241232,0.0,0.0,-0.7457776587541083,-0.6502934841151625,0.0,0.0,0,False,True,1764321156.035876
4,300,-0.008754152333531325,0.005239359040353139,0.0,0.0,-2.6262457000593975,1.5718077121059417,0.0,0.0,0,False,True,1764321210.3381343
