episode_index,steps,mean_reward_drift,mean_reward_progress,mean_reward_intrusion,mean_reward_path_efficiency,sum_reward_drift,sum_reward_progress,sum_reward_intrusion,sum_reward_path_efficiency,total_intrusions,terminated_waypoint,truncated,finished_at
1,189,-0.008550001107009068,0.006500311624015044,-0.5079365079365079,0.0,-1.6159502092247138,1.2285588969388432,-96.0,0.0,8,False,True,1764321080.6232862
2,58,-0.011946643653646486,-0.01623492453061372,-1.0344827586206897,0.0,-0.6929053319114962,-0.9416256227755958,-60.0,0.0,5,False,True,1764321097.3615448
3,199,-0.007100282799307788,0.015086240612079147,-0.36180904522613067,0.0,-1.4129562770622497,3.00216188180375,-72.0,0.0,6,False,True,1764321171.6835637
