episode_index,steps,mean_reward_drift,mean_reward_progress,mean_reward_intrusion,mean_reward_proximity,sum_reward_drift,sum_reward_progress,sum_reward_intrusion,sum_reward_proximity,total_intrusions,terminated_waypoint,truncated,finished_at
1,151,-0.002830420080865591,-0.0025580117161949838,0.0,0.0,-0.4273934322107042,-0.3862597691454426,0.0,0.0,0,False,True,1762850746.6035783
2,95,-0.002015056466591386,-0.0008040269078859913,0.0,0.0,-0.19143036432618166,-0.07638255624916918,0.0,0.0,0,False,True,1762850748.9551718
