episode_index,steps,mean_reward_drift,mean_reward_progress,mean_reward_intrusion,mean_reward_proximity,sum_reward_drift,sum_reward_progress,sum_reward_intrusion,sum_reward_proximity,total_intrusions,terminated_waypoint,truncated,finished_at
1,72,-0.0022529013896268107,-0.0007489241167973923,0.0,-0.005025687020245138,-0.16220890005313038,-0.05392253640941225,0.0,-0.36184946545764995,0,False,True,1762850744.5453432
2,40,-0.002612034631985228,-0.0008852351471674875,0.0,0.0,-0.10448138527940912,-0.035409405886699497,0.0,0.0,0,False,True,1762850747.6484032
3,217,-0.0018665456376256784,-0.002363482945727786,0.0,0.0,-0.4050404033647722,-0.5128757992229296,0.0,0.0,0,False,True,1762850823.7762027
