episode_index,steps,mean_reward_drift,mean_reward_progress,mean_reward_intrusion,mean_reward_proximity,sum_reward_drift,sum_reward_progress,sum_reward_intrusion,sum_reward_proximity,total_intrusions,terminated_waypoint,truncated,finished_at
1,203,-0.0028607530201807297,-0.002383462692650599,0.0,-7.640802039683536e-05,-0.5807328630966881,-0.4838429266080716,0.0,-0.015510828140557579,0,False,True,1762852344.1396916
2,253,-0.002420230147262004,-0.0009984733155531979,-0.023715415019762844,-0.005701382106764486,-0.612318227257287,-0.2526137488349591,-6.0,-1.442449673011415,2,False,True,1762852370.952497
3,230,-0.0029503363682179293,-0.0021927872008455046,0.0,0.0,-0.6785773646901238,-0.504341056194466,0.0,0.0,0,False,True,1762852402.7667832
4,29,-0.003596352713983081,-0.00389627612042029,0.0,-0.04173976196926647,-0.10429422870550935,-0.1129920074921884,0.0,-1.2104530971087277,0,False,True,1762852445.2374353
5,205,-0.00262768628687044,-0.001576869596457305,0.0,0.0,-0.5386756888084402,-0.3232582672737475,0.0,0.0,0,False,True,1762852501.4391475
