episode_index,steps,mean_reward_drift,mean_reward_progress,mean_reward_intrusion,mean_reward_proximity,sum_reward_drift,sum_reward_progress,sum_reward_intrusion,sum_reward_proximity,total_intrusions,terminated_waypoint,truncated,finished_at
1,80,-0.002912994878444963,-0.0020458233113981026,0.0,0.0,-0.23303959027559704,-0.1636658649118482,0.0,0.0,0,False,True,1762852341.8916109
2,80,-0.0017765453317039853,0.004778330870921127,-0.0375,-0.03364194010944008,-0.14212362653631883,0.38226646967369016,-3.0,-2.691355208755206,1,True,False,1762852346.3585122
3,29,-0.001690882784912426,0.0009873815288351058,0.0,0.0,-0.04903560076246035,0.028634064336218068,0.0,0.0,0,False,True,1762852372.9454417
4,275,-0.0029574215849461627,-0.0019719323418017276,0.0,-0.0018979189668635486,-0.8132909358601947,-0.542281393995475,0.0,-0.5219277158874759,0,False,True,1762852474.2375228
