episode_index,steps,mean_reward_drift,mean_reward_progress,mean_reward_intrusion,sum_reward_drift,sum_reward_progress,sum_reward_intrusion,total_intrusions,finished_at
1,30,-0.16108585650965557,0.0,0.0,-4.832575695289667,0.0,0.0,0,1761054472.152183
2,22,-0.2096306387189494,0.0,-0.045454545454545456,-4.611874051816887,0.0,-1.0,1,1761054472.5863106
3,12,-0.08232480376095334,0.0,0.0,-0.9878976451314402,0.0,0.0,0,1761054473.4080586
4,12,-0.05890515845920031,0.0,0.0,-0.7068619015104037,0.0,0.0,0,1761054474.0652342
5,4,-0.048264293169076836,0.25,0.0,-0.19305717267630734,1.0,0.0,0,1761054511.7429132
6,33,-0.18726553323442754,0.0,-0.06060606060606061,-6.179762596736109,0.0,-2.0,2,1761054512.8427296
