episode_index,steps,mean_reward_drift,mean_reward_progress,mean_reward_intrusion,sum_reward_drift,sum_reward_progress,sum_reward_intrusion,total_intrusions,finished_at
1,10,-0.10273542441612467,0.0,0.0,-1.0273542441612467,0.0,0.0,0,1761054471.8629224
2,48,-0.17200547615503045,0.0,0.0,-8.256262855441461,0.0,0.0,0,1761054473.0220397
3,16,-0.2258870886669903,0.0,0.0,-3.614193418671845,0.0,0.0,0,1761054473.485507
4,45,-0.11354234408111775,0.0,-0.06666666666666667,-5.109405483650299,0.0,-3.0,3,1761054474.5636013
5,41,-0.1479222204694108,0.0,0.0,-6.064811039245843,0.0,0.0,0,1761054512.26672
6,17,-0.15442153987178106,0.0,-0.11764705882352941,-2.625166177820278,0.0,-2.0,2,1761054512.5962155
7,63,-0.12778395782386143,0.0,-0.1111111111111111,-8.05038934290327,0.0,-7.0,7,1761054513.8297613
