episode_index,steps,mean_reward_drift,mean_reward_progress,mean_reward_intrusion,mean_reward_proximity,sum_reward_drift,sum_reward_progress,sum_reward_intrusion,sum_reward_proximity,total_intrusions,terminated_waypoint,truncated,finished_at
1,57,-0.002574216128628666,-0.0017001779161117162,0.0,0.0,-0.14673031933183397,-0.09691014121836783,0.0,0.0,0,False,True,1762851833.1744878
2,171,-0.0021792836332345396,0.000639911769661565,-0.017543859649122806,-0.008104850093294138,-0.37265750128310626,0.10942491261212761,-3.0,-1.3859293659532976,1,False,True,1762851908.7564692
3,203,-0.0018372772183566186,-0.0027427534695270094,0.0,-0.0070992972090109675,-0.37296727532639357,-0.5567789543139829,0.0,-1.4411573334292265,0,False,True,1762852128.0993285
