episode_index,steps,mean_reward_drift,mean_reward_progress,mean_reward_intrusion,mean_reward_proximity,sum_reward_drift,sum_reward_progress,sum_reward_intrusion,sum_reward_proximity,total_intrusions,terminated_waypoint,truncated,finished_at
1,218,-0.002214436475093888,-0.00030225988700654713,0.0,-0.014131110399036856,-0.4827471515704676,-0.06589265536742728,0.0,-3.0805820669900346,0,False,True,1762851837.1596162
2,373,-0.0027413283917952884,-0.0011753802067806867,-0.0160857908847185,-0.0058196893285932605,-1.0225154901396425,-0.4384168171291961,-6.0,-2.170744119565286,2,False,True,1762852024.7634254
