episode_index,steps,mean_reward_drift,mean_reward_progress,mean_reward_intrusion,sum_reward_drift,sum_reward_progress,sum_reward_intrusion,total_intrusions,finished_at
1,14,-0.0839573274494014,0.07142857142857142,0.0,-1.1754025842916196,1.0,0.0,0,1761056922.8909106
2,10,-0.10802041551441621,0.0,0.0,-1.0802041551441621,0.0,0.0,0,1761056923.7914681
3,12,-0.20410428725573693,0.0,0.0,-2.449251447068843,0.0,0.0,0,1761056924.389774
4,56,-0.15862121823875378,0.0,-0.017857142857142856,-8.88278822137021,0.0,-1.0,1,1761056925.5130427
5,11,-0.05492978415305724,0.0,0.0,-0.6042276256836296,0.0,0.0,0,1761056961.2380106
6,51,-0.1391899772221772,0.0,-0.0784313725490196,-7.098688838331038,0.0,-4.0,4,1761056962.8256156
