episode_index,steps,mean_reward_drift,mean_reward_progress,mean_reward_intrusion,sum_reward_drift,sum_reward_progress,sum_reward_intrusion,total_intrusions,finished_at
1,8,-0.04543459245989301,0.0,0.0,-0.36347673967914407,0.0,0.0,0,1761056922.8058167
2,13,-0.15746728328891876,0.0,-0.07692307692307693,-2.047074682755944,0.0,-1.0,1,1761056923.840551
3,5,-0.16019718037711433,0.0,0.0,-0.8009859018855716,0.0,0.0,0,1761056924.2817676
4,75,-0.14857525277366984,0.0,-0.02666666666666667,-11.143143958025238,0.0,-2.0,2,1761056961.0393727
