episode_index,steps,mean_reward_drift,mean_reward_progress,mean_reward_intrusion,sum_reward_drift,sum_reward_progress,sum_reward_intrusion,total_intrusions,finished_at
1,42,-0.17868422670848133,0.0,0.0,-7.504737521756216,0.0,0.0,0,1761056923.251917
2,8,-0.11358098301627427,0.0,0.0,-0.9086478641301942,0.0,0.0,0,1761056923.735739
3,35,-0.1808320574708111,0.0,-0.2857142857142857,-6.329122011478389,0.0,-10.0,10,1761056924.6993604
4,16,-0.07922778280604445,0.0,-0.125,-1.2676445248967112,0.0,-2.0,2,1761056924.967221
5,67,-0.17981491109546718,0.0,0.0,-12.047599043396302,0.0,0.0,0,1761056962.0309749
