episode_index,steps,mean_reward_drift,mean_reward_progress,mean_reward_intrusion,mean_reward_proximity,sum_reward_drift,sum_reward_progress,sum_reward_intrusion,sum_reward_proximity,total_intrusions,terminated_waypoint,truncated,finished_at
1,102,-0.0018899466058372046,0.00027206797353911973,0.0,-0.0002906249235423894,-0.19277455379539488,0.02775093330099021,0.0,-0.02964374220132372,0,False,True,1762858281.418013
2,114,-0.0012908978176884942,0.0038580610810827957,0.0,-0.005893758810151373,-0.14716235121648835,0.4398189632434387,0.0,-0.6718885043572566,0,False,True,1762858308.7341924
3,400,-0.002508186836345303,-0.0005560434908304153,-0.0075,-0.007326751896127641,-1.0032747345381212,-0.22241739633216612,-3.0,-2.9307007584510565,1,False,True,1762858368.28537
4,252,-0.002352275780141374,-0.000854854909722858,0.0,0.0,-0.5927734965956262,-0.21542343725016022,0.0,0.0,0,False,True,1762858386.4772615
5,110,-0.0014076119527316338,0.003328074772340933,0.0,0.0,-0.15483731480047971,0.3660882249575026,0.0,0.0,0,False,True,1762858397.1855798
6,124,-0.0008903933089155414,0.004755112379784896,0.0,0.0,-0.11040877030552713,0.5896339350933271,0.0,0.0,0,False,True,1762858438.3640501
7,394,-0.0024122400342964966,-0.0007784317235060939,-0.007614213197969543,-0.013254543664071125,-0.9504225735128197,-0.306702099061401,-3.0,-5.2222902036440235,1,False,True,1762858501.3575172
