episode_index,steps,mean_reward_drift,mean_reward_progress,mean_reward_intrusion,mean_reward_proximity,sum_reward_drift,sum_reward_progress,sum_reward_intrusion,sum_reward_proximity,total_intrusions,terminated_waypoint,truncated,finished_at
1,84,-0.0013908012262536986,0.0031486764430743996,0.0,-0.008391638118529735,-0.11682730300531068,0.26448882121824957,0.0,-0.7048976019564978,0,False,True,1762858281.1254933
2,400,-0.0022007603367472837,-0.0005514450269986817,0.0,-0.004186965813645146,-0.8803041346989134,-0.2205780107994727,0.0,-1.6747863254580584,0,False,True,1762858327.768462
3,186,-0.0014104555480310879,0.004572019863402186,-0.016129032258064516,-0.005005148581074428,-0.2623447319337823,0.8503956945928066,-3.0,-0.9309576360798436,1,False,True,1762858353.545237
4,97,-0.0031083846470896467,-0.004577333202527132,0.0,0.0,-0.3015133107676957,-0.44400132064513176,0.0,0.0,0,False,True,1762858375.2146406
5,93,-0.0023927954676622736,-0.0008751784995686335,0.0,0.0,-0.22252997849259143,-0.08139160045988292,0.0,0.0,0,False,True,1762858395.965087
6,400,-0.002312059311969204,5.6260678451809374e-05,-0.015,-0.003437291707425714,-0.9248237247876816,0.02250427138072375,-6.0,-1.3749166829702855,2,False,True,1762858457.5439126
7,133,-0.002813451115632758,-0.0024796149516856775,-0.022556390977443608,-0.03911110455684917,-0.3741889983791568,-0.32978878857419514,-3.0,-5.20177690606094,1,False,True,1762858466.6313126
8,234,-0.0019433488375308243,0.000903720420869636,0.0,0.0,-0.4547436279822129,0.21147057848349482,0.0,0.0,0,False,True,1762858519.485173
