episode_index,steps,mean_reward_drift,mean_reward_progress,mean_reward_intrusion,mean_reward_path_efficiency,mean_reward_boundary,mean_reward_step,mean_reward_proximity,sum_reward_drift,sum_reward_progress,sum_reward_intrusion,sum_reward_path_efficiency,sum_reward_boundary,sum_reward_step,sum_reward_proximity,total_intrusions,terminated_waypoint,terminated_collision,truncated,finished_at
1,83,-0.007060016602318633,-0.011370676541522155,0.0,0.0,-0.024096385542168676,-0.005000000000000003,0.15414979455609584,-0.5859813779924465,-0.9437661529463388,0.0,0.0,-2.0,-0.41500000000000026,12.794432948155956,0,False,False,True,1764700205.3225932
2,18,-0.0018590027979209856,0.1196369236825877,0.0,0.0,0.0,-0.005000000000000001,0.0,-0.03346205036257774,2.1534646262865786,0.0,0.0,0.0,-0.09000000000000001,0.0,0,True,False,False,1764700208.3173196
3,7,-0.0028336703700466404,0.007006786348068316,-2.142857142857143,0.0,0.0,-0.005,0.5795618110137043,-0.019835692590326484,0.049047504436478206,-15.0,0.0,0.0,-0.035,4.05693267709593,1,False,True,False,1764700220.927791
4,123,-0.0040850038725711475,0.017464805008942416,-0.12195121951219512,0.0,0.0,-0.005000000000000004,0.3960259626366203,-0.5024554763262511,2.148171016099917,-15.0,0.0,0.0,-0.6150000000000004,48.7111934043043,1,True,False,False,1764700237.5778606
5,84,-0.004707953338718406,0.002624741006916158,0.0,0.0,-0.023809523809523808,-0.005000000000000003,3.4034354442900296e-05,-0.39546808045234605,0.22047824458095727,0.0,0.0,-2.0,-0.42000000000000026,0.0028588857732036246,0,False,False,True,1764700285.7509854
