episode_index,steps,mean_reward_drift,mean_reward_progress,mean_reward_intrusion,mean_reward_path_efficiency,mean_reward_boundary,mean_reward_step,mean_reward_proximity,sum_reward_drift,sum_reward_progress,sum_reward_intrusion,sum_reward_path_efficiency,sum_reward_boundary,sum_reward_step,sum_reward_proximity,total_intrusions,terminated_waypoint,terminated_collision,truncated,finished_at
1,5,-0.002577440753979051,0.006734455157419506,-3.0,0.0,0.0,-0.005,0.4840530188364777,-0.012887203769895255,0.03367227578709753,-15.0,0.0,0.0,-0.025,2.4202650941823887,1,False,True,False,1764700200.3953216
2,4,-0.002604784072402576,0.007032530713050711,-3.75,0.0,0.0,-0.005,0.5436585046319999,-0.010419136289610303,0.028130122852202843,-15.0,0.0,0.0,-0.02,2.1746340185279998,1,False,True,False,1764700207.3852909
3,14,-0.002373246940947322,0.0049944691474802195,-1.0714285714285714,0.0,0.0,-0.004999999999999999,0.2616323713189813,-0.03322545717326251,0.06992256806472308,-15.0,0.0,0.0,-0.06999999999999999,3.662853198465738,1,False,True,False,1764700221.3775628
4,22,-0.005084756286507113,0.0006611279571424096,0.0,0.0,0.0,-0.005000000000000001,0.08822032087742032,-0.11186463830315649,0.01454481505713301,0.0,0.0,0.0,-0.11000000000000003,1.940847059303247,0,False,True,False,1764700229.4219403
5,75,-0.005467004009038921,-0.0026942265064170625,0.0,0.0,0.0,-0.005000000000000003,0.035337067539919845,-0.4100253006779191,-0.2020669879812797,0.0,0.0,0.0,-0.3750000000000002,2.6502800654939884,0,False,True,False,1764700284.305912
