episode_index,steps,mean_reward_drift,mean_reward_progress,mean_reward_intrusion,mean_reward_path_efficiency,mean_reward_boundary,mean_reward_step,mean_reward_proximity,sum_reward_drift,sum_reward_progress,sum_reward_intrusion,sum_reward_path_efficiency,sum_reward_boundary,sum_reward_step,sum_reward_proximity,total_intrusions,terminated_waypoint,terminated_collision,truncated,finished_at
1,19,-0.0022523586093853385,0.009307594002352818,0.0,0.0,-0.10526315789473684,-0.005000000000000001,0.0,-0.04279481357832143,0.17684428604470354,0.0,0.0,-2.0,-0.09500000000000001,0.0,0,False,False,True,1764700201.678498
2,13,-0.0011302410309201598,0.008141107814896298,-1.1538461538461537,0.0,0.0,-0.004999999999999999,0.22321202923135483,-0.014693133401962079,0.10583440159365187,-15.0,0.0,0.0,-0.06499999999999999,2.9017563800076127,1,False,True,False,1764700207.9598465
3,14,-0.0005391454695025477,0.015616235054167208,-1.0714285714285714,0.0,0.0,-0.004999999999999999,0.19066132986552572,-0.007548036573035668,0.21862729075834092,-15.0,0.0,0.0,-0.06999999999999999,2.66925861811736,1,False,True,False,1764700221.3775628
4,3,-0.0009697520805784437,0.008934389202819895,-5.0,0.0,0.0,-0.005,0.7458428194985824,-0.0029092562417353312,0.026803167608459688,-15.0,0.0,0.0,-0.015,2.2375284584957473,1,False,True,False,1764700228.316627
5,3,-0.0024169535224467836,0.005673027027574625,-5.0,0.0,0.0,-0.005,0.5555385663570682,-0.007250860567340351,0.017019081082723875,-15.0,0.0,0.0,-0.015,1.6666156990712047,1,False,True,False,1764700274.2455256
