episode_index,steps,mean_reward_drift,mean_reward_progress,mean_reward_intrusion,mean_reward_path_efficiency,mean_reward_boundary,mean_reward_step,mean_reward_proximity,sum_reward_drift,sum_reward_progress,sum_reward_intrusion,sum_reward_path_efficiency,sum_reward_boundary,sum_reward_step,sum_reward_proximity,total_intrusions,terminated_waypoint,terminated_collision,truncated,finished_at
1,2,-0.002405078207093402,0.006459208001865169,-7.5,0.0,0.0,-0.005,0.7608294383366749,-0.004810156414186804,0.012918416003730337,-15.0,0.0,0.0,-0.01,1.5216588766733499,1,False,True,False,1764700200.0324452
2,44,-0.005728998244057564,-0.005184846781939965,0.0,0.0,-0.045454545454545456,-0.005000000000000003,0.023561968346076913,-0.2520759227385328,-0.22813325840535847,0.0,0.0,-2.0,-0.2200000000000001,1.0367266072273842,0,False,False,True,1764700209.918309
3,45,-0.0023850133664695327,0.009483871706481321,-0.6666666666666666,0.0,0.0,-0.005000000000000003,0.17528569637285363,-0.10732560149112896,0.42677422679165944,-30.0,0.0,0.0,-0.22500000000000012,7.887856336778413,2,False,True,False,1764700222.7825973
4,79,-0.004675645289396591,-0.0020480673048171028,-0.9493670886075949,0.0,-0.02531645569620253,-0.005000000000000003,0.10253530741885644,-0.3693759778623307,-0.16179731708055112,-75.0,0.0,-2.0,-0.39500000000000024,8.100289286089659,5,False,False,True,1764700232.5500937
5,71,-0.0052875516946131185,-0.0005471568295006725,-0.2112676056338028,0.0,0.0,-0.005000000000000003,0.07364950360763313,-0.37541617031753144,-0.03884813489454775,-15.0,0.0,0.0,-0.3550000000000002,5.229114756141953,1,False,True,False,1764700283.8585916
