episode_index,steps,mean_reward_drift,mean_reward_progress,mean_reward_intrusion,mean_reward_path_efficiency,mean_reward_boundary,mean_reward_step,mean_reward_proximity,sum_reward_drift,sum_reward_progress,sum_reward_intrusion,sum_reward_path_efficiency,sum_reward_boundary,sum_reward_step,sum_reward_proximity,total_intrusions,terminated_waypoint,terminated_collision,truncated,finished_at
1,31,-0.004550742940615393,0.0008841519450254071,0.0,0.0,0.0,-0.005000000000000002,0.07196168763810071,-0.14107303115907718,0.02740871029578762,0.0,0.0,0.0,-0.15500000000000005,2.230812316781122,0,False,True,False,1764700202.6266434
2,51,-0.0033993419826149167,0.004560696585198795,-2.9411764705882355,0.0,0.0,-0.005000000000000002,0.622685812396231,-0.17336644111336075,0.23259552584513854,-150.0,0.0,0.0,-0.2550000000000001,31.75697643220778,10,False,True,False,1764700210.4131205
3,5,-0.001189576846567601,0.0073185661505117405,-3.0,0.0,0.0,-0.005,0.5291240364422907,-0.0059478842328380055,0.0365928307525587,-15.0,0.0,0.0,-0.025,2.645620182211453,1,False,True,False,1764700220.7744012
4,400,-0.0046940796740354155,0.00035881363156685245,-0.4125,0.0,0.0,-0.004999999999999948,0.16680915363499335,-1.877631869614166,0.143525452626741,-165.0,0.0,0.0,-1.9999999999999793,66.72366145399734,11,False,False,True,1764700273.7590647
