episode_index,steps,mean_reward_drift,mean_reward_progress,mean_reward_intrusion,mean_reward_path_efficiency,mean_reward_boundary,mean_reward_step,mean_reward_proximity,sum_reward_drift,sum_reward_progress,sum_reward_intrusion,sum_reward_path_efficiency,sum_reward_boundary,sum_reward_step,sum_reward_proximity,total_intrusions,terminated_waypoint,terminated_collision,truncated,finished_at
1,12,-0.0010448726650732147,0.008504146465019883,-1.25,0.0,0.0,-0.004999999999999999,0.30739966569473465,-0.012538471980878575,0.1020497575802386,-15.0,0.0,0.0,-0.05999999999999999,3.6887959883368158,1,False,True,False,1764700201.0578268
2,13,-0.0008669272989105211,0.011683424129442292,0.0,0.0,0.0,-0.004999999999999999,0.19822451336487734,-0.011270054885836774,0.1518845136827498,0.0,0.0,0.0,-0.06499999999999999,2.5769186737434056,0,False,True,False,1764700207.9598465
3,10,-0.004472132386639989,6.629011037619925e-05,-1.5,0.0,0.0,-0.004999999999999999,0.1776176473106965,-0.04472132386639989,0.0006629011037619925,-15.0,0.0,0.0,-0.049999999999999996,1.7761764731069651,1,False,True,False,1764700221.1908014
4,56,-0.002925170318044845,0.0068550367500111176,-0.26785714285714285,0.0,0.0,-0.005000000000000003,0.030838529494985834,-0.16380953781051133,0.3838820580006226,-15.0,0.0,0.0,-0.28000000000000014,1.7269576517192067,1,False,True,False,1764700231.3155608
5,28,-0.004502797788442208,0.0010633085629636607,-0.5357142857142857,0.0,0.0,-0.005000000000000002,0.33435836302396277,-0.1260783380763818,0.0297726397629825,-15.0,0.0,0.0,-0.14000000000000004,9.362034164670957,1,False,True,False,1764700277.6998436
