episode_index,steps,mean_reward_drift,mean_reward_progress,mean_reward_intrusion,mean_reward_path_efficiency,mean_reward_boundary,mean_reward_step,mean_reward_proximity,sum_reward_drift,sum_reward_progress,sum_reward_intrusion,sum_reward_path_efficiency,sum_reward_boundary,sum_reward_step,sum_reward_proximity,total_intrusions,terminated_waypoint,terminated_collision,truncated,finished_at
1,31,-0.0018056187535768007,0.009500570793775682,-2.4193548387096775,0.0,0.0,-0.005000000000000002,0.7273409379114992,-0.05597418136088082,0.29451769460704613,-75.0,0.0,0.0,-0.15500000000000005,22.547569075256476,5,False,True,False,1764700202.6266434
2,21,-0.003180339739603918,0.004272017556909887,0.0,0.0,-0.09523809523809523,-0.005000000000000001,0.0,-0.06678713453168228,0.08971236869510762,0.0,0.0,-2.0,-0.10500000000000002,0.0,0,False,False,True,1764700208.4934633
3,25,-0.0010102914804100641,0.013200621066690638,0.0,0.0,0.0,-0.005000000000000001,0.12341242644106673,-0.025257287010251605,0.33001552666726597,0.0,0.0,0.0,-0.12500000000000003,3.0853106610266683,0,False,True,False,1764700221.9404814
4,78,-0.005402388420766251,-0.003029555000083156,0.0,0.0,-0.02564102564102564,-0.005000000000000003,0.05924751452904258,-0.4213862968197676,-0.23630529000648615,0.0,0.0,-2.0,-0.39000000000000024,4.621306133265321,0,False,False,True,1764700232.5361063
5,75,-0.005417756166600522,-0.0013812183464761614,-0.2,0.0,0.0,-0.005000000000000003,0.03537518601689589,-0.40633171249503913,-0.10359137598571211,-15.0,0.0,0.0,-0.3750000000000002,2.653138951267192,1,False,True,False,1764700284.3049114
