episode_index,steps,mean_reward_drift,mean_reward_progress,mean_reward_intrusion,mean_reward_path_efficiency,mean_reward_boundary,mean_reward_step,mean_reward_proximity,sum_reward_drift,sum_reward_progress,sum_reward_intrusion,sum_reward_path_efficiency,sum_reward_boundary,sum_reward_step,sum_reward_proximity,total_intrusions,terminated_waypoint,terminated_collision,truncated,finished_at
1,25,-0.006308148064349161,-0.004679486411851643,0.0,0.0,0.0,-0.005000000000000001,0.19223805401990543,-0.157703701608729,-0.11698716029629108,0.0,0.0,0.0,-0.12500000000000003,4.805951350497636,0,False,True,False,1764700202.109704
2,18,-0.002225830410722094,0.005560989166698264,-0.8333333333333334,0.0,0.0,-0.005000000000000001,0.1238216624130765,-0.040064947392997693,0.10009780500056875,-15.0,0.0,0.0,-0.09000000000000001,2.228789923435377,1,False,True,False,1764700208.3173196
3,19,-0.0036332501019714415,0.00382571151093218,-8.68421052631579,0.0,0.0,-0.005000000000000001,0.6620748703197968,-0.06903175193745739,0.07268851870771142,-165.0,0.0,0.0,-0.09500000000000001,12.57942253607614,11,False,True,False,1764700221.6667616
4,9,-0.0031897066435486532,0.004323633225813491,-1.6666666666666667,0.0,0.0,-0.005,0.27785250768704745,-0.028707359791937878,0.03891269903232142,-15.0,0.0,0.0,-0.045,2.500672569183427,1,False,True,False,1764700228.6590395
5,178,-0.005694877286440301,-0.002650042326233447,0.0,0.0,-0.011235955056179775,-0.005000000000000004,0.03659915789355443,-1.0136881569863736,-0.47170753406955357,0.0,0.0,-2.0,-0.8900000000000007,6.514650105052689,0,False,False,True,1764700299.87478
