episode_index,steps,mean_reward_drift,mean_reward_progress,mean_reward_intrusion,mean_reward_path_efficiency,mean_reward_boundary,mean_reward_step,mean_reward_proximity,sum_reward_drift,sum_reward_progress,sum_reward_intrusion,sum_reward_path_efficiency,sum_reward_boundary,sum_reward_step,sum_reward_proximity,total_intrusions,terminated_waypoint,terminated_collision,truncated,finished_at
1,7,-0.0016813801988498354,0.008727196278864298,0.0,0.0,0.0,-0.005,0.25006012062738825,-0.011769661391948847,0.06109037395205008,0.0,0.0,0.0,-0.035,1.7504208443917177,0,False,True,False,1764700200.5446208
2,7,-0.0007371989295982124,0.010056576856097224,-2.142857142857143,0.0,0.0,-0.005,0.2857862967614134,-0.005160392507187487,0.07039603799268057,-15.0,0.0,0.0,-0.035,2.000504077329894,1,False,True,False,1764700207.5544791
3,114,-0.004570991519989552,-0.0006790137689732527,0.0,0.0,-0.017543859649122806,-0.005000000000000004,0.04502508140784706,-0.521093033278809,-0.07740756966295081,0.0,0.0,-2.0,-0.5700000000000004,5.132859280494565,0,False,False,True,1764700227.1829739
4,3,-0.0009157705082680087,0.006394416322115126,-5.0,0.0,0.0,-0.005,0.7458428194985824,-0.0027473115248040263,0.01918324896634538,-15.0,0.0,0.0,-0.015,2.2375284584957473,1,False,True,False,1764700228.316627
5,117,-0.006460683344686032,-0.005329633102615489,0.0,0.0,-0.017094017094017096,-0.005000000000000004,0.033402840258467126,-0.7558999513282658,-0.6235670730060122,0.0,0.0,-2.0,-0.5850000000000004,3.9081323102406533,0,False,False,True,1764700290.638806
