episode_index,steps,mean_reward_drift,mean_reward_progress,mean_reward_intrusion,mean_reward_path_efficiency,mean_reward_boundary,mean_reward_step,mean_reward_proximity,sum_reward_drift,sum_reward_progress,sum_reward_intrusion,sum_reward_path_efficiency,sum_reward_boundary,sum_reward_step,sum_reward_proximity,total_intrusions,terminated_waypoint,terminated_collision,truncated,finished_at
1,28,-0.004428176207240058,-0.0005179941391838805,0.0,0.0,-0.07142857142857142,-0.005000000000000002,0.0,-0.12398893380272162,-0.014503835897148654,0.0,0.0,-2.0,-0.14000000000000004,0.0,0,False,False,True,1764700202.421168
2,15,-0.0018932363979816036,0.011230708684888135,-1.0,0.0,0.0,-0.005,0.19134680271310317,-0.028398545969724055,0.16846063027332203,-15.0,0.0,0.0,-0.075,2.8702020406965474,1,False,True,False,1764700208.1263165
3,7,-0.0010436188789138296,0.009464202959825212,-2.142857142857143,0.0,0.0,-0.005,0.5795618110137043,-0.007305332152396806,0.06624942071877649,-15.0,0.0,0.0,-0.035,4.05693267709593,1,False,True,False,1764700220.927791
4,8,-0.0035922003291573067,0.003775678508489977,-1.875,0.0,0.0,-0.005,0.37908560040898936,-0.028737602633258454,0.030205428067919815,-15.0,0.0,0.0,-0.04,3.032684803271915,1,False,True,False,1764700228.5609431
5,86,-0.0043902283026775665,0.002435152759409215,-3.13953488372093,0.0,0.0,-0.005000000000000004,0.2898106996125067,-0.3775596340302707,0.2094231373091925,-270.0,0.0,0.0,-0.43000000000000027,24.923720166675576,18,False,True,False,1764700286.1629453
