episode_index,steps,mean_reward_drift,mean_reward_progress,mean_reward_intrusion,mean_reward_path_efficiency,mean_reward_boundary,mean_reward_step,mean_reward_proximity,sum_reward_drift,sum_reward_progress,sum_reward_intrusion,sum_reward_path_efficiency,sum_reward_boundary,sum_reward_step,sum_reward_proximity,total_intrusions,terminated_waypoint,terminated_collision,truncated,finished_at
1,43,-0.0032222112066138393,0.0040296889161724435,-0.3488372093023256,0.0,0.0,-0.005000000000000003,0.3202767578816086,-0.13855508188439508,0.17327662339541505,-15.0,0.0,0.0,-0.2150000000000001,13.771900588909169,1,False,True,False,1764700203.3809688
2,7,-0.0006264846416004097,0.009328538245947498,-2.142857142857143,0.0,0.0,-0.005,0.5565173096570296,-0.0043853924912028676,0.06529976772163248,-15.0,0.0,0.0,-0.035,3.895621167599207,1,False,True,False,1764700207.5544791
3,45,-0.005814841242616346,-0.0050053620246966555,0.0,0.0,0.0,-0.005000000000000003,0.04638206750490951,-0.26166785591773556,-0.2252412911113495,0.0,0.0,0.0,-0.22500000000000012,2.087193037720928,0,False,True,False,1764700222.7825973
4,115,-0.0035383507278798085,0.004189429294994335,-1.3043478260869565,0.0,-0.017391304347826087,-0.005000000000000004,0.2737443723724826,-0.40691033370617796,0.48178436892434856,-150.0,0.0,-2.0,-0.5750000000000004,31.4806028228355,10,False,False,True,1764700236.4584613
5,135,-0.004847982552257675,-2.6334592868633895e-05,-1.1111111111111112,0.0,0.0,-0.005000000000000004,0.2505053641923964,-0.6544776445547862,-0.003555170037265576,-150.0,0.0,0.0,-0.6750000000000005,33.81822416597351,10,False,True,False,1764700293.4477475
