episode_index,steps,mean_reward_drift,mean_reward_progress,mean_reward_intrusion,mean_reward_path_efficiency,mean_reward_boundary,mean_reward_step,mean_reward_proximity,sum_reward_drift,sum_reward_progress,sum_reward_intrusion,sum_reward_path_efficiency,sum_reward_boundary,sum_reward_step,sum_reward_proximity,total_intrusions,terminated_waypoint,terminated_collision,truncated,finished_at
1,43,-0.005660483610248644,-0.004215565279760672,0.0,0.0,0.0,-0.005000000000000003,0.042157384474899404,-0.2434007952406917,-0.1812693070297089,0.0,0.0,0.0,-0.2150000000000001,1.8127675324206742,0,False,True,False,1764700203.3809688
2,4,-0.0025412872069427274,0.007147875130904535,-3.75,0.0,0.0,-0.005,0.5436585046319999,-0.01016514882777091,0.02859150052361814,-15.0,0.0,0.0,-0.02,2.1746340185279998,1,False,True,False,1764700207.3852909
3,12,-0.0037591524403024,0.003902993967224627,-1.25,0.0,0.0,-0.004999999999999999,0.22992822562819903,-0.0451098292836288,0.04683592760669553,-15.0,0.0,0.0,-0.05999999999999999,2.7591387075383884,1,False,True,False,1764700221.2505767
4,56,-0.005361820623382048,-0.0017729505944059068,-0.26785714285714285,0.0,0.0,-0.005000000000000003,0.09741644937259013,-0.30026195490939467,-0.09928523328673078,-15.0,0.0,0.0,-0.28000000000000014,5.4553211648650475,1,False,True,False,1764700231.3155608
5,109,-0.005475267395945804,-0.002497255414202361,0.0,0.0,-0.01834862385321101,-0.005000000000000004,0.0,-0.5968041461580926,-0.27220084014805734,0.0,0.0,-2.0,-0.5450000000000004,0.0,0,False,False,True,1764700289.4104507
