episode_index,steps,mean_reward_drift,mean_reward_progress,mean_reward_intrusion,mean_reward_path_efficiency,mean_reward_boundary,mean_reward_step,mean_reward_proximity,sum_reward_drift,sum_reward_progress,sum_reward_intrusion,sum_reward_path_efficiency,sum_reward_boundary,sum_reward_step,sum_reward_proximity,total_intrusions,terminated_waypoint,terminated_collision,truncated,finished_at
1,12,-0.0033830092220798265,0.00247311347550482,-1.25,0.0,0.0,-0.004999999999999999,0.30739966569473465,-0.04059611066495792,0.029677361706057837,-15.0,0.0,0.0,-0.05999999999999999,3.6887959883368158,1,False,True,False,1764700201.0578268
2,7,-0.0005822875387642171,0.01178103258460404,-2.142857142857143,0.0,0.0,-0.005,0.2857862967614134,-0.004076012771349519,0.08246722809222828,-15.0,0.0,0.0,-0.035,2.000504077329894,1,False,True,False,1764700207.5544791
3,12,-0.002995890282920983,0.006882981755470159,-1.25,0.0,0.0,-0.004999999999999999,0.22420377597613386,-0.035950683395051794,0.08259578106564192,-15.0,0.0,0.0,-0.05999999999999999,2.6904453117136065,1,False,True,False,1764700221.2505767
4,134,-0.00499544127705656,-0.0028101232923206736,-0.3358208955223881,0.0,-0.014925373134328358,-0.005000000000000004,0.3797164325688435,-0.669389131125579,-0.37655652117097027,-45.0,0.0,-2.0,-0.6700000000000005,50.88200196422503,3,False,False,True,1764700238.8343186
5,3,-0.00069883069048295,0.009440863186649976,-5.0,0.0,0.0,-0.005,0.5555385663570682,-0.00209649207144885,0.02832258955994993,-15.0,0.0,0.0,-0.015,1.6666156990712047,1,False,True,False,1764700274.244503
