episode_index,steps,mean_reward_drift,mean_reward_progress,mean_reward_intrusion,mean_reward_path_efficiency,mean_reward_boundary,mean_reward_step,mean_reward_proximity,sum_reward_drift,sum_reward_progress,sum_reward_intrusion,sum_reward_path_efficiency,sum_reward_boundary,sum_reward_step,sum_reward_proximity,total_intrusions,terminated_waypoint,terminated_collision,truncated,finished_at
1,35,-0.002249098526155272,0.011934774628055585,0.0,0.0,-0.05714285714285714,-0.005000000000000002,0.19178231688975061,-0.07871844841543452,0.4177171119819455,0.0,0.0,-2.0,-0.17500000000000007,6.712381091141271,0,False,False,True,1764700202.9353945
2,51,-0.003437220508891396,0.005423600910776684,-3.5294117647058822,0.0,0.0,-0.005000000000000002,0.5300949637321566,-0.1752982459534612,0.2766036464496109,-180.0,0.0,0.0,-0.2550000000000001,27.034843150339984,12,False,True,False,1764700210.4131205
3,22,-0.002285053027207058,0.009976292858631764,-0.6818181818181818,0.0,0.0,-0.005000000000000001,0.10447252067897163,-0.050271166598555274,0.21947844288989882,-15.0,0.0,0.0,-0.11000000000000003,2.298395454937376,1,False,True,False,1764700221.810019
4,142,-0.005859883585637233,-0.006689789555804054,0.0,0.0,-0.014084507042253521,-0.005000000000000004,0.20157405787565197,-0.832103469160487,-0.9499501169241756,0.0,0.0,-2.0,-0.7100000000000005,28.62351621834258,0,False,False,True,1764700239.980164
5,71,-0.005111341710765012,0.00016254725165831038,0.0,0.0,0.0,-0.005000000000000003,0.08889728302398411,-0.36290526146431584,0.011540854867740036,0.0,0.0,0.0,-0.3550000000000002,6.311707094702872,0,False,True,False,1764700283.8575935
