episode_index,steps,mean_reward_drift,mean_reward_progress,mean_reward_intrusion,mean_reward_proximity,sum_reward_drift,sum_reward_progress,sum_reward_intrusion,sum_reward_proximity,total_intrusions,terminated_waypoint,truncated,finished_at
1,274,-0.0027418392260507426,-0.001736765330495999,-0.021897810218978103,-0.01185990469056871,-0.7512639479379035,-0.4758737005559037,-6.0,-3.249613885215827,2,False,True,1762522538.6503303
2,400,-0.0021880411386636404,-0.0008242395244336037,-0.0225,-0.00834385234348726,-0.8752164554654562,-0.3296958097734415,-9.0,-3.337540937394904,3,False,True,1762522714.4949381
