episode_index,steps,mean_reward_drift,mean_reward_progress,mean_reward_intrusion,sum_reward_drift,sum_reward_progress,sum_reward_intrusion,total_intrusions,finished_at
1,156,-0.14937963496367535,0.0,0.0,-23.303223054333355,0.0,0.0,0,1761055479.5129454
2,3,-0.1300438517614315,0.0,0.0,-0.3901315552842945,0.0,0.0,0,1761055479.5869544
3,25,-0.1833466360730435,0.0,-0.04,-4.5836659018260875,0.0,-1.0,1,1761055513.446031
4,12,-0.20070339964272718,0.0,0.0,-2.408440795712726,0.0,0.0,0,1761055514.1897314
5,7,-0.1988281930664803,0.0,0.0,-1.391797351465362,0.0,0.0,0,1761055514.7965484
6,57,-0.15612999499470134,0.0,-0.017543859649122806,-8.899409714697976,0.0,-1.0,1,1761055516.0389519
