episode_index,steps,mean_reward_drift,mean_reward_progress,mean_reward_intrusion,sum_reward_drift,sum_reward_progress,sum_reward_intrusion,total_intrusions,finished_at
1,55,-0.1783323961140819,0.0,0.0,-9.808281786274504,0.0,0.0,0,1761055478.3059232
2,3,-0.1709884942391083,0.0,0.0,-0.5129654827173249,0.0,0.0,0,1761055479.5869544
3,25,-0.09744797546936973,0.0,-0.04,-2.436199386734243,0.0,-1.0,1,1761055513.446031
4,12,-0.2068221951028255,0.0,0.0,-2.481866341233906,0.0,0.0,0,1761055514.1897314
5,26,-0.1625023270065166,0.0,0.0,-4.225060502169431,0.0,0.0,0,1761055515.0500238
