episode_index,steps,mean_reward_drift,mean_reward_progress,mean_reward_intrusion,sum_reward_drift,sum_reward_progress,sum_reward_intrusion,total_intrusions,finished_at
1,4,-0.06247958061412141,0.0,0.0,-0.24991832245648565,0.0,0.0,0,1761055477.361532
2,11,-0.17869356997119415,0.0,0.0,-1.9656292696831357,0.0,0.0,0,1761055479.699262
3,62,-0.2036812720408025,0.0,-0.03225806451612903,-12.628238866529754,0.0,-2.0,2,1761055513.917328
