episode_index,steps,mean_reward_drift,mean_reward_progress,mean_reward_intrusion,mean_reward_proximity,sum_reward_drift,sum_reward_progress,sum_reward_intrusion,sum_reward_proximity,total_intrusions,terminated_waypoint,truncated,finished_at
1,134,-0.0023967282759405043,-0.0012584972179648412,-0.04477611940298507,-0.009749467383277033,-0.3211615889760276,-0.16863862720728873,-6.0,-1.3064286293591223,2,False,True,1762850746.1593664
2,244,-0.0023990646048386555,0.00014817606610049414,0.0,0.0,-0.5853717635806319,0.03615496012852057,0.0,0.0,0,False,True,1762850795.158112
