episode_index,steps,mean_reward_drift,mean_reward_progress,mean_reward_intrusion,mean_reward_proximity,sum_reward_drift,sum_reward_progress,sum_reward_intrusion,sum_reward_proximity,total_intrusions,terminated_waypoint,truncated,finished_at
1,100,-0.0028290291541524966,-0.0011153160085374302,0.0,0.0,-0.28290291541524965,-0.11153160085374303,0.0,0.0,0,False,True,1762869440.804223
2,297,-0.002845211812498578,-0.0017059259991481493,-0.010101010101010102,-0.02255849390404267,-0.8450279083120776,-0.5066600217470003,-3.0,-6.699872689500673,1,False,True,1762869467.1995895
