episode_index,steps,mean_reward_drift,mean_reward_progress,mean_reward_intrusion,mean_reward_proximity,sum_reward_drift,sum_reward_progress,sum_reward_intrusion,sum_reward_proximity,total_intrusions,terminated_waypoint,truncated,finished_at
1,31,-0.0027115754951566235,-0.0015167950070594793,0.0,0.0,-0.08405884034985533,-0.04702064521884386,0.0,0.0,0,False,True,1762869439.615225
2,90,-0.0037625336122902187,-0.0043178702144611465,0.0,0.0,-0.33862802510611967,-0.3886083193015032,0.0,0.0,0,False,True,1762869453.3855782
3,31,-0.0012514763123522474,0.0016518330756575567,0.0,0.0,-0.03879576568291967,0.05120682534538426,0.0,0.0,0,False,True,1762869469.1384127
4,161,-0.0026650016130373246,-0.0018396734621070896,0.0,0.0,-0.42906525969900927,-0.2961874273992414,0.0,0.0,0,False,True,1762869490.5317104
