episode_index,steps,mean_reward_drift,mean_reward_progress,mean_reward_intrusion,mean_reward_proximity,sum_reward_drift,sum_reward_progress,sum_reward_intrusion,sum_reward_proximity,total_intrusions,terminated_waypoint,truncated,finished_at
1,136,-0.0024372872716000547,0.00028350202861018,0.0,0.0,-0.33147106893760747,0.03855627589098448,0.0,0.0,0,False,True,1762869442.8014243
2,147,-0.0014419649162631415,0.0015493784497740538,0.0,-0.011755685951004749,-0.2119688426906818,0.22775863211678593,0.0,-1.7280858347976982,0,False,True,1762869457.2824078
3,185,-0.002713085429498814,-0.002148807662285777,-0.016216216216216217,-0.005379678623632437,-0.5019208044572806,-0.39752941752286874,-3.0,-0.9952405453720009,1,False,True,1762869479.6984384
4,115,-0.0027340046802130876,-0.0028669577090069003,-0.02608695652173913,-0.008967370828966495,-0.3144105382245051,-0.32970013653579355,-3.0,-1.031247645331147,1,False,True,1762869487.5471818
5,102,-0.002239448369130591,-0.001142704523339017,0.0,0.0,-0.2284237336513203,-0.11655586138057972,0.0,0.0,0,False,True,1762869498.0758016
