episode_index,steps,mean_reward_drift,mean_reward_progress,mean_reward_intrusion,mean_reward_proximity,sum_reward_drift,sum_reward_progress,sum_reward_intrusion,sum_reward_proximity,total_intrusions,terminated_waypoint,truncated,finished_at
1,55,-0.0010345979621836994,-0.005066866841992101,0.0,0.0,-0.05690288792010347,-0.2786776763095655,0.0,0.0,0,False,True,1762851833.119071
2,400,-0.0021460807768894875,0.0007338831072283926,0.0,-0.0044217222302868125,-0.8584323107557951,0.29355324289135704,0.0,-1.768688892114725,0,False,True,1762851956.170151
