episode_index,steps,mean_reward_drift,mean_reward_progress,mean_reward_intrusion,sum_reward_drift,sum_reward_progress,sum_reward_intrusion,total_intrusions,finished_at
1,74,-0.1275307425382705,0.013513513513513514,0.0,-9.437274947832016,1.0,0.0,0,1761054472.807678
2,35,-0.17689673224677377,0.0,0.0,-6.191385628637082,0.0,0.0,0,1761054473.4306066
