episode_index,steps,mean_reward_drift,mean_reward_progress,mean_reward_intrusion,sum_reward_drift,sum_reward_progress,sum_reward_intrusion,total_intrusions,finished_at
1,33,-0.16459988223952263,0.0,0.0,-5.431796113904246,0.0,0.0,0,1761054472.2654479
2,4,-0.10261386702069905,0.0,0.0,-0.4104554680827962,0.0,0.0,0,1761054472.9121587
3,35,-0.1803302972327827,0.0,0.0,-6.311560403147395,0.0,0.0,0,1761054473.9871333
4,83,-0.14585033194966177,0.0,0.0,-12.105577551821927,0.0,0.0,0,1761054511.4096305
