episode_index,steps,mean_reward_drift,mean_reward_progress,mean_reward_intrusion,sum_reward_drift,sum_reward_progress,sum_reward_intrusion,total_intrusions,finished_at
1,26,-0.18109375592644172,0.0,0.0,-4.708437654087485,0.0,0.0,0,1761054472.1402397
2,30,-0.14629520458790876,0.0,0.0,-4.388856137637263,0.0,0.0,0,1761054473.3516257
3,15,-0.06448249117763885,0.0,0.0,-0.9672373676645827,0.0,0.0,0,1761054473.7304878
4,22,-0.1627958143453951,0.0,0.0,-3.581507915598692,0.0,0.0,0,1761054474.3757076
5,76,-0.1657882392740206,0.0,0.0,-12.599906184825565,0.0,0.0,0,1761054512.607841
