episode_index,steps,mean_reward_drift,mean_reward_progress,mean_reward_intrusion,mean_reward_proximity,sum_reward_drift,sum_reward_progress,sum_reward_intrusion,sum_reward_proximity,total_intrusions,terminated_waypoint,truncated,finished_at
1,90,-0.003864018797924985,0.15942473987643505,-0.13333333333333333,-0.2561775240566009,-0.3477616918132487,14.348226588879154,-12.0,-23.05597716509408,1,True,False,1763047595.9660985
2,126,-0.0033964206716947444,0.12864337952754115,0.0,-0.10850458325507877,-0.4279490046335378,16.209065820470187,0.0,-13.671577490139924,0,True,False,1763047613.6075907
3,87,-0.0031989575377646064,0.035800413614177615,0.0,0.0,-0.27830930578552077,3.1146359844334524,0.0,0.0,0,False,True,1763047623.0636256
4,74,-0.001386291595977447,0.20334057413679502,0.0,-0.05532461685146043,-0.10258557810233108,15.047202486122831,0.0,-4.094021647008072,0,True,False,1763047634.5841973
