episode_index,steps,mean_reward_drift,mean_reward_progress,mean_reward_intrusion,mean_reward_proximity,sum_reward_drift,sum_reward_progress,sum_reward_intrusion,sum_reward_proximity,total_intrusions,terminated_waypoint,truncated,finished_at
1,127,-0.002027174514237979,0.1351514717980825,0.0,-0.03956312580573022,-0.2574511633082233,17.16423691835648,0.0,-5.024516977327738,0,True,False,1763047599.930378
2,119,-0.0038626318605581795,0.030145516876050344,0.0,-0.19954926930344966,-0.45965319140642336,3.587316508249991,0.0,-23.74636304711051,0,False,True,1763047612.8525305
3,119,-0.0016057877560014503,0.14453192658944267,0.0,0.0,-0.19108874296417258,17.199299264143676,0.0,0.0,0,True,False,1763047626.5051386
4,12,-0.0050380837638588,0.017257274520027534,0.0,0.0,-0.060457005166305595,0.2070872942403304,0.0,0.0,0,False,True,1763047627.8949537
5,72,-0.005242835189293297,0.018020038880705785,0.0,-0.19394353149539414,-0.37748413362911737,1.2974427994108164,0.0,-13.963934267668378,0,False,True,1763047647.023872
6,41,-0.0013252821621612203,0.3339189534310428,0.0,0.0,-0.054336568648610035,13.690677090672754,0.0,0.0,0,True,False,1763047667.147147
7,93,-0.002536526174762254,0.1684967244987102,0.0,-0.00016271924780482646,-0.23589693425288963,15.670195378380049,0.0,-0.01513289004584886,0,True,False,1763047683.0284739
