episode_index,steps,mean_reward_drift,mean_reward_progress,mean_reward_intrusion,mean_reward_proximity,sum_reward_drift,sum_reward_progress,sum_reward_intrusion,sum_reward_proximity,total_intrusions,terminated_waypoint,truncated,finished_at
1,88,-0.0015023730427752326,0.1761874868875652,0.0,-0.05709678383326975,-0.13220882776422047,15.504498846105736,0.0,-5.024516977327738,0,True,False,1763047595.7543988
2,82,-0.002694266990205963,0.03872078396537214,0.0,-0.12286323849964133,-0.22092989319688897,3.1751042851605153,0.0,-10.074785556970589,0,False,True,1763047608.8506558
3,54,-0.002501316117564878,0.03912376182531113,0.0,0.0,-0.1350710703485034,2.1126831385668012,0.0,0.0,0,False,True,1763047619.4870782
4,72,-0.0015040934512689673,0.20976706614789942,0.0,0.0,-0.10829472849136564,15.103228762648758,0.0,0.0,0,True,False,1763047634.3706377
5,217,-0.004182354120557265,0.07481881223778201,-0.11059907834101383,-0.185328968426742,-0.9075708441609264,16.235682255598697,-24.0,-40.216386148603014,2,True,False,1763047662.5605092
