episode_index,steps,mean_reward_drift,mean_reward_progress,mean_reward_intrusion,sum_reward_drift,sum_reward_progress,sum_reward_intrusion,finished_at
1,25,-0.13852632640061238,0.003916330782634563,0.0,-3.46315816001531,0.09790826956586407,0.0,1760538820.7256181
2,45,-0.16260004179841114,-6.395069246745895e-05,0.0,-7.317001880928501,-0.002877781161035653,0.0,1760538821.9791882
