episode_index,steps,mean_reward_drift,mean_reward_progress,mean_reward_intrusion,sum_reward_drift,sum_reward_progress,sum_reward_intrusion,finished_at
1,15,-0.2294535454588156,-0.011904752466170761,0.0,-3.441803181882234,-0.17857128699256142,0.0,1760538820.5813227
2,18,-0.12854517525124717,0.006193737873287685,0.0,-2.313813154522449,0.11148728171917832,0.0,1760538821.6258245
3,61,-0.18313426443925201,-0.0046373133512814056,-0.03278688524590164,-11.171190130794374,-0.28287611442816574,-2.0,1760538823.0295436
4,32,-0.09144687117096911,0.013636227236351599,-0.0625,-2.9262998774710116,0.43635927156325116,-2.0,1760538861.607594
5,20,-0.12039794693760845,0.006718172612946138,0.0,-2.407958938752169,0.13436345225892277,0.0,1760538862.000597
6,25,-0.18844998513997852,-0.0055874852410605904,0.0,-4.711249628499463,-0.13968713102651475,0.0,1760538862.9189665
7,3,-0.07124036302218423,0.022986175041119983,0.0,-0.21372108906655268,0.06895852512335995,0.0,1760538863.2248769
8,37,-0.12215848197146688,0.007049605660773245,0.0,-4.519863832944274,0.26083540944861006,0.0,1760538864.4088368
