episode_index,steps,mean_reward_drift,mean_reward_progress,mean_reward_intrusion,mean_reward_proximity,sum_reward_drift,sum_reward_progress,sum_reward_intrusion,sum_reward_proximity,total_intrusions,finished_at
1,63,-0.02661057882148904,0.004564605380424532,0.0,-0.07087962829812998,-1.6764664657538095,0.28757013896674555,0.0,-4.465416582782189,0,1761290467.1452284
2,177,-0.026929551980189256,0.0031997274118477814,-0.4406779661016949,-0.01627439752642743,-4.766530700493498,0.5663517518970573,-78.0,-2.880568362177655,13,1761290469.1689546
3,398,-0.0324959977268236,-0.0003379849643080499,0.0,0.0,-12.933407095275793,-0.13451801579460387,0.0,0.0,0,1761290471.5525446
4,128,-0.013770440863075457,0.012311205605564386,0.0,0.0,-1.7626164304736585,1.5758343175122413,0.0,0.0,0,1761290472.9980886
5,70,-0.025151282339071344,0.005540647256448978,0.0,0.0,-1.760589763734994,0.3878453079514284,0.0,0.0,0,1761290473.5779405
6,16,-0.014888269962306154,0.015671867184271056,0.0,0.0,-0.23821231939689846,0.2507498749483369,0.0,0.0,0,1761290474.162299
7,300,-0.031069475766495706,0.0005692991224922106,0.0,0.0,-9.320842729948712,0.17078973674766318,0.0,0.0,0,1761290476.553566
