episode_index,steps,mean_reward_drift,mean_reward_progress,mean_reward_intrusion,mean_reward_proximity,sum_reward_drift,sum_reward_progress,sum_reward_intrusion,sum_reward_proximity,total_intrusions,finished_at
1,18,-0.007440936112654127,0.018114622131866837,0.0,0.0,-0.13393685002777428,0.3260631983736031,0.0,0.0,0,1761290466.8266554
2,203,-0.029542413881454403,0.002123692371925896,-0.20689655172413793,-0.015795261336516823,-5.997110017935244,0.43110955150095687,-42.0,-3.206438051312915,7,1761290469.2823474
3,158,-0.048002379491832795,-0.01145291628499201,0.0,0.0,-7.584375959709582,-1.8095607730287375,0.0,0.0,0,1761290470.3724625
4,28,-0.006685491827855327,0.05385907742573846,0.0,0.0,-0.18719377117994915,1.5080541679206767,0.0,0.0,0,1761290472.3687124
5,107,-0.019770088747347744,0.007313394831940389,-0.5607476635514018,-0.019834597815280363,-2.1153994959662086,0.7825332470176216,-60.0,-2.122301966234999,10,1761290473.8221517
6,104,-0.015225055513087598,0.012285723250597746,0.0,0.0,-1.5834057733611102,1.2777152180621656,0.0,0.0,0,1761290474.717257
