episode_index,steps,mean_reward_drift,mean_reward_progress,mean_reward_intrusion,mean_reward_proximity,sum_reward_drift,sum_reward_progress,sum_reward_intrusion,sum_reward_proximity,total_intrusions,finished_at
1,129,-0.031030275195600452,-0.0006950716147857711,0.0,-0.01893751577489933,-4.002905500232458,-0.08966423830736447,0.0,-2.4429395349620138,0,1761290467.4921556
2,32,-0.017837949831395267,0.012362395035359786,0.0,0.0,-0.5708143946046486,0.39559664113151316,0.0,0.0,0,1761290468.2675438
3,321,-0.035216059851422454,-0.001795395421191263,0.0,0.0,-11.304355212306609,-0.5763219302023954,0.0,0.0,0,1761290471.2265697
4,30,-0.010331750025108997,0.01745672868901526,0.0,0.0,-0.3099525007532699,0.5237018606704578,0.0,0.0,0,1761290472.3835824
5,144,-0.024315190394334715,0.005618391728396287,-0.4166666666666667,-0.014738208098854158,-3.501387416784199,0.8090484088890654,-60.0,-2.122301966234999,10,1761290474.0091476
