episode_index,steps,mean_reward_drift,mean_reward_progress,mean_reward_intrusion,sum_reward_drift,sum_reward_progress,sum_reward_intrusion,finished_at
1,102,-0.1530955797381663,0.0012650940052273342,0.0,-15.615749133292962,0.1290395885331881,0.0,1760947064.763859
2,12,-0.12443367888885674,0.0070234199810824864,0.0,-1.4932041466662809,0.08428103977298984,0.0,1760947065.0125284
3,94,-0.1804030703860189,-0.003362419061528314,-0.031914893617021274,-16.95788861628578,-0.3160673917836615,-3.0,1760947066.9490192
4,94,-0.17719779242389894,-0.003772278190796015,0.0,-16.6565924878465,-0.3545941499348254,0.0,1760947068.3094945
5,36,-0.19589736169777155,-0.007340871718255698,-0.08333333333333333,-7.052305021119776,-0.2642713818572051,-3.0,1760947068.8512938
6,7,-0.10435405972711301,0.011264969135225384,0.0,-0.7304784180897911,0.07885478394657769,0.0,1760947135.551384
7,49,-0.1743334124305166,-0.002293875095640988,0.0,-8.542337209095313,-0.11239987968640841,0.0,1760947136.7626112
