episode_index,steps,mean_reward_drift,mean_reward_progress,mean_reward_intrusion,sum_reward_drift,sum_reward_progress,sum_reward_intrusion,finished_at
1,9,-0.12827142986577164,0.0067947996111338655,0.0,-1.1544428687919448,0.06115319650020479,0.0,1760947063.5450163
2,6,-0.1443049771664511,0.005769247776502215,0.0,-0.8658298629987067,0.03461548665901329,0.0,1760947064.9128628
3,53,-0.2163451812789113,-0.010269304521261157,-0.11320754716981132,-11.466294607782299,-0.5442731396268413,-6.0,1760947066.3802893
4,13,-0.22115301771230828,-0.007871315757803131,0.0,-2.8749892302600077,-0.1023271048514407,0.0,1760947067.2234054
5,68,-0.16434311031599788,-0.0012847043529475202,0.0,-11.175331501487856,-0.08735989600043137,0.0,1760947069.2270193
