episode_index,steps,mean_reward_drift,mean_reward_progress,mean_reward_intrusion,sum_reward_drift,sum_reward_progress,sum_reward_intrusion,finished_at
1,51,-0.15193207476149953,0.001395780660492566,0.0,-7.748535812836476,0.07118481368512086,0.0,1760947064.1514714
2,17,-0.1784827168065093,-0.002091314395889717,0.0,-3.034206185710658,-0.035552344730125196,0.0,1760947065.0888972
3,99,-0.18566043437755025,-0.0047034270606706174,-0.06060606060606061,-18.380383003377474,-0.4656392790063911,-6.0,1760947067.0042312
4,8,-0.06752802947781408,0.019294791140720285,-1.125,-0.5402242358225127,0.15435832912576228,-9.0,1760947067.1549273
5,42,-0.16196617745964711,-0.00021230203315443177,-0.07142857142857142,-6.802579453305179,-0.008916685392486134,-3.0,1760947068.9238582
6,3,-0.056282966939417735,0.022646408806752134,0.0,-0.1688489008182532,0.0679392264202564,0.0,1760947069.3071027
7,14,-0.1774736955980655,-0.0019243168244373649,0.0,-2.484631738372917,-0.02694043554212311,0.0,1760947136.3003137
8,25,-0.07880080169336896,0.012983757223069478,0.0,-1.9700200423342242,0.32459393057673697,0.0,1760947137.2744415
