episode_index,steps,mean_reward_drift,mean_reward_progress,mean_reward_intrusion,sum_reward_drift,sum_reward_progress,sum_reward_intrusion,finished_at
1,27,-0.07674897026689159,0.015167294839490334,0.0,-2.072222197206073,0.40951696066623905,0.0,1760947063.8156512
2,22,-0.210144687886665,-0.008826167259119094,0.0,-4.62318313350663,-0.19417567970062005,0.0,1760947065.1554382
3,50,-0.1761359222962739,-0.002690307574821624,-0.12,-8.806796114813695,-0.13451537874108122,-6.0,1760947066.3388934
4,6,-0.10931687261028812,0.012066251884602286,0.0,-0.6559012356617288,0.07239751130761371,0.0,1760947067.127868
5,33,-0.14921881631770245,0.0019365793923883969,-0.6363636363636364,-4.924220938484181,0.06390711994881709,-21.0,1760947068.8127732
6,26,-0.22266183718005111,-0.010812073708752,0.0,-5.789207766681329,-0.281113916427552,0.0,1760947135.8754377
7,13,-0.14825912767359026,0.0023180199380551636,0.0,-1.9273686597566733,0.030134259194717128,0.0,1760947136.283088
8,12,-0.1796145331437484,-0.0013443550100569284,0.0,-2.1553743977249806,-0.01613226012068314,0.0,1760947137.0603108
9,123,-0.1534945589974727,0.000259623499857372,-0.024390243902439025,-18.87983075668914,0.031933690482456756,-3.0,1760947139.0490146
