episode_index,steps,mean_reward_drift,mean_reward_progress,mean_reward_intrusion,sum_reward_drift,sum_reward_progress,sum_reward_intrusion,total_intrusions,finished_at
1,39,-0.13054366341092852,0.0,-0.02564102564102564,-5.091202873026212,0.0,-1.0,1,1761051075.354519
2,31,-0.15036637428365845,0.0,0.0,-4.661357602793412,0.0,0.0,0,1761051076.0862026
3,59,-0.11916131714528844,0.0,-0.03389830508474576,-7.030517711572018,0.0,-2.0,2,1761051077.137954
4,13,-0.23462521849395424,0.0,0.0,-3.050127840421405,0.0,0.0,0,1761051077.550982
5,22,-0.1856825744634435,0.0,0.0,-4.085016638195757,0.0,0.0,0,1761051078.0203307
6,19,-0.1971567961284184,0.0,0.0,-3.74597912643995,0.0,0.0,0,1761051114.3130918
7,9,-0.1295022079935058,0.0,0.0,-1.1655198719415523,0.0,0.0,0,1761051114.8129144
8,32,-0.10715768301944338,0.0,0.0,-3.429045856622188,0.0,0.0,0,1761051148.085438
