episode_index,steps,mean_reward_drift,mean_reward_progress,mean_reward_intrusion,sum_reward_drift,sum_reward_progress,sum_reward_intrusion,total_intrusions,finished_at
1,9,-0.1538047952809022,0.0,0.0,-1.38424315752812,0.0,0.0,0,1761051074.9273584
2,7,-0.08246059073336201,0.0,-0.2857142857142857,-0.5772241351335341,0.0,-2.0,2,1761051075.7266827
3,72,-0.1705555692239857,0.0,-0.041666666666666664,-12.280000984126971,0.0,-3.0,3,1761051077.293142
4,28,-0.21261766667845605,0.0,-0.03571428571428571,-5.9532946669967695,0.0,-1.0,1,1761051077.7777843
5,12,-0.12884960488701583,0.0,0.0,-1.5461952586441898,0.0,0.0,0,1761051077.9575744
6,27,-0.1003172925165895,0.0,0.0,-2.7085668979479163,0.0,0.0,0,1761051114.4354541
7,11,-0.044836042778902525,0.0,-0.09090909090909091,-0.49319647056792776,0.0,-1.0,1,1761051114.8414505
8,8,-0.04764671697098065,0.125,0.0,-0.3811737357678452,1.0,0.0,0,1761051115.632156
9,125,-0.14134870234317923,0.0,0.0,-17.668587792897405,0.0,0.0,0,1761051150.070399
