episode_index,steps,mean_reward_drift,mean_reward_progress,mean_reward_intrusion,sum_reward_drift,sum_reward_progress,sum_reward_intrusion,total_intrusions,finished_at
1,55,-0.14201833335552494,0.0,0.0,-7.811008334553872,0.0,0.0,0,1761051075.5553098
2,30,-0.16995291626454476,0.0,0.0,-5.098587487936343,0.0,0.0,0,1761051076.074192
3,30,-0.17473705706161974,0.0,-0.06666666666666667,-5.242111711848592,0.0,-2.0,2,1761051076.6563606
4,30,-0.10260201023447493,0.0,0.0,-3.078060307034248,0.0,0.0,0,1761051077.7954922
5,118,-0.16740854721464063,0.0,-0.025423728813559324,-19.754208571327595,0.0,-3.0,3,1761051113.9113665
6,40,-0.11274970498732007,0.0,0.0,-4.509988199492803,0.0,0.0,0,1761051114.6196578
