episode_index,steps,mean_reward_drift,mean_reward_progress,mean_reward_intrusion,sum_reward_drift,sum_reward_progress,sum_reward_intrusion,total_intrusions,finished_at
1,20,-0.10746885520626528,0.0,0.0,-2.1493771041253056,0.0,0.0,0,1761055179.8054712
2,14,-0.21775357533704237,0.0,0.0,-3.0485500547185933,0.0,0.0,0,1761055180.4003975
3,30,-0.09105009470092454,0.0,0.0,-2.731502841027736,0.0,0.0,0,1761055181.0529692
4,30,-0.1429406800616658,0.0,0.0,-4.288220401849974,0.0,0.0,0,1761055182.36207
5,37,-0.15693976153476247,0.0,0.0,-5.806771176786212,0.0,0.0,0,1761055219.4905188
6,26,-0.1450892232640133,0.0,0.0,-3.772319804864346,0.0,0.0,0,1761055220.0444813
7,29,-0.18747127211041456,0.0,0.0,-5.436666891202022,0.0,0.0,0,1761055220.7169547
8,24,-0.157318980801896,0.0,0.0,-3.775655539245504,0.0,0.0,0,1761055221.163642
