episode_index,steps,mean_reward_drift,mean_reward_progress,mean_reward_intrusion,sum_reward_drift,sum_reward_progress,sum_reward_intrusion,total_intrusions,finished_at
1,43,-0.13361477280095083,0.0,0.0,-5.7454352304408856,0.0,0.0,0,1761055180.1442947
2,5,-0.055330920531311056,0.0,0.0,-0.2766546026565553,0.0,0.0,0,1761055180.2785778
3,93,-0.16435722800879599,0.0,0.0,-15.285222204818027,0.0,0.0,0,1761055181.8729866
4,26,-0.12481147659251732,0.0,0.0,-3.2450983914054503,0.0,0.0,0,1761055182.3102765
5,45,-0.09077425990994524,0.0,0.0,-4.084841695947536,0.0,0.0,0,1761055219.6005237
