episode_index,steps,mean_reward_drift,mean_reward_progress,mean_reward_intrusion,sum_reward_drift,sum_reward_progress,sum_reward_intrusion,total_intrusions,finished_at
1,20,-0.14730784012288448,0.0,-0.1,-2.9461568024576894,0.0,-2.0,2,1761055179.8054712
2,7,-0.19417621118079112,0.0,0.0,-1.3592334782655378,0.0,0.0,0,1761055180.309227
3,13,-0.14530689263118882,0.0,0.0,-1.8889896042054546,0.0,0.0,0,1761055180.840646
4,9,-0.228755170646911,0.0,0.0,-2.058796535822199,0.0,0.0,0,1761055182.0697742
5,31,-0.20992318884996586,0.0,0.0,-6.507618854348942,0.0,0.0,0,1761055219.4010894
6,39,-0.13759554919979314,0.0,0.0,-5.366226418791932,0.0,0.0,0,1761055220.2265186
