episode_index,steps,mean_reward_drift,mean_reward_progress,mean_reward_intrusion,sum_reward_drift,sum_reward_progress,sum_reward_intrusion,total_intrusions,finished_at
1,6,-0.2182179958069916,0.0,0.0,-1.3093079748419496,0.0,0.0,0,1761055179.5853806
2,12,-0.11379198705219577,0.0,0.0,-1.3655038446263492,0.0,0.0,0,1761055180.3768623
3,5,-0.16452297309574868,0.0,0.0,-0.8226148654787434,0.0,0.0,0,1761055180.7334855
4,59,-0.1611742554788323,0.0,0.0,-9.509281073251106,0.0,0.0,0,1761055218.8266048
