episode_index,steps,mean_reward_drift,mean_reward_progress,mean_reward_intrusion,sum_reward_drift,sum_reward_progress,sum_reward_intrusion,total_intrusions,finished_at
1,21,-0.23402477377090863,0.0,-0.09523809523809523,-4.914520249189081,0.0,-2.0,2,1761055179.8211565
2,33,-0.13267743151554054,0.0,0.0,-4.378355240012838,0.0,0.0,0,1761055180.6300554
3,67,-0.16508054558011806,0.0,0.0,-11.06039655386791,0.0,0.0,0,1761055181.5368123
4,6,-0.049076839069483257,0.0,0.0,-0.2944610344168995,0.0,0.0,0,1761055182.0179727
5,38,-0.1539799313349833,0.0,-0.05263157894736842,-5.8512373907293656,0.0,-2.0,2,1761055219.5066788
6,17,-0.059203732268680045,0.0,0.0,-1.0064634485675608,0.0,0.0,0,1761055219.916983
7,9,-0.09683352913138298,0.0,0.0,-0.8715017621824468,0.0,0.0,0,1761055220.4342887
8,15,-0.14825155783680682,0.0,0.0,-2.2237733675521025,0.0,0.0,0,1761055221.04403
9,42,-0.16715341320604057,0.0,0.0,-7.020443354653704,0.0,0.0,0,1761055221.8631017
