episode_index,steps,mean_reward_drift,mean_reward_progress,mean_reward_intrusion,mean_reward_proximity,sum_reward_drift,sum_reward_progress,sum_reward_intrusion,sum_reward_proximity,total_intrusions,terminated_waypoint,truncated,finished_at
1,190,-0.0033095118821515625,-0.0036729746837565924,-0.031578947368421054,-0.025805510104866952,-0.6288072576087969,-0.6978651899137526,-6.0,-4.903046919924721,2,False,True,1762865683.5131145
2,174,-0.0028875692488234826,-0.0020431038112520253,0.0,0.0,-0.502437049295286,-0.35550006315785243,0.0,0.0,0,False,True,1762865704.41838
