episode_index,steps,mean_reward_drift,mean_reward_progress,mean_reward_intrusion,mean_reward_proximity,sum_reward_drift,sum_reward_progress,sum_reward_intrusion,sum_reward_proximity,total_intrusions,terminated_waypoint,truncated,finished_at
1,34,-0.0027603683879336184,-0.0009034890312750144,0.0,0.0,-0.09385252518974302,-0.03071862706335049,0.0,0.0,0,False,True,1762865676.47345
2,91,-0.002716561328393791,-0.0019939546261700638,0.0,0.0,-0.247207080883835,-0.1814498709814758,0.0,0.0,0,False,True,1762865698.7188098
3,233,-0.0027607408356357228,-0.0020494105630329156,0.0,-0.0030482109060344384,-0.6432526147031234,-0.47751266118666935,0.0,-0.7102331411060242,0,False,True,1762865720.9220734
