episode_index,steps,mean_reward_drift,mean_reward_progress,mean_reward_intrusion,mean_reward_proximity,sum_reward_drift,sum_reward_progress,sum_reward_intrusion,sum_reward_proximity,total_intrusions,terminated_waypoint,truncated,finished_at
1,35,-0.0009232397398659246,-0.0030106954382580044,0.0,0.0,-0.03231339089530736,-0.10537434033903015,0.0,0.0,0,False,True,1762522439.6080377
2,171,-0.0031421537599551318,-0.0029757436655972317,-0.03508771929824561,-0.013639484598636245,-0.5373082929523275,-0.5088521668171266,-6.0,-2.332351866366798,2,False,True,1762522569.9923508
