episode_index,steps,mean_reward_drift,mean_reward_progress,mean_reward_intrusion,mean_reward_proximity,sum_reward_drift,sum_reward_progress,sum_reward_intrusion,sum_reward_proximity,total_intrusions,terminated_waypoint,truncated,finished_at
1,57,-0.003072779092398991,-0.0035387594645943207,0.0,0.0,-0.1751484082667425,-0.20170928948187627,0.0,0.0,0,False,True,1762522443.6784103
2,126,-0.001791678596095851,0.0009431830335099162,0.0,0.0,-0.22575150310807723,0.11884106222224944,0.0,0.0,0,False,True,1762522562.1987112
3,363,-0.0025862860442330948,0.001227789492998943,-0.008264462809917356,-0.00327143226064004,-0.9388218340566135,0.4456875859586163,-3.0,-1.1875299106123345,1,False,True,1762522743.7867875
