episode_index,steps,mean_reward_drift,mean_reward_progress,mean_reward_intrusion,sum_reward_drift,sum_reward_progress,sum_reward_intrusion,total_intrusions,finished_at
1,37,-0.1991880744891024,0.0,-0.05405405405405406,-7.369958756096788,0.0,-2.0,2,1761051075.34299
2,4,-0.11479736076272685,0.0,0.0,-0.4591894430509074,0.0,0.0,0,1761051076.1283553
3,14,-0.0954190297805967,0.0,-0.35714285714285715,-1.3358664169283538,0.0,-5.0,5,1761051077.0633607
4,25,-0.18759205313999872,0.0,0.0,-4.689801328499968,0.0,0.0,0,1761051077.868027
5,16,-0.09151238587422775,0.0,0.0,-1.464198173987644,0.0,0.0,0,1761051113.0142775
6,61,-0.14241530559897797,0.0,0.0,-8.687333641537656,0.0,0.0,0,1761051114.198304
7,59,-0.1292514037787925,0.0,0.0,-7.625832822948757,0.0,0.0,0,1761051115.5760808
8,49,-0.08728439511921787,0.02040816326530612,-0.24489795918367346,-4.276935360841676,1.0,-12.0,12,1761051148.3290107
9,103,-0.15704303156672386,0.0,0.0,-16.17543225137256,0.0,0.0,0,1761051150.1170478
