episode_index,steps,mean_reward_drift,mean_reward_progress,mean_reward_intrusion,sum_reward_drift,sum_reward_progress,sum_reward_intrusion,total_intrusions,finished_at
1,49,-0.1547065384348966,0.0,-0.02040816326530612,-7.580620383309933,0.0,-1.0,1,1761051075.5030596
2,9,-0.07208456847465783,0.0,0.0,-0.6487611162719205,0.0,0.0,0,1761051076.2096229
3,20,-0.19349882077934713,0.0,0.0,-3.8699764155869425,0.0,0.0,0,1761051077.1479876
4,24,-0.15066835145052787,0.0,0.0,-3.616040434812669,0.0,0.0,0,1761051077.859706
5,32,-0.099503261886498,0.0,-0.0625,-3.184104380367936,0.0,-2.0,2,1761051113.2410467
