episode_index,steps,mean_reward_drift,mean_reward_progress,mean_reward_intrusion,sum_reward_drift,sum_reward_progress,sum_reward_intrusion,total_intrusions,finished_at
1,13,-0.11505107547865881,0.0,0.0,-1.4956639812225645,0.0,0.0,0,1761056922.9382813
2,32,-0.2000240149017234,0.0,0.0,-6.4007684768551485,0.0,0.0,0,1761056923.911767
3,4,-0.16696773843000845,0.0,0.0,-0.6678709537200338,0.0,0.0,0,1761056924.5799534
4,4,-0.030539758750167224,0.25,0.0,-0.1221590350006689,1.0,0.0,0,1761056925.045701
5,20,-0.09878830510540641,0.0,-0.05,-1.9757661021081283,0.0,-1.0,1,1761056961.4105659
6,64,-0.159466988639169,0.0,0.0,-10.205887272906816,0.0,0.0,0,1761056962.7224422
