episode_index,steps,mean_reward_drift,mean_reward_progress,mean_reward_intrusion,sum_reward_drift,sum_reward_progress,sum_reward_intrusion,total_intrusions,finished_at
1,22,-0.06754502922260494,0.0,0.0,-1.4859906428973086,0.0,0.0,0,1761056923.0978787
2,79,-0.14737538900883382,0.0,-0.012658227848101266,-11.642655731697872,0.0,-1.0,1,1761056924.4613228
3,17,-0.21004503932925142,0.0,0.0,-3.570765668597274,0.0,0.0,0,1761056924.7628694
4,11,-0.15066123774323067,0.0,0.0,-1.6572736151755374,0.0,0.0,0,1761056925.1374016
5,43,-0.12004679444192631,0.0,-0.06976744186046512,-5.162012161002831,0.0,-3.0,3,1761056961.7588847
