episode_index,steps,mean_reward_drift,mean_reward_progress,mean_reward_intrusion,sum_reward_drift,sum_reward_progress,sum_reward_intrusion,total_intrusions,finished_at
1,24,-0.1528517715608374,0.0,-0.041666666666666664,-3.6684425174600976,0.0,-1.0,1,1761056923.1281366
2,43,-0.17598704959930614,0.0,-0.046511627906976744,-7.567443132770164,0.0,-2.0,2,1761056924.0508492
3,4,-0.13607326879491943,0.0,0.0,-0.5442930751796777,0.0,0.0,0,1761056924.5799534
4,51,-0.16603422382345212,0.0,0.0,-8.467745414996058,0.0,0.0,0,1761056961.0243495
