episode_index,steps,mean_reward_drift,mean_reward_progress,mean_reward_intrusion,sum_reward_drift,sum_reward_progress,sum_reward_intrusion,total_intrusions,finished_at
1,66,-0.16216390320765284,0.0,0.0,-10.702817611705088,0.0,0.0,0,1761054472.7227962
2,6,-0.11049770982498103,0.0,0.0,-0.6629862589498862,0.0,0.0,0,1761054473.1003845
3,57,-0.189862284887938,0.0,0.0,-10.822150238612466,0.0,0.0,0,1761054474.5998762
4,34,-0.12436014864504977,0.0,0.0,-4.228245053931692,0.0,0.0,0,1761054511.4015217
