episode_index,steps,mean_reward_drift,mean_reward_progress,mean_reward_intrusion,sum_reward_drift,sum_reward_progress,sum_reward_intrusion,total_intrusions,finished_at
1,21,-0.053645674657306464,0.0,-0.09523809523809523,-1.1265591678034357,0.0,-2.0,2,1761054472.0377665
2,1,-0.08815009425866073,0.0,0.0,-0.08815009425866073,0.0,0.0,0,1761054473.003953
3,27,-0.11897849755575096,0.0,0.0,-3.212419434005276,0.0,0.0,0,1761054474.2041943
4,9,-0.14401926217341263,0.0,0.0,-1.2961733595607137,0.0,0.0,0,1761054474.7856429
5,101,-0.18182424660328303,0.0,0.0,-18.364248906931586,0.0,0.0,0,1761054512.7175884
