episode_index,steps,mean_reward_drift,mean_reward_progress,mean_reward_intrusion,mean_reward_proximity,sum_reward_drift,sum_reward_progress,sum_reward_intrusion,sum_reward_proximity,total_intrusions,terminated_waypoint,truncated,finished_at
1,39,-0.02088269563448898,0.004285519199372814,0.0,0.0,-0.8144251297450702,0.16713524877553976,0.0,0.0,0,False,True,1761568938.213834
2,400,-0.029612498917394293,0.0010190075058049842,-0.015,-0.08282322422614634,-11.844999566957718,0.4076030023219937,-6.0,-33.129289690458535,1,False,True,1761568942.4425921
