episode_index,steps,mean_reward_drift,mean_reward_progress,mean_reward_intrusion,mean_reward_proximity,sum_reward_drift,sum_reward_progress,sum_reward_intrusion,sum_reward_proximity,total_intrusions,terminated_waypoint,truncated,finished_at
1,58,-0.0009774981889834743,0.005726493973607141,-0.05172413793103448,-0.01738123503462473,-0.056694894961041506,0.3321366504692142,-3.0,-1.0081116320082342,1,False,True,1762863819.6772768
2,30,-0.0029065127103776456,-0.0013247519749427469,0.0,0.0,-0.08719538131132937,-0.039742559248282405,0.0,0.0,0,False,True,1762863833.8998408
3,91,-0.002856431988657537,-0.001646057465834279,-0.03296703296703297,-0.025906815082632373,-0.25993531096783584,-0.14979122939091938,-3.0,-2.357520172519546,1,False,True,1762863864.6582844
4,212,-0.0022645552088472027,0.0007386755542897209,-0.014150943396226415,-0.009890932440247389,-0.480085704275607,0.15659921750942085,-3.0,-2.0968776773324462,1,False,True,1762863910.941928
5,112,-0.0026226431157734716,-0.0010258125664141314,0.0,0.0,-0.2937360289666288,-0.11489100743838271,0.0,0.0,0,False,True,1762863931.3635015
6,185,-0.0025096593939731063,0.0014476157163683275,0.0,0.0,-0.4642869878850247,0.26780890752814057,0.0,0.0,0,False,True,1762863958.2454932
