episode_index,steps,mean_reward_drift,mean_reward_progress,mean_reward_intrusion,mean_reward_proximity,sum_reward_drift,sum_reward_progress,sum_reward_intrusion,sum_reward_proximity,total_intrusions,terminated_waypoint,truncated,finished_at
1,122,-0.0030107698727987057,-0.0038915787117472745,0.0,-0.016876089735042676,-0.36731392448144207,-0.47477260283316747,0.0,-2.0588829476752064,0,False,True,1762858282.6159167
2,273,-0.0023174363992807456,0.0003443682482615758,-0.01098901098901099,-0.003733288971330164,-0.6326601370036435,0.09401253177541019,-3.0,-1.0191878891731347,1,False,True,1762858313.56048
3,115,-0.0012352641929077915,0.0040454571879887545,0.0,0.0,-0.14205538218439603,0.46522757661870673,0.0,0.0,0,False,True,1762858329.7917998
4,55,-0.002460171639752799,-0.002782208674641789,0.0,0.0,-0.13530944018640395,-0.1530214771052984,0.0,0.0,0,False,True,1762858359.477514
5,344,-0.0026223900165350846,-0.001255907591693211,-0.00872093023255814,-0.0028290164239255277,-0.9021021656880691,-0.43203221154246463,-3.0,-0.9731816498303815,1,False,True,1762858405.2493036
6,400,-0.002151800454763324,-0.0007984154437828489,0.0,0.0,-0.8607201819053295,-0.31936617751313956,0.0,0.0,0,False,True,1762858445.6108265
7,278,-0.002147357260230953,-7.151215352382075e-05,-0.02158273381294964,-0.02111514220469014,-0.596965318344205,-0.019880378679622168,-6.0,-5.870009532903859,2,False,True,1762858464.957535
