episode_index,steps,mean_reward_drift,mean_reward_progress,mean_reward_intrusion,mean_reward_path_efficiency,mean_reward_boundary,mean_reward_step,sum_reward_drift,sum_reward_progress,sum_reward_intrusion,sum_reward_path_efficiency,sum_reward_boundary,sum_reward_step,total_intrusions,terminated_waypoint,truncated,finished_at
1,79,-0.08086893322602971,0.07366115877286541,0.0,0.0,0.0,-0.049999999999999926,-6.388645724856348,5.819231543056368,0.0,0.0,0.0,-3.949999999999994,0,True,False,1764323116.682399
2,149,-0.11014332269554314,-0.010971650083709261,-0.8053691275167785,0.0,-0.020134228187919462,-0.04999999999999988,-16.41135508163593,-1.6347758624726798,-120.0,0.0,-3.0,-7.4499999999999815,10,False,True,1764323134.1661243
3,61,-0.09576821581166675,-0.004657634488945794,0.0,0.0,-0.04918032786885246,-0.049999999999999954,-5.841861164511672,-0.28411570382569346,0.0,0.0,-3.0,-3.049999999999997,0,False,True,1764323146.0463712
4,163,-0.07066419166620373,0.013403961995077684,-0.44171779141104295,0.0,-0.018404907975460124,-0.049999999999999885,-11.518263241591209,2.1848458051976625,-72.0,0.0,-3.0,-8.14999999999998,6,False,True,1764323177.6071332
