episode_index,steps,mean_reward_drift,mean_reward_progress,mean_reward_intrusion,mean_reward_path_efficiency,mean_reward_boundary,mean_reward_step,sum_reward_drift,sum_reward_progress,sum_reward_intrusion,sum_reward_path_efficiency,sum_reward_boundary,sum_reward_step,total_intrusions,terminated_waypoint,truncated,finished_at
1,99,-0.09431991865015579,-0.002669886223924673,-0.7272727272727273,0.0,-0.030303030303030304,-0.049999999999999906,-9.337671946365424,-0.2643187361685426,-72.0,0.0,-3.0,-4.94999999999999,6,False,True,1764323118.1257064
2,50,-0.10489307637846869,-0.006579999884087805,-0.48,0.0,-0.06,-0.04999999999999998,-5.244653818923434,-0.32899999420439024,-24.0,0.0,-3.0,-2.499999999999999,2,False,True,1764323126.6570747
3,153,-0.12925135106960886,-0.01780623341909325,-0.3137254901960784,0.0,-0.0196078431372549,-0.04999999999999988,-19.775456713650158,-2.7243537131212676,-48.0,0.0,-3.0,-7.649999999999981,4,False,True,1764323156.8401823
4,96,-0.05487946996499821,0.023361025639841698,0.0,0.0,-0.03125,-0.049999999999999906,-5.268429116639829,2.242658461424803,0.0,0.0,-3.0,-4.799999999999991,0,False,True,1764323169.719004
5,21,-0.10135307758520014,-0.00045896599076040393,0.0,0.0,-0.14285714285714285,-0.05000000000000001,-2.1284146292892028,-0.009638285805968483,0.0,0.0,-3.0,-1.0500000000000003,0,False,True,1764323180.178565
