episode_index,steps,mean_reward_drift,mean_reward_progress,mean_reward_intrusion,sum_reward_drift,sum_reward_progress,sum_reward_intrusion,total_intrusions,finished_at
1,32,-0.14534017183028275,0.0,-0.125,-4.650885498569048,0.0,-4.0,4,1761051075.2391667
2,17,-0.18195278923030034,0.0,0.0,-3.093197416915106,0.0,0.0,0,1761051075.658842
3,74,-0.16823698561030448,0.0,0.0,-12.449536935162532,0.0,0.0,0,1761051077.0413375
4,9,-0.2117696925114959,0.0,0.0,-1.905927232603463,0.0,0.0,0,1761051077.2319624
5,112,-0.1815826609058965,0.0,-0.017857142857142856,-20.337258021460407,0.0,-2.0,2,1761051114.5924847
