episode_index,steps,mean_reward_drift,mean_reward_progress,mean_reward_intrusion,sum_reward_drift,sum_reward_progress,sum_reward_intrusion,total_intrusions,finished_at
1,9,-0.11083260087731696,0.0,0.0,-0.9974934078958526,0.0,0.0,0,1761051074.914464
2,6,-0.12385379855456631,0.0,0.0,-0.7431227913273979,0.0,0.0,0,1761051075.5048704
3,42,-0.17869894500342362,0.0,0.0,-7.505355690143793,0.0,0.0,0,1761051076.6079068
4,80,-0.11376010350406784,0.0125,0.0,-9.100808280325428,1.0,0.0,0,1761051112.9110599
