episode_index,steps,mean_reward_drift,mean_reward_progress,mean_reward_intrusion,sum_reward_drift,sum_reward_progress,sum_reward_intrusion,total_intrusions,finished_at
1,30,-0.17730741941058956,0.0,0.0,-5.319222582317686,0.0,0.0,0,1761055179.9948573
2,14,-0.19860960370724742,0.0,0.0,-2.780534451901464,0.0,0.0,0,1761055180.5714421
3,52,-0.14140848283310595,0.0,0.0,-7.353241107321509,0.0,0.0,0,1761055181.4660206
4,45,-0.16288388205838242,0.0,0.0,-7.329774692627209,0.0,0.0,0,1761055182.1945007
