episode_index,steps,mean_reward_drift,mean_reward_progress,mean_reward_intrusion,sum_reward_drift,sum_reward_progress,sum_reward_intrusion,total_intrusions,finished_at
1,14,-0.18265743423678055,0.0,0.0,-2.5572040793149275,0.0,0.0,0,1761055179.7382329
2,19,-0.2064799613472268,0.0,0.0,-3.9231192655973093,0.0,0.0,0,1761055180.6545606
3,9,-0.06024943262752799,0.0,0.0,-0.542244893647752,0.0,0.0,0,1761055180.8753605
4,16,-0.08858583349255636,0.0,0.0,-1.4173733358809018,0.0,0.0,0,1761055181.7886045
5,1,-0.17598923990643345,1.0,0.0,-0.17598923990643345,1.0,0.0,0,1761055182.2451718
6,10,-0.11910473905922292,0.0,0.0,-1.1910473905922292,0.0,0.0,0,1761055219.3323636
7,28,-0.08723091005205,0.0,0.0,-2.4424654814574,0.0,0.0,0,1761055220.5148067
8,71,-0.13457865301526517,0.0,-0.04225352112676056,-9.555084364083827,0.0,-3.0,3,1761055221.6786752
