episode_index,steps,mean_reward_drift,mean_reward_progress,mean_reward_intrusion,sum_reward_drift,sum_reward_progress,sum_reward_intrusion,total_intrusions,finished_at
1,56,-0.1738901194454206,0.0,0.0,-9.737846688943554,0.0,0.0,0,1761055180.3459306
2,9,-0.08983846591349505,0.0,0.0,-0.8085461932214555,0.0,0.0,0,1761055180.506119
3,29,-0.1435217877875124,0.0,0.0,-4.16213184583786,0.0,0.0,0,1761055181.1597369
4,41,-0.1570113004006866,0.0,0.0,-6.4374633164281505,0.0,0.0,0,1761055182.1479447
5,1,-0.09635733215142334,0.0,0.0,-0.09635733215142334,0.0,0.0,0,1761055182.2451718
6,56,-0.1787507329071445,0.0,0.0,-10.010041042800092,0.0,0.0,0,1761055219.9869618
