episode_index,steps,mean_reward_drift,mean_reward_progress,mean_reward_intrusion,sum_reward_drift,sum_reward_progress,sum_reward_intrusion,finished_at
1,50,-0.1404539652745979,0.0,0.0,-7.022698263729895,0.0,0.0,1761043112.2758887
2,9,-0.10844941214404358,0.0,0.0,-0.9760447092963922,0.0,0.0,1761043113.5426626
3,222,-0.1559980013770547,0.0,0.0,-34.63155630570614,0.0,0.0,1761043186.5535324
4,72,-0.12225049221980362,0.0,0.0,-8.802035439825861,0.0,0.0,1761043221.4746335
