episode_index,steps,mean_reward_drift,mean_reward_progress,mean_reward_intrusion,sum_reward_drift,sum_reward_progress,sum_reward_intrusion,finished_at
1,25,-0.19410806741903927,0.0,0.0,-4.8527016854759815,0.0,0.0,1761043111.9634206
2,98,-0.18804014529935018,0.0,-0.01020408163265306,-18.427934239336317,0.0,-1.0,1761043149.8245666
3,6,-0.15056234985420594,0.0,0.0,-0.9033740991252357,0.0,0.0,1761043151.7677934
4,20,-0.06497595041554197,0.0,0.0,-1.2995190083108392,0.0,0.0,1761043186.8783295
5,40,-0.06747397729990763,0.0,-0.025,-2.698959091996305,0.0,-1.0,1761043222.1014545
