episode_index,steps,mean_reward_drift,mean_reward_progress,mean_reward_intrusion,sum_reward_drift,sum_reward_progress,sum_reward_intrusion,total_intrusions,finished_at
1,41,-0.21586119177678492,0.0,0.0,-8.850308862848182,0.0,0.0,0,1761053491.2219853
2,48,-0.17647362004147024,0.0,-0.08333333333333333,-8.470733761990571,0.0,-4.0,4,1761053491.954721
3,66,-0.14623183687240177,0.0,-0.045454545454545456,-9.651301233578517,0.0,-3.0,3,1761053492.9774704
4,30,-0.1679704007388885,0.0,0.0,-5.0391120221666545,0.0,0.0,0,1761053493.4179502
