episode_index,steps,mean_reward_drift,mean_reward_progress,mean_reward_intrusion,sum_reward_drift,sum_reward_progress,sum_reward_intrusion,total_intrusions,finished_at
1,18,-0.22757675991789972,0.0,0.0,-4.096381678522195,0.0,0.0,0,1761053490.946239
2,45,-0.1858170118965907,0.0,0.0,-8.361765535346581,0.0,0.0,0,1761053491.916446
3,13,-0.06579268117140194,0.0,0.0,-0.8553048552282253,0.0,0.0,0,1761053492.2610807
4,27,-0.12627112964179413,0.0,0.0,-3.4093205003284415,0.0,0.0,0,1761053493.3832896
5,72,-0.16055232664297053,0.0,0.0,-11.559767518293878,0.0,0.0,0,1761053529.4424343
6,67,-0.1849156724193523,0.0,0.0,-12.389350052096605,0.0,0.0,0,1761053530.528974
7,4,-0.16407286596980136,0.0,0.0,-0.6562914638792055,0.0,0.0,0,1761053530.6382234
8,54,-0.12728820034872723,0.0,0.0,-6.87356281883127,0.0,0.0,0,1761053531.942229
