episode_index,steps,mean_reward_drift,mean_reward_progress,mean_reward_intrusion,mean_reward_proximity,sum_reward_drift,sum_reward_progress,sum_reward_intrusion,sum_reward_proximity,total_intrusions,terminated_waypoint,truncated,finished_at
1,94,-0.03375977154209907,-0.0008808307377377356,0.0,-0.0002701629373393284,-3.1734185249573126,-0.08279808934734714,0.0,-0.02539531610989687,0,False,True,1761568938.5635378
2,274,-0.03490692315935402,-0.000983608143531691,0.0,-0.1181572889675248,-9.564496945663002,-0.2695086313276833,0.0,-32.37509717710179,0,False,True,1761568942.170741
