episode_index,steps,mean_reward_drift,mean_reward_progress,mean_reward_intrusion,sum_reward_drift,sum_reward_progress,sum_reward_intrusion,finished_at
1,8,-0.1274444313655353,0.009070585830155391,0.0,-1.0195554509242823,0.07256468664124313,0.0,1760537916.6247709
2,35,-0.19604351330747746,-0.005743451483778363,-0.02857142857142857,-6.861522965761711,-0.2010208019322427,-1.0,1760537917.9309752
3,56,-0.12332125870397752,0.005096855763001228,0.0,-6.905990487422741,0.28542392272806877,0.0,1760537918.805914
