episode_index,steps,mean_reward_drift,mean_reward_progress,mean_reward_intrusion,sum_reward_drift,sum_reward_progress,sum_reward_intrusion,finished_at
1,56,-0.17079855444713202,-0.0015662813385456456,0.0,-9.564719049039393,-0.08771175495855615,0.0,1760537917.3213806
2,30,-0.14386876245877617,0.00269985782533555,-0.13333333333333333,-4.316062873763285,0.0809957347600665,-4.0,1760537917.8632717
3,23,-0.22028676363742988,-0.009578822014696306,0.0,-5.066595563660887,-0.22031290633801504,0.0,1760537918.3616965
4,12,-0.17869368027910482,-0.002375269118687342,0.0,-2.144324163349258,-0.0285032294242481,0.0,1760537919.0620868
5,27,-0.21235424218303509,-0.009225040461362933,-0.037037037037037035,-5.733564538941947,-0.24907609245679918,-1.0,1760537952.3874621
6,76,-0.16776006841036906,-0.0013641970218397988,0.0,-12.74976519918805,-0.1036789736598247,0.0,1760537953.6495569
