episode_index,steps,mean_reward_drift,mean_reward_progress,mean_reward_intrusion,sum_reward_drift,sum_reward_progress,sum_reward_intrusion,finished_at
1,16,-0.13841535904198654,0.006114707882783059,0.0,-2.2146457446717847,0.09783532612452894,0.0,1760537916.7440155
2,18,-0.1824306014197175,-0.0035926579695577943,-0.2222222222222222,-3.283750825554915,-0.0646678434520403,-4.0,1760537917.6571438
3,37,-0.18672027562859006,-0.004804708025624912,0.0,-6.908650198257832,-0.17777419694812174,0.0,1760537918.5537753
4,54,-0.2010578762422654,-0.0061602252318861675,0.0,-10.857125317082332,-0.33265216252185303,0.0,1760537919.604428
5,13,-0.06362178547114163,0.020031730381555847,0.0,-0.8270832111248412,0.260412494960226,0.0,1760537952.1763391
6,30,-0.18383068208710757,-0.003919764606376208,0.0,-5.514920462613227,-0.11759293819128624,0.0,1760537953.050752
7,162,-0.15935421340731165,-5.7441155632713146e-05,0.0,-25.815382571984486,-0.00930546721249953,0.0,1760537988.1565044
8,56,-0.14693088745826902,-0.0009420093555617022,0.0,-8.228129697663064,-0.052752523911455323,0.0,1760537989.0768154
9,59,-0.1518553243652085,0.0017163131293537433,0.0,-8.9594641375473,0.10126247463187085,0.0,1760537989.9659843
