episode_index,steps,mean_reward_drift,mean_reward_progress,mean_reward_intrusion,sum_reward_drift,sum_reward_progress,sum_reward_intrusion,finished_at
1,31,-0.16029934817581856,0.0015345615298834334,0.0,-4.969279793450376,0.047571407426386436,0.0,1760537916.9545681
2,10,-0.1598664963434678,0.0011444864813711098,0.0,-1.5986649634346781,0.011444864813711098,0.0,1760537917.5293128
3,8,-0.21687399307434047,-0.00795097579680848,0.0,-1.7349919445947237,-0.06360780637446783,0.0,1760537918.1227195
4,32,-0.2266744559150402,-0.011862886479885752,0.0,-7.253582589281287,-0.37961236735634407,0.0,1760537919.3401513
5,38,-0.19147792155171256,-0.005052946915563394,-0.02631578947368421,-7.276161018965078,-0.19201198279140896,-1.0,1760537952.5425227
