episode_index,steps,mean_reward_drift,mean_reward_progress,mean_reward_intrusion,mean_reward_proximity,sum_reward_drift,sum_reward_progress,sum_reward_intrusion,sum_reward_proximity,total_intrusions,terminated_waypoint,truncated,finished_at
1,127,-0.0029800045228785817,-0.0023328631285888385,-0.023622047244094488,-0.007882660813432944,-0.3784605744055799,-0.2962736173307825,-3.0,-1.0010979233059838,1,False,True,1762856327.2224371
2,80,-0.002087611248494347,0.0008380644087649769,-0.0375,-0.02314761058019229,-0.16700889987954776,0.06704515270119815,-3.0,-1.8518088464153832,1,False,True,1762856345.0598903
3,287,-0.002150023992154587,0.0008122092228171581,-0.020905923344947737,-0.006571302530086153,-0.6170568857483665,0.23310404694852438,-6.0,-1.885963826134726,2,False,True,1762856395.0249815
4,348,-0.0023812112598142724,-0.000506651768695122,0.0,0.0,-0.8286615184153667,-0.17631481550590244,0.0,0.0,0,False,True,1762856437.5389476
5,237,-0.002730684086675353,-0.0020080847161498515,-0.012658227848101266,-0.004054745768537819,-0.6471721285420586,-0.4759160777275148,-3.0,-0.960974747143463,1,False,True,1762856477.763395
6,86,-0.002633318491042463,-0.0003473622202656968,0.0,0.0,-0.22646539022965181,-0.029873150942849924,0.0,0.0,0,False,True,1762856501.1958096
7,98,-0.0011924745722364503,0.0035291075216016352,0.0,0.0,-0.11686250807917213,0.34585253711696023,0.0,0.0,0,False,True,1762856543.285164
8,115,-0.0017343849442817885,0.004795603818163261,0.0,-0.02960174253745104,-0.19945426859240567,0.551494439088775,0.0,-3.4042003918068695,0,True,False,1762856568.3742254
9,192,-0.0027595568766615197,0.0022988701382454253,0.0,0.0,-0.5298349203190118,0.44138306654312165,0.0,0.0,0,False,True,1762856642.2466865
