episode_index,steps,mean_reward_drift,mean_reward_progress,mean_reward_intrusion,sum_reward_drift,sum_reward_progress,sum_reward_intrusion,finished_at
1,22,-0.14697155748292487,0.002664223395902776,0.0,-3.2333742646243473,0.058612914709861075,0.0,1760947063.7393582
2,14,-0.2305279123765887,-0.009898296134017917,0.0,-3.227390773272242,-0.13857614587625083,0.0,1760947064.3087924
3,124,-0.17390185961005208,-0.0027304041151296208,0.0,-21.563830591646457,-0.338570110276073,0.0,1760947066.9404533
