episode_index,steps,mean_reward_drift,mean_reward_progress,mean_reward_intrusion,sum_reward_drift,sum_reward_progress,sum_reward_intrusion,finished_at
1,43,-0.156603718249839,0.0009493696543433014,-0.06976744186046512,-6.7339598847430775,0.04082289513676196,-3.0,1760947064.0438762
2,87,-0.15759982297309716,0.0008684343003559872,0.0,-13.711184598659454,0.07555378413097089,0.0,1760947065.233344
