episode_index,steps,mean_reward_drift,mean_reward_progress,mean_reward_intrusion,sum_reward_drift,sum_reward_progress,sum_reward_intrusion,finished_at
1,10,-0.07258796083600036,0.01599914340091648,0.0,-0.7258796083600036,0.15999143400916482,0.0,1760947063.5624151
2,54,-0.1304096181886913,0.0058078684176809964,0.0,-7.0421193821893295,0.3136248945547738,0.0,1760947064.8006027
3,13,-0.17061919743474424,-0.00013373176634751555,0.0,-2.218049566651675,-0.001738512962517702,0.0,1760947065.5054836
4,26,-0.22354607657147638,-0.010629713494153058,0.0,-5.812197990858386,-0.2763725508479795,0.0,1760947067.375481
5,7,-0.09981235583425782,0.013582614589078295,0.0,-0.6986864908398047,0.09507830212354806,0.0,1760947068.770547
6,32,-0.14700590291751173,0.002314939241058866,0.0,-4.704188893360375,0.0740780557138837,0.0,1760947136.5435634
7,96,-0.129688611772054,0.0035358509437084834,-0.0625,-12.450106730117184,0.3394416905960144,-6.0,1760947138.409428
