episode_index,steps,mean_reward_drift,mean_reward_progress,mean_reward_intrusion,sum_reward_drift,sum_reward_progress,sum_reward_intrusion,finished_at
1,20,-0.1108537579844239,0.009722339705805782,0.0,-2.217075159688478,0.19444679411611565,0.0,1760947063.711465
2,8,-0.06505374877656263,0.01858405308044457,0.0,-0.520429990212501,0.14867242464355657,0.0,1760947064.2286348
3,10,-0.21862618638736522,-0.009448133655354091,0.0,-2.186261863873652,-0.0944813365535409,0.0,1760947065.4548986
4,130,-0.1478349269198019,0.0009605733448459083,0.0,-19.21854049957425,0.12487453482996808,0.0,1760947068.6432328
5,4,-0.15367462826804235,0.006142842478444321,0.0,-0.6146985130721694,0.024571369913777286,0.0,1760947068.7285824
6,62,-0.17136648067157575,-0.0021934307329270824,-0.04838709677419355,-10.624721801637698,-0.13599270544147912,-3.0,1760947136.9516714
