episode_index,steps,mean_reward_drift,mean_reward_progress,mean_reward_intrusion,mean_reward_proximity,sum_reward_drift,sum_reward_progress,sum_reward_intrusion,sum_reward_proximity,total_intrusions,terminated_waypoint,truncated,finished_at
1,268,-0.0021778312393555543,-0.0004470144597950208,0.0,-0.004842402944351453,-0.5836587721472886,-0.11979987522506558,0.0,-1.2977639890861894,0,False,True,1762865688.917679
2,146,-0.0032971827752947547,-0.0028999468278053863,-0.02054794520547945,-0.030875092149806695,-0.4813886851930342,-0.42339223685958643,-3.0,-4.507763453871777,1,False,True,1762865699.5520065
3,207,-0.0027154472898876,-0.0026985267176158523,-0.028985507246376812,-0.02033411037480718,-0.5620975890067332,-0.5585950305464814,-6.0,-4.209160847585086,2,False,True,1762865723.6783779
