episode_index,steps,mean_reward_drift,mean_reward_progress,mean_reward_intrusion,mean_reward_proximity,sum_reward_drift,sum_reward_progress,sum_reward_intrusion,sum_reward_proximity,total_intrusions,terminated_waypoint,truncated,finished_at
1,136,-0.0029615239247726866,-0.002633743696385187,0.0,0.0,-0.4027672537690854,-0.3581891427083854,0.0,0.0,0,False,True,1762865679.8419104
2,282,-0.0017560366203614392,0.002745681133579656,0.0,0.0,-0.49520232694192584,0.7742820796694629,0.0,0.0,0,False,True,1762865708.9142473
