episode_index,steps,mean_reward_drift,mean_reward_progress,mean_reward_intrusion,sum_reward_drift,sum_reward_progress,sum_reward_intrusion,total_intrusions,finished_at
1,31,-0.17995079034728817,0.0,0.0,-5.5784745007659335,0.0,0.0,0,1761054472.184189
2,24,-0.1254738016037597,0.0,-0.041666666666666664,-3.011371238490233,0.0,-1.0,1,1761054473.0074484
3,79,-0.126978780430976,0.0,0.0,-10.031323654047103,0.0,0.0,0,1761054474.455433
4,91,-0.15249210160898688,0.0,0.0,-13.876781246417806,0.0,0.0,0,1761054511.953565
5,70,-0.14321806891219674,0.0,-0.02857142857142857,-10.025264823853771,0.0,-2.0,2,1761054512.8977308
