episode_index,steps,mean_reward_drift,mean_reward_progress,mean_reward_intrusion,sum_reward_drift,sum_reward_progress,sum_reward_intrusion,finished_at
1,5,-0.06992187399693167,0.020235414501228365,0.0,-0.34960936998465836,0.10117707250614183,0.0,1760538820.4186947
2,40,-0.2066031410919126,-0.005951660646355997,0.0,-8.264125643676504,-0.23806642585423987,0.0,1760538822.0202875
3,34,-0.08786432693528946,0.012691731314039442,0.0,-2.9873871157998417,0.431518864677341,0.0,1760538822.5977726
4,20,-0.2061502768198725,-0.007840436825121344,0.0,-4.12300553639745,-0.15680873650242688,0.0,1760538823.4366195
5,41,-0.09115941985460255,0.012944451941304733,0.0,-3.7375362140387045,0.5307225295934941,0.0,1760538862.1039386
6,9,-0.14268040508566793,0.005223965876159,0.0,-1.2841236457710115,0.047015692885431004,0.0,1760538862.7749226
7,65,-0.12697586325261695,0.006084259910488937,0.0,-8.253431111420102,0.3954768941817809,0.0,1760538899.2117858
