episode_index,steps,mean_reward_drift,mean_reward_progress,mean_reward_intrusion,mean_reward_proximity,sum_reward_drift,sum_reward_progress,sum_reward_intrusion,sum_reward_proximity,total_intrusions,terminated_waypoint,truncated,finished_at
1,109,-0.0017236715228629556,0.0017190109499253664,0.0,0.0,-0.18788019599206215,0.18737219354186493,0.0,0.0,0,False,True,1762616108.481164
2,202,-0.0024616470033617423,-0.0018059577788510784,0.0,-0.01685855297890789,-0.49725269467907196,-0.36480347132791785,0.0,-3.4054277017393937,0,False,True,1762616183.89737
3,284,-0.002976173359755704,-0.0013189010639966772,-0.01056338028169014,-0.008222043674675864,-0.8452332341706199,-0.3745679021750563,-3.0,-2.335060403607945,1,False,True,1762616302.1986556
