episode_index,steps,mean_reward_drift,mean_reward_progress,mean_reward_intrusion,sum_reward_drift,sum_reward_progress,sum_reward_intrusion,total_intrusions,finished_at
1,12,-0.12377899180867132,0.0,0.0,-1.4853479017040558,0.0,0.0,0,1761054784.6523032
2,20,-0.17657829779653045,0.0,0.0,-3.531565955930609,0.0,0.0,0,1761054785.5351968
3,40,-0.11155934073612961,0.0,0.0,-4.462373629445184,0.0,0.0,0,1761054786.4032662
4,21,-0.224133676515353,0.0,0.0,-4.706807206822413,0.0,0.0,0,1761054786.7576072
5,21,-0.1907327035810894,0.0,0.0,-4.005386775202878,0.0,0.0,0,1761054787.6347084
6,38,-0.14305594778354175,0.0,-0.02631578947368421,-5.436126015774587,0.0,-1.0,1,1761054822.8385367
7,49,-0.1824506540336034,0.0,0.0,-8.940082047646566,0.0,0.0,0,1761054823.7217407
8,16,-0.15461784598791206,0.0,-0.125,-2.473885535806593,0.0,-2.0,2,1761054824.0605323
9,58,-0.1396420696644966,0.0,0.0,-8.099240040540803,0.0,0.0,0,1761054825.3962114
