episode_index,steps,mean_reward_drift,mean_reward_progress,mean_reward_intrusion,sum_reward_drift,sum_reward_progress,sum_reward_intrusion,total_intrusions,finished_at
1,34,-0.14981118425199397,0.0,0.0,-5.093580264567795,0.0,0.0,0,1761054785.0048926
2,11,-0.19504922085338494,0.0,0.0,-2.1455414293872344,0.0,0.0,0,1761054785.4026787
3,8,-0.07425703558496798,0.0,0.0,-0.5940562846797438,0.0,0.0,0,1761054785.9516737
4,18,-0.181746538787759,0.0,0.0,-3.2714376981796622,0.0,0.0,0,1761054786.7160878
5,20,-0.22095955164053258,0.0,0.0,-4.419191032810652,0.0,0.0,0,1761054787.622896
6,33,-0.22821945395241505,0.0,0.0,-7.531241980429697,0.0,0.0,0,1761054822.7542567
7,22,-0.06702634669544814,0.045454545454545456,0.0,-1.4745796272998593,1.0,0.0,0,1761054823.3823187
8,39,-0.11595908552613458,0.0,-0.02564102564102564,-4.522404335519249,0.0,-1.0,1,1761054824.3813605
