episode_index,steps,mean_reward_drift,mean_reward_progress,mean_reward_intrusion,sum_reward_drift,sum_reward_progress,sum_reward_intrusion,total_intrusions,finished_at
1,6,-0.07971548244000635,0.0,0.0,-0.4782928946400381,0.0,0.0,0,1761054784.573161
2,36,-0.140423110201075,0.0,0.0,-5.055231967238701,0.0,0.0,0,1761054785.7493246
3,28,-0.1725704913568293,0.0,0.0,-4.8319737579912205,0.0,0.0,0,1761054786.2589872
4,55,-0.14659968911928903,0.0,0.0,-8.062982901560897,0.0,0.0,0,1761054787.2101128
5,27,-0.20378392295207318,0.0,0.0,-5.502165919705976,0.0,0.0,0,1761054787.7069843
