episode_index,steps,mean_reward_drift,mean_reward_progress,mean_reward_intrusion,mean_reward_proximity,sum_reward_drift,sum_reward_progress,sum_reward_intrusion,sum_reward_proximity,total_intrusions,terminated_waypoint,truncated,finished_at
1,136,-0.0039913844409190935,0.11202371962832236,-0.17647058823529413,-0.09518433436684948,-0.5428282839649967,15.23522586945184,-24.0,-12.945069473891529,2,True,False,1762974587.8442812
2,101,-0.0006681255282195604,0.16521428457772136,0.0,0.0,-0.0674806783501756,16.686642742349857,0.0,0.0,0,True,False,1762974600.38809
3,95,-0.001109101761932767,0.17131073799904045,0.0,-0.003871949081976949,-0.10536466738361287,16.274520109908842,0.0,-0.36783516278781014,0,True,False,1762974610.7468238
4,45,-0.0011553927849690183,0.31015415400986956,0.0,0.0,-0.051992675323605825,13.95693693044413,0.0,0.0,0,True,False,1762974615.6938934
5,16,-0.0017039719515724945,0.7855819848678073,0.0,0.0,-0.027263551225159912,12.569311757884917,0.0,0.0,0,True,False,1762974623.698238
6,64,-0.001845131972452978,0.04265791018461525,0.0,0.0,-0.1180884462369906,2.730106251815376,0.0,0.0,0,False,True,1762974639.5320942
7,102,-0.0006903257405525959,0.1637752452832165,0.0,0.0,-0.07041322553636478,16.70507501888808,0.0,0.0,0,True,False,1762974658.0188031
