episode_index,steps,mean_reward_drift,mean_reward_progress,mean_reward_intrusion,mean_reward_proximity,sum_reward_drift,sum_reward_progress,sum_reward_intrusion,sum_reward_proximity,total_intrusions,terminated_waypoint,truncated,finished_at
1,151,-0.002676309531143276,0.11132790467505456,0.0,-0.03451693466740608,-0.4041227392026347,16.810513605933238,0.0,-5.212057134778318,0,True,False,1762974589.4339442
2,85,-0.0031705145502586244,0.17054659012738635,0.0,0.0,-0.2694937367719831,14.496460160827839,0.0,0.0,0,True,False,1762974598.6981275
3,29,-0.000959057354326749,0.4558738877546946,0.0,0.0,-0.02781266327547572,13.220342744886144,0.0,0.0,0,True,False,1762974603.6173792
4,22,-0.0009036523233880955,0.5860584313089391,0.0,0.0,-0.019880351114538102,12.893285488796659,0.0,0.0,0,True,False,1762974613.2298124
5,35,-0.0017710858382612492,0.38142322468921364,0.0,0.0,-0.06198800433914372,13.349812864122477,0.0,0.0,0,True,False,1762974625.755469
6,102,-0.0014151896939041855,0.16148563704450394,0.0,0.0,-0.14434934877822692,16.471534978539403,0.0,0.0,0,True,False,1762974643.6467004
