episode_index,steps,mean_reward_drift,mean_reward_progress,mean_reward_intrusion,mean_reward_proximity,sum_reward_drift,sum_reward_progress,sum_reward_intrusion,sum_reward_proximity,total_intrusions,terminated_waypoint,truncated,finished_at
1,104,-0.0029587386431322426,-0.003036938541941518,0.0,-4.328942741052537e-05,-0.30770881888575324,-0.3158416083619179,0.0,-0.004502100450694639,0,False,True,1762851834.5325267
2,109,-0.002111549399737785,0.00036052712413991994,0.0,0.0,-0.23015888457141856,0.039297456531251274,0.0,0.0,0,False,True,1762851839.6263072
3,241,-0.0020957514498702603,0.0010589916602083082,-0.012448132780082987,-0.020930122897462884,-0.5050760994187328,0.25521699011020227,-3.0,-5.044159618288555,1,False,True,1762851949.6569161
