episode_index,steps,mean_reward_drift,mean_reward_progress,mean_reward_intrusion,mean_reward_proximity,sum_reward_drift,sum_reward_progress,sum_reward_intrusion,sum_reward_proximity,total_intrusions,terminated_waypoint,truncated,finished_at
1,108,-0.0016227049496797723,-0.0025949451030634874,0.0,-4.168611528420962e-05,-0.1752521345654154,-0.28025407113085665,0.0,-0.004502100450694639,0,False,True,1762851834.6424274
2,135,-0.0013120704433826355,0.0043271716225695405,-0.022222222222222223,-0.010269358910849617,-0.1771295098566558,0.584168169046888,-3.0,-1.3863634529646984,1,False,True,1762851855.9145381
