episode_index,steps,mean_reward_drift,mean_reward_progress,mean_reward_intrusion,sum_reward_drift,sum_reward_progress,sum_reward_intrusion,total_intrusions,finished_at
1,57,-0.1571184461169399,0.0,-0.12280701754385964,-8.955751428665573,0.0,-7.0,7,1761055478.2047362
2,21,-0.18141758975919225,0.0,0.0,-3.809769384943037,0.0,0.0,0,1761055478.5190227
3,36,-0.1431529144768742,0.0,0.0,-5.153504921167471,0.0,0.0,0,1761055479.4414818
4,39,-0.23534351355481214,0.0,0.0,-9.178397028637674,0.0,0.0,0,1761055480.150445
5,25,-0.06716311076878118,0.04,0.0,-1.6790777692195296,1.0,0.0,0,1761055513.6571681
6,35,-0.17825735189757794,0.0,0.0,-6.239007316415228,0.0,0.0,0,1761055514.7413156
7,45,-0.12954024176055198,0.0,0.0,-5.829310879224839,0.0,0.0,0,1761055515.5305805
