episode_index,steps,mean_reward_drift,mean_reward_progress,mean_reward_intrusion,sum_reward_drift,sum_reward_progress,sum_reward_intrusion,total_intrusions,finished_at
1,15,-0.14838025482450048,0.0,-0.13333333333333333,-2.225703822367507,0.0,-2.0,2,1761055477.5662773
2,2,-0.12600592746383343,0.0,0.0,-0.25201185492766687,0.0,0.0,0,1761055478.2624326
3,46,-0.21270848080143118,0.0,0.0,-9.784590116865834,0.0,0.0,0,1761055479.5562797
4,12,-0.16453967990569138,0.0,0.0,-1.9744761588682964,0.0,0.0,0,1761055479.7535932
5,63,-0.17564107476785992,0.0,-0.031746031746031744,-11.065387710375175,0.0,-2.0,2,1761055514.1663666
