episode_index,steps,mean_reward_drift,mean_reward_progress,mean_reward_intrusion,sum_reward_drift,sum_reward_progress,sum_reward_intrusion,finished_at
1,25,-0.1374714335159946,0.0058492097143204224,0.0,-3.4367858378998655,0.14623024285801056,0.0,1760537916.9044945
2,118,-0.1750975204044058,-0.002172227331662641,0.0,-20.661507407719885,-0.25632282513619165,0.0,1760537919.4687607
3,21,-0.17995619925640852,-0.0021186238059875276,-0.09523809523809523,-3.7790801843845787,-0.044491099925738076,-2.0,1760537952.2834146
4,84,-0.1480055492586733,0.0023754132358041907,0.0,-12.432466137728555,0.199534711807552,0.0,1760537954.6032279
