episode_index,steps,mean_reward_drift,mean_reward_progress,mean_reward_intrusion,mean_reward_proximity,sum_reward_drift,sum_reward_progress,sum_reward_intrusion,sum_reward_proximity,total_intrusions,terminated_waypoint,truncated,finished_at
1,400,-0.002034931856995364,-0.001195606532262245,0.0,-4.224971245331138e-05,-0.8139727427981455,-0.478242612904898,0.0,-0.016899884981324553,0,False,True,1762865698.5628397
2,158,-0.0019929387347440816,0.0010648305068481437,0.0,0.0,-0.3148843200895649,0.1682432200820067,0.0,0.0,0,False,True,1762865709.7339294
3,166,-0.0023160103018000345,-0.00036332788842012624,-0.018072289156626505,-0.006480863183607176,-0.3844577100988057,-0.06031242947774096,-3.0,-1.0758232884787913,1,False,True,1762865721.3770864
