episode_index,steps,mean_reward_drift,mean_reward_progress,mean_reward_intrusion,sum_reward_drift,sum_reward_progress,sum_reward_intrusion,total_intrusions,finished_at
1,16,-0.15223242968599124,0.0,0.0,-2.43571887497586,0.0,0.0,0,1761049212.0889664
2,69,-0.16182791774350636,0.0,-0.014492753623188406,-11.166126324301938,0.0,-1.0,1,1761049213.4541185
3,27,-0.14758882072857143,0.0,0.0,-3.984898159671429,0.0,0.0,0,1761049214.437844
4,62,-0.1306288865758985,0.0,0.0,-8.098990967705706,0.0,0.0,0,1761049249.7262454
5,48,-0.11986291033016429,0.0,0.0,-5.753419695847886,0.0,0.0,0,1761049251.478817
6,52,-0.18376778514330414,0.0,-0.019230769230769232,-9.555924827451815,0.0,-1.0,1,1761049252.4186919
