episode_index,steps,mean_reward_drift,mean_reward_progress,mean_reward_intrusion,sum_reward_drift,sum_reward_progress,sum_reward_intrusion,total_intrusions,finished_at
1,20,-0.1054248728408382,0.0,0.0,-2.108497456816764,0.0,0.0,0,1761049212.1450887
2,104,-0.16844761307833617,0.0,-0.019230769230769232,-17.518551760146963,0.0,-2.0,2,1761049213.8880246
3,26,-0.20305336263705934,0.0,0.0,-5.279387428563543,0.0,0.0,0,1761049214.4222927
4,137,-0.16103015913812013,0.0,-0.014598540145985401,-22.061131801922457,0.0,-2.0,2,1761049250.6954985
