episode_index,steps,mean_reward_drift,mean_reward_progress,mean_reward_intrusion,mean_reward_proximity,sum_reward_drift,sum_reward_progress,sum_reward_intrusion,sum_reward_proximity,total_intrusions,terminated_waypoint,truncated,finished_at
1,212,-0.001661770165047655,0.003429812774612271,-0.014150943396226415,-0.008222582738318952,-0.3522952749901028,0.7271203082178015,-3.0,-1.7431875405236177,1,True,False,1762866202.559631
2,206,-0.002635012405900649,0.0021495661544275687,-0.014563106796116505,-0.003746707817135241,-0.5428125556155337,0.44281062781207914,-3.0,-0.7718218103298596,1,False,True,1762866225.1764803
3,223,-0.0025810123379973794,-0.001796006827515055,-0.013452914798206279,-0.004203776556252355,-0.5755657513734156,-0.40050952253585725,-3.0,-0.9374421720442752,1,False,True,1762866240.1474106
