episode_index,steps,mean_reward_drift,mean_reward_progress,mean_reward_intrusion,sum_reward_drift,sum_reward_progress,sum_reward_intrusion,finished_at
1,97,-0.1644300921091518,-0.00013741493366451005,0.0,-15.949718934587725,-0.013329248565457474,0.0,1760609099.8027935
2,20,-0.13881298602218275,0.004328386965905373,0.0,-2.776259720443655,0.08656773931810746,0.0,1760609100.1737418
3,11,-0.14950565182156098,0.0032082934762453193,0.0,-1.6445621700371706,0.03529122823869851,0.0,1760609136.655435
4,10,-0.09421570368853549,0.014638543310080515,-0.1,-0.9421570368853549,0.14638543310080515,-1.0,1760609137.380563
5,25,-0.21870860468981979,-0.009157354922014652,0.0,-5.467715117245494,-0.22893387305036628,0.0,1760609139.1366596
6,17,-0.13305481603321426,0.0066345501855490764,0.0,-2.2619318725646425,0.1127873531543343,0.0,1760609174.6635618
7,25,-0.1025617453492202,0.011927861191482201,0.0,-2.5640436337305053,0.298196529787055,0.0,1760609208.332039
8,11,-0.18587046006886626,-0.0036290386064373637,0.0,-2.044575060757529,-0.039919424670811,0.0,1760609208.739346
9,52,-0.14377094961928427,0.00445480129793389,-0.019230769230769232,-7.476089380202782,0.23164966749256227,-1.0,1760609211.0677965
