episode_index,steps,mean_reward_drift,mean_reward_progress,mean_reward_intrusion,sum_reward_drift,sum_reward_progress,sum_reward_intrusion,finished_at
1,46,-0.2172148217415054,-0.008859646949331864,0.0,-9.991881800109248,-0.4075437596692657,0.0,1760609099.1624556
2,61,-0.17364566338202728,-0.003333195459591708,0.0,-10.592385466303664,-0.2033249230350942,0.0,1760609100.8500578
3,23,-0.16277066750922262,0.0003402920607463094,-0.13043478260869565,-3.7437253527121204,0.007826717397165117,-3.0,1760609136.8486297
4,8,-0.06447981151198677,0.017179807646022942,0.0,-0.5158384920958942,0.13743846116818353,0.0,1760609137.3391614
5,6,-0.06406795250263234,0.021143838591935724,0.0,-0.384407715015794,0.12686303155161435,0.0,1760609138.8246925
6,40,-0.1783143543929367,-0.0035904872131223035,0.0,-7.132574175717467,-0.14361948852489215,0.0,1760609174.9790714
7,16,-0.1556901981471954,0.0018696793265625703,0.0,-2.4910431703551263,0.029914869225001126,0.0,1760609208.2023127
8,104,-0.1935143539477841,-0.004646068233221372,0.0,-20.125492810569547,-0.48319109625502266,0.0,1760609210.0889153
