episode_index,steps,mean_reward_drift,mean_reward_progress,mean_reward_intrusion,mean_reward_proximity,sum_reward_drift,sum_reward_progress,sum_reward_intrusion,sum_reward_proximity,total_intrusions,terminated_waypoint,truncated,finished_at
1,130,-0.002528997842758539,3.41117563104219e-05,0.0,-0.017981428681817145,-0.32876971955861006,0.004434528320354847,0.0,-2.337585728636229,0,False,True,1762866197.2308867
2,292,-0.0022385396211947978,-0.00030673179811565877,0.0,-0.00817013651233278,-0.653653569388881,-0.08956568504977236,0.0,-2.385679861601172,0,False,True,1762866232.914075
