episode_index,steps,mean_reward_drift,mean_reward_progress,mean_reward_intrusion,mean_reward_proximity,sum_reward_drift,sum_reward_progress,sum_reward_intrusion,sum_reward_proximity,total_intrusions,terminated_waypoint,truncated,finished_at
1,101,-0.002834624578557354,-0.0016371901201739849,-0.0297029702970297,-0.006850784883326404,-0.28629708243429275,-0.16535620213757246,-3.0,-0.6919292732159668,1,False,True,1762856324.910867
2,84,-0.003408769407987255,-0.004413445547377924,0.0,-0.014212302060953577,-0.2863366302709294,-0.37072942597974556,0.0,-1.1938333731201005,0,False,True,1762856357.5397558
3,30,-0.0021303636141877342,-0.00014063552459901615,0.0,0.0,-0.06391090842563203,-0.004219065737970484,0.0,0.0,0,False,True,1762856367.9731646
4,71,-0.0038736079093221586,-0.004682798061142049,-0.04225352112676056,-0.0652831464588466,-0.27502616156187326,-0.3324786623410855,-3.0,-4.635103398578108,1,False,True,1762856401.1597936
5,159,-0.0027596896825617997,-0.0015857930357198826,0.0,0.0,-0.43879065952732615,-0.25214109267946133,0.0,0.0,0,False,True,1762856470.7000332
