episode_index,steps,mean_reward_drift,mean_reward_progress,mean_reward_intrusion,sum_reward_drift,sum_reward_progress,sum_reward_intrusion,total_intrusions,finished_at
1,8,-0.046043556777351245,0.125,0.0,-0.36834845421880996,1.0,0.0,0,1761054784.6268606
2,34,-0.14458554412267635,0.0,0.0,-4.915908500170996,0.0,0.0,0,1761054785.9314332
3,10,-0.03470101760485982,0.1,0.0,-0.34701017604859824,1.0,0.0,0,1761054786.434359
4,14,-0.20219228507610967,0.0,0.0,-2.8306919910655353,0.0,0.0,0,1761054787.588347
5,15,-0.07954329334018635,0.0,-0.06666666666666667,-1.1931494001027954,0.0,-1.0,1,1761054823.0181434
6,10,-0.11714213850898991,0.0,0.0,-1.1714213850898991,0.0,0.0,0,1761054823.3833194
7,13,-0.12203070486467531,0.0,0.0,-1.586399163240779,0.0,0.0,0,1761054824.1890275
8,36,-0.24154503778951536,0.0,0.0,-8.695621360422553,0.0,0.0,0,1761054825.232566
