episode_index,steps,mean_reward_drift,mean_reward_progress,mean_reward_intrusion,sum_reward_drift,sum_reward_progress,sum_reward_intrusion,total_intrusions,finished_at
1,7,-0.05484874712577176,0.14285714285714285,0.0,-0.3839412298804023,1.0,0.0,0,1761054784.6093438
2,39,-0.1052313031582067,0.0,0.0,-4.104020823170061,0.0,0.0,0,1761054785.9908342
3,82,-0.16472831175123387,0.0,-0.06097560975609756,-13.507721563601178,0.0,-5.0,5,1761054787.3162537
4,15,-0.08028744377194505,0.0,0.0,-1.2043116565791758,0.0,0.0,0,1761054787.604735
5,5,-0.09639823324322794,0.0,-0.2,-0.4819911662161397,0.0,-1.0,1,1761054822.8365343
6,51,-0.10559383707057353,0.0,0.0,-5.38528569059925,0.0,0.0,0,1761054823.9646285
