episode_index,steps,mean_reward_drift,mean_reward_progress,mean_reward_intrusion,sum_reward_drift,sum_reward_progress,sum_reward_intrusion,total_intrusions,finished_at
1,26,-0.12227948155905546,0.0,0.0,-3.179266520535442,0.0,0.0,0,1761054784.8885033
2,54,-0.21092237556942614,0.0,0.0,-11.389808280749012,0.0,0.0,0,1761054786.201903
3,22,-0.10700029617838873,0.0,-0.3181818181818182,-2.354006515924552,0.0,-7.0,7,1761054786.6091068
4,19,-0.06152096949599486,0.0,0.0,-1.1688984204239024,0.0,0.0,0,1761054822.3368149
5,9,-0.21901716320435616,0.0,0.0,-1.9711544688392055,0.0,0.0,0,1761054822.9165285
6,14,-0.12242942194342264,0.0,0.0,-1.714011907207917,0.0,0.0,0,1761054823.4411333
7,7,-0.1433855988569579,0.0,-0.14285714285714285,-1.0036991919987053,0.0,-1.0,1,1761054824.1034226
8,36,-0.1982188976342113,0.0,0.0,-7.135880314831607,0.0,0.0,0,1761054825.232566
