episode_index,steps,mean_reward_drift,mean_reward_progress,mean_reward_intrusion,sum_reward_drift,sum_reward_progress,sum_reward_intrusion,total_intrusions,finished_at
1,4,-0.17296847519733766,0.0,-0.5,-0.6918739007893506,0.0,-2.0,2,1761049211.905946
2,62,-0.19139252859629216,0.0,0.0,-11.866336772970113,0.0,0.0,0,1761049213.8034153
3,5,-0.1714967737125642,0.0,0.0,-0.857483868562821,0.0,0.0,0,1761049213.9361703
4,47,-0.1704042283299489,0.0,0.0,-8.008998731507598,0.0,0.0,0,1761049249.9556932
