episode_index,steps,mean_reward_drift,mean_reward_progress,mean_reward_intrusion,mean_reward_proximity,sum_reward_drift,sum_reward_progress,sum_reward_intrusion,sum_reward_proximity,total_intrusions,terminated_waypoint,truncated,finished_at
1,189,-0.0029773681237463927,-0.002409246102384091,0.0,0.0,-0.5627225753880682,-0.4553475133505932,0.0,0.0,0,False,True,1762531338.7270536
2,177,-0.0016795121758921977,0.0026368462083981815,0.0,0.0,-0.297273655132919,0.4667217788864781,0.0,0.0,0,False,True,1762531389.088776
3,105,-0.0011223006217962548,0.004867506815291036,-0.02857142857142857,-0.008506411585080339,-0.11784156528860676,0.5110882156055587,-3.0,-0.8931732164334355,1,False,True,1762531429.1527278
4,69,-0.002958647030568045,-0.0024017775987040914,0.0,0.0,-0.2041466451091951,-0.1657226543105823,0.0,0.0,0,False,True,1762531496.8201058
5,41,-0.0037276276844239306,-0.004168967915178566,0.0,0.0,-0.15283273506138115,-0.1709276845223212,0.0,0.0,0,False,True,1762531585.0228136
6,188,-0.0021899656220257394,-0.00040714487288667485,-0.015957446808510637,-0.004791384070901625,-0.411713536940839,-0.07654323610269487,-3.0,-0.9007802053295054,1,False,True,1762531772.0509155
