episode_index,steps,mean_reward_drift,mean_reward_progress,mean_reward_intrusion,sum_reward_drift,sum_reward_progress,sum_reward_intrusion,total_intrusions,finished_at
1,21,-0.048919745826433055,0.0,0.0,-1.0273146623550942,0.0,0.0,0,1761055179.7806215
2,74,-0.2260368107563747,0.0,-0.013513513513513514,-16.726723995971728,0.0,-1.0,1,1761055181.4920373
3,24,-0.22402018165618234,0.0,0.0,-5.3764843597483765,0.0,0.0,0,1761055181.9612293
4,77,-0.16892279713808706,0.0,-0.012987012987012988,-13.007055379632703,0.0,-1.0,1,1761055219.7815714
5,29,-0.09487903567434255,0.0,0.0,-2.751492034555934,0.0,0.0,0,1761055220.4834678
6,53,-0.15972747220949268,0.0,0.0,-8.465556027103112,0.0,0.0,0,1761055221.5858693
