episode_index,steps,mean_reward_drift,mean_reward_progress,mean_reward_intrusion,sum_reward_drift,sum_reward_progress,sum_reward_intrusion,total_intrusions,finished_at
1,17,-0.1240088706158169,0.0,-0.058823529411764705,-2.1081508004688874,0.0,-1.0,1,1761055179.7272253
2,21,-0.18177177437589725,0.0,0.0,-3.8172072618938424,0.0,0.0,0,1761055180.726965
3,13,-0.194827520805112,0.0,0.0,-2.532757770466456,0.0,0.0,0,1761055181.7745526
4,85,-0.15887024265837915,0.0,0.0,-13.503970625962227,0.0,0.0,0,1761055219.8805285
5,49,-0.15688951046145275,0.0,0.0,-7.687586012611185,0.0,0.0,0,1761055220.772601
