episode_index,steps,mean_reward_drift,mean_reward_progress,mean_reward_intrusion,sum_reward_drift,sum_reward_progress,sum_reward_intrusion,total_intrusions,finished_at
1,24,-0.2207635401618552,0.0,-0.041666666666666664,-5.298324963884525,0.0,-1.0,1,1761055179.8194811
2,37,-0.09817820627188625,0.0,-0.02702702702702703,-3.6325936320597916,0.0,-1.0,1,1761055180.9800446
3,74,-0.1544470828996404,0.0,-0.04054054054054054,-11.42908413457339,0.0,-3.0,3,1761055182.5908737
