episode_index,steps,mean_reward_drift,mean_reward_progress,mean_reward_intrusion,sum_reward_drift,sum_reward_progress,sum_reward_intrusion,total_intrusions,finished_at
1,38,-0.20497044099091433,0.0,0.0,-7.788876757654744,0.0,0.0,0,1761053491.1799047
2,28,-0.209049778207507,0.0,0.0,-5.853393789810196,0.0,0.0,0,1761053492.0180554
3,6,-0.11230439098119098,0.0,0.0,-0.6738263458871458,0.0,0.0,0,1761053492.2170606
4,33,-0.21827338528460136,0.0,0.0,-7.203021714391845,0.0,0.0,0,1761053493.1642528
5,114,-0.14662068857426006,0.0,0.0,-16.714758497465645,0.0,0.0,0,1761053529.7647033
