episode_index,steps,mean_reward_drift,mean_reward_progress,mean_reward_intrusion,sum_reward_drift,sum_reward_progress,sum_reward_intrusion,total_intrusions,finished_at
1,65,-0.15708627315470836,0.0,-0.015384615384615385,-10.210607755056044,0.0,-1.0,1,1761053491.511946
2,33,-0.1518676046192439,0.0,0.0,-5.011630952435048,0.0,0.0,0,1761053492.0875332
3,1,-0.10284831347822754,1.0,0.0,-0.10284831347822754,1.0,0.0,0,1761053492.1384487
4,1,-0.0701770186496795,0.0,0.0,-0.0701770186496795,0.0,0.0,0,1761053492.70535
5,31,-0.2073687348280436,0.0,0.0,-6.428430779669352,0.0,0.0,0,1761053493.679373
6,72,-0.16350448488136496,0.0,-0.013888888888888888,-11.772322911458277,0.0,-1.0,1,1761053530.888561
