episode_index,steps,mean_reward_drift,mean_reward_progress,mean_reward_intrusion,sum_reward_drift,sum_reward_progress,sum_reward_intrusion,total_intrusions,finished_at
1,18,-0.10959936686305839,0.0,-0.05555555555555555,-1.972788603535051,0.0,-1.0,1,1761053490.9127162
2,10,-0.12528289996814398,0.0,0.0,-1.25282899968144,0.0,0.0,0,1761053491.7246091
3,36,-0.22185395257504312,0.0,0.0,-7.986742292701552,0.0,0.0,0,1761053492.6523075
