episode_index,steps,mean_reward_drift,mean_reward_progress,mean_reward_intrusion,sum_reward_drift,sum_reward_progress,sum_reward_intrusion,total_intrusions,finished_at
1,12,-0.1188739727755898,0.0,0.0,-1.4264876733070775,0.0,0.0,0,1761053490.8481138
2,40,-0.18366738800487567,0.0,0.0,-7.346695520195027,0.0,0.0,0,1761053491.7867506
3,13,-0.05002270594300135,0.0,0.0,-0.6502951772590175,0.0,0.0,0,1761053492.2369964
4,48,-0.14329001480660883,0.0,-0.020833333333333332,-6.877920710717224,0.0,-1.0,1,1761053493.5698264
5,1,-0.23275698428834246,1.0,0.0,-0.23275698428834246,1.0,0.0,0,1761053493.7364144
6,19,-0.18786682441371652,0.0,0.0,-3.569469663860614,0.0,0.0,0,1761053529.557747
7,40,-0.17249588218275608,0.0,0.0,-6.899835287310243,0.0,0.0,0,1761053530.3217292
8,73,-0.14335168920263805,0.0,-0.0136986301369863,-10.464673311792577,0.0,-1.0,1,1761053531.499119
