episode_index,steps,mean_reward_drift,mean_reward_progress,mean_reward_intrusion,sum_reward_drift,sum_reward_progress,sum_reward_intrusion,total_intrusions,finished_at
1,12,-0.1060804141845388,0.0,0.0,-1.2729649702144656,0.0,0.0,0,1761053490.8481138
2,3,-0.09242884960096798,0.0,0.0,-0.27728654880290393,0.0,0.0,0,1761053491.158897
3,18,-0.1939508600584593,0.0,0.0,-3.491115481052267,0.0,0.0,0,1761053492.3026414
4,10,-0.1216150903010246,0.0,0.0,-1.216150903010246,0.0,0.0,0,1761053493.086799
5,16,-0.1622388699941747,0.0,0.0,-2.595821919906795,0.0,0.0,0,1761053528.9230294
6,29,-0.13908686495802147,0.0,-0.06896551724137931,-4.033519083782623,0.0,-2.0,2,1761053529.697886
7,6,-0.0540634088318712,0.16666666666666666,0.0,-0.3243804529912272,1.0,0.0,0,1761053529.8244119
8,6,-0.19934426748928122,0.0,0.0,-1.1960656049356873,0.0,0.0,0,1761053530.482071
9,29,-0.17018730253533929,0.0,-0.034482758620689655,-4.935431773524839,0.0,-1.0,1,1761053532.0049396
