episode_index,steps,mean_reward_drift,mean_reward_progress,mean_reward_intrusion,sum_reward_drift,sum_reward_progress,sum_reward_intrusion,total_intrusions,finished_at
1,17,-0.19999412247536044,0.0,0.0,-3.3999000820811274,0.0,0.0,0,1761053490.9317217
2,16,-0.17905448841072807,0.0,-0.125,-2.864871814571649,0.0,-2.0,2,1761053491.4101741
3,9,-0.11320262411101718,0.0,0.0,-1.0188236169991547,0.0,0.0,0,1761053492.1717803
4,59,-0.18090333657332808,0.0,-0.01694915254237288,-10.673296857826356,0.0,-1.0,1,1761053493.6964915
5,34,-0.19624400268263123,0.0,-0.029411764705882353,-6.6722960912094615,0.0,-1.0,1,1761053529.162787
6,29,-0.09516041113775042,0.0,-0.06896551724137931,-2.7596519229947623,0.0,-2.0,2,1761053529.697886
