episode_index,steps,mean_reward_drift,mean_reward_progress,mean_reward_intrusion,mean_reward_proximity,sum_reward_drift,sum_reward_progress,sum_reward_intrusion,sum_reward_proximity,total_intrusions,terminated_waypoint,truncated,finished_at
1,61,-0.003502697428994301,-0.0050233685585632055,0.0,0.0,-0.21366454316865235,-0.30642548207235554,0.0,0.0,0,False,True,1762863819.7379007
2,132,-0.0033208092092967033,-0.004684200239370904,0.0,0.0,-0.4383468156271648,-0.6183144315969593,0.0,0.0,0,False,True,1762863848.537299
3,41,-0.001506050378481354,0.0022122965715665136,0.0,0.0,-0.06174806551773551,0.09070415943422705,0.0,0.0,0,False,True,1762863859.483465
4,67,-0.002021429201685648,-0.001510555225449647,0.0,0.0,-0.13543575651293843,-0.10120720010512635,0.0,0.0,0,False,True,1762863888.701047
5,135,-0.0028624357714441308,-0.003026876158153728,0.0,-0.0066181485503352235,-0.38642882914495763,-0.40862828135075324,0.0,-0.8934500542952551,0,False,True,1762863916.5144067
6,285,-0.002513049224482468,-0.0006380376114285253,0.0,-0.01207021067558154,-0.7162190289775034,-0.1818407192571297,0.0,-3.440010042540739,0,False,True,1762863960.4308968
7,118,-0.002043486914057129,-0.00025849464155874293,0.0,-0.0115957094241228,-0.24113145585874127,-0.030502367703931665,0.0,-1.3682937120464904,0,False,True,1762863968.338393
8,213,-0.0027672520974109513,-0.002748935634739508,-0.014084507042253521,-0.0033448474687834853,-0.5894246967485326,-0.5855232901995152,-3.0,-0.7124525108508823,1,False,True,1762863989.1815434
