episode_index,steps,mean_reward_drift,mean_reward_progress,mean_reward_intrusion,sum_reward_drift,sum_reward_progress,sum_reward_intrusion,total_intrusions,finished_at
1,82,-0.1364647493596335,0.0,0.0,-11.190109447489949,0.0,0.0,0,1761054785.7073946
2,2,-0.06242503975904048,0.0,0.0,-0.12485007951808096,0.0,0.0,0,1761054785.9247713
3,34,-0.20271139100663257,0.0,0.0,-6.892187294225508,0.0,0.0,0,1761054787.2829638
4,20,-0.20269378976860364,0.0,0.0,-4.053875795372073,0.0,0.0,0,1761054787.7099843
5,21,-0.17741606068133098,0.0,0.0,-3.7257372743079507,0.0,0.0,0,1761054823.0616496
6,20,-0.09497753195864762,0.0,0.0,-1.8995506391729524,0.0,0.0,0,1761054823.4944167
7,76,-0.13074307494261045,0.0,-0.02631578947368421,-9.936473695638394,0.0,-2.0,2,1761054824.8669286
