episode_index,steps,mean_reward_drift,mean_reward_progress,mean_reward_intrusion,sum_reward_drift,sum_reward_progress,sum_reward_intrusion,total_intrusions,finished_at
1,12,-0.12231421562465927,0.0,0.0,-1.4677705874959113,0.0,0.0,0,1761054784.683312
2,40,-0.20017872499114775,0.0,0.0,-8.00714899964591,0.0,0.0,0,1761054786.4966173
3,8,-0.19370563509293853,0.0,0.0,-1.5496450807435083,0.0,0.0,0,1761054786.86012
4,47,-0.09942044901721381,0.0,0.0,-4.672761103809049,0.0,0.0,0,1761054822.6277263
5,5,-0.1734783959395108,0.0,0.0,-0.867391979697554,0.0,0.0,0,1761054822.7893336
6,43,-0.1211506594537973,0.0,0.0,-5.209478356513284,0.0,0.0,0,1761054823.7800865
