episode_index,steps,mean_reward_drift,mean_reward_progress,mean_reward_intrusion,mean_reward_proximity,sum_reward_drift,sum_reward_progress,sum_reward_intrusion,sum_reward_proximity,total_intrusions,terminated_waypoint,truncated,finished_at
1,98,-0.00299657308003361,-0.00269566381272507,0.0,0.0,-0.2936641618432938,-0.26417505364705685,0.0,0.0,0,False,True,1762866195.6012483
2,84,-0.0018262732552261642,0.00038282399401778314,-0.03571428571428571,-0.011776779362733674,-0.1534069534389978,0.032157215497493785,-3.0,-0.9892494664696286,1,False,True,1762866220.5206673
3,308,-0.0026524478498765485,-0.00147054474098904,-0.00974025974025974,-0.004413500287209321,-0.816953937761977,-0.4529277802246243,-3.0,-1.359358088460471,1,False,True,1762866249.9587545
