episode_index,steps,mean_reward_drift,mean_reward_progress,mean_reward_intrusion,mean_reward_proximity,sum_reward_drift,sum_reward_progress,sum_reward_intrusion,sum_reward_proximity,total_intrusions,terminated_waypoint,truncated,finished_at
1,11,-0.0006131494345062334,-0.001307165088026691,0.0,0.0,-0.0067446437795685675,-0.014378815968293601,0.0,0.0,0,False,True,1762866194.124083
2,212,-0.0025793301744921246,-0.0010806989203935328,0.0,-0.005079708013071562,-0.5468179969923305,-0.22910817112342896,0.0,-1.0768980987711712,0,False,True,1762866229.1453838
