episode_index,steps,mean_reward_drift,mean_reward_progress,mean_reward_intrusion,sum_reward_drift,sum_reward_progress,sum_reward_intrusion,finished_at
1,21,-0.16899245257511697,-0.0010539631971963218,0.0,-3.5488415040774566,-0.022133227141122758,0.0,1760947063.7514365
2,30,-0.18963888777939847,-0.0048991112656694225,0.0,-5.689166633381954,-0.14697333797008266,0.0,1760947064.493697
3,15,-0.2054151218331666,-0.004447723296738496,0.0,-3.081226827497499,-0.06671584945107745,0.0,1760947065.3043907
4,6,-0.1794664591808847,0.00020858329948961947,0.0,-1.0767987550853082,0.0012514997969377169,0.0,1760947066.1938622
5,68,-0.11500871468623355,0.007087474464654121,0.0,-7.820592598663882,0.4819482635964802,0.0,1760947068.2343924
