episode_index,steps,mean_reward_drift,mean_reward_progress,mean_reward_intrusion,sum_reward_drift,sum_reward_progress,sum_reward_intrusion,finished_at
1,12,-0.056880846469428537,0.02060092103655104,0.0,-0.6825701576331424,0.2472110524386125,0.0,1760947063.601396
2,5,-0.11336823558763709,0.011832660770576837,0.0,-0.5668411779381854,0.05916330385288418,0.0,1760947064.0896068
3,9,-0.12983956995191412,0.006778295711951456,0.0,-1.168556129567227,0.06100466140756311,0.0,1760947065.1980844
4,30,-0.1502233494302538,0.00207381217055496,0.0,-4.506700482907615,0.062214365116648795,0.0,1760947066.5550594
5,11,-0.08102480022589774,0.01536356999668178,0.0,-0.8912728024848752,0.16899926996349957,0.0,1760947067.4925919
6,76,-0.15417658755789349,0.0012898679689850642,0.0,-11.717420654399906,0.09802996564286487,0.0,1760947069.2947948
