episode_index,steps,mean_reward_drift,mean_reward_progress,mean_reward_intrusion,sum_reward_drift,sum_reward_progress,sum_reward_intrusion,finished_at
1,26,-0.20080156780747085,-0.0075719349239197035,0.0,-5.220840762994242,-0.1968703080219123,0.0,1760947063.8347127
2,49,-0.1775966125414373,-0.0034027590577702252,-0.24489795918367346,-8.702234014530427,-0.16673519383074104,-12.0,1760947064.7456682
3,74,-0.19732798545367153,-0.004822241011362257,0.0,-14.602270923571693,-0.356845834840807,0.0,1760947066.0743904
