episode_index,steps,mean_reward_drift,mean_reward_progress,mean_reward_intrusion,mean_reward_proximity,sum_reward_drift,sum_reward_progress,sum_reward_intrusion,sum_reward_proximity,total_intrusions,terminated_waypoint,truncated,finished_at
1,61,-0.0027761426364376375,-0.00314866504501615,-0.04918032786885246,-0.030883143541675886,-0.1693447008226959,-0.19206856774598513,-3.0,-1.8838717560422291,1,False,True,1762851833.2747393
2,229,-0.002343731535119718,-0.00030264553218502916,0.0,-2.699205154915608e-06,-0.5367145215424154,-0.06930582687037168,0.0,-0.0006181179804756742,0,False,True,1762851931.869469
