episode_index,steps,mean_reward_drift,mean_reward_progress,mean_reward_intrusion,mean_reward_proximity,sum_reward_drift,sum_reward_progress,sum_reward_intrusion,sum_reward_proximity,total_intrusions,terminated_waypoint,truncated,finished_at
1,112,-0.001311246327972957,0.004618780566891145,0.0,0.0,-0.1468595887329712,0.5173034234918082,0.0,0.0,0,True,False,1762851834.7430644
2,139,-0.0025060583880983597,-0.0005880836197409266,0.0,0.0,-0.348342115945672,-0.08174362314398881,0.0,0.0,0,False,True,1762851902.6624684
3,321,-0.002678083292883762,-0.0013103432304979253,0.0,-0.01722155877342332,-0.8596647370156876,-0.420620176989834,0.0,-5.528120366268886,0,False,True,1762852111.288
