episode_index,steps,mean_reward_drift,mean_reward_progress,mean_reward_intrusion,sum_reward_drift,sum_reward_progress,sum_reward_intrusion,finished_at
1,34,-0.13599294262333017,0.0033757780536853967,0.0,-4.623760049193226,0.11477645382530349,0.0,1760537917.156783
2,20,-0.11373888987247498,0.007774654110648066,0.0,-2.2747777974494996,0.15549308221296132,0.0,1760537918.2226224
3,6,-0.14189988977195997,0.005528544930315553,0.0,-0.8513993386317598,0.033171269581893315,0.0,1760537919.587935
4,33,-0.22733958636298227,-0.011868643966582297,0.0,-7.502206349978414,-0.39166525089721577,0.0,1760537953.1160057
5,18,-0.16055526808956438,0.0015590453321427883,0.0,-2.889994825612159,0.028062815978570188,0.0,1760537953.8489308
6,170,-0.14172863538355931,0.0029617669346360944,0.0,-24.093868015205086,0.503500378888136,0.0,1760537989.8464751
