episode_index,steps,mean_reward_drift,mean_reward_progress,mean_reward_intrusion,sum_reward_drift,sum_reward_progress,sum_reward_intrusion,finished_at
1,50,-0.20566542051712655,-0.008598251487463803,0.0,-10.283271025856328,-0.42991257437319014,0.0,1760537917.389538
2,114,-0.17852662593315485,-0.0032962096919471775,0.0,-20.352035356379652,-0.37576790488197825,0.0,1760537919.4777606
3,51,-0.13525303792194918,0.0048772229571550545,0.0,-6.897904934019408,0.24873837081490777,0.0,1760537952.6054661
4,49,-0.18291186147758318,-0.004412104434363487,0.0,-8.962681212401575,-0.21619311728381085,0.0,1760537953.3157983
5,5,-0.053326341874877545,0.022720885643665024,0.0,-0.26663170937438774,0.11360442821832512,0.0,1760537953.6350167
6,89,-0.15228394881320537,0.001095997386439425,0.0,-13.553271444375277,0.09754376739310883,0.0,1760537988.5198467
7,25,-0.15725805474124255,0.0005788588592059663,0.0,-3.931451368531064,0.014471471480149156,0.0,1760537990.233422
