episode_index,steps,mean_reward_drift,mean_reward_progress,mean_reward_intrusion,mean_reward_proximity,sum_reward_drift,sum_reward_progress,sum_reward_intrusion,sum_reward_proximity,total_intrusions,terminated_waypoint,truncated,finished_at
1,165,-0.0030250234619090873,-0.003277987681864507,0.0,-0.001310503019969932,-0.49912887121499944,-0.5408679675076437,0.0,-0.21623299829503878,0,False,True,1762355789.6077564
2,171,-0.001994928996674144,0.0015453698673936567,-0.017543859649122806,-0.009298164517329987,-0.3411328584312786,0.2642582473243153,-3.0,-1.5899861324634277,1,False,True,1762355797.0596733
