episode_index,steps,mean_reward_drift,mean_reward_progress,mean_reward_intrusion,sum_reward_drift,sum_reward_progress,sum_reward_intrusion,total_intrusions,finished_at
1,18,-0.21328077299459053,0.0,0.0,-3.8390539139026294,0.0,0.0,0,1761049212.1235154
2,14,-0.09765177505371823,0.0,0.0,-1.3671248507520553,0.0,0.0,0,1761049212.8012514
3,21,-0.07083340098908186,0.0,0.0,-1.4875014207707191,0.0,0.0,0,1761049213.8294199
4,5,-0.12079250225515567,0.0,0.0,-0.6039625112757784,0.0,0.0,0,1761049214.1998966
5,6,-0.11956791875916463,0.0,0.0,-0.7174075125549878,0.0,0.0,0,1761049249.5819592
6,36,-0.2123977442006358,0.0,0.0,-7.646318791222889,0.0,0.0,0,1761049251.1649382
