episode_index,steps,mean_reward_drift,mean_reward_progress,mean_reward_intrusion,mean_reward_proximity,sum_reward_drift,sum_reward_progress,sum_reward_intrusion,sum_reward_proximity,total_intrusions,terminated_waypoint,truncated,finished_at
1,113,-0.0035113308916936057,-0.003902753595974529,0.0,0.0,-0.39678039076137744,-0.4410111563451218,0.0,0.0,0,False,True,1762866196.2569025
2,146,-0.0031470535511504078,-0.003087354389968417,-0.02054794520547945,-0.01394994749154296,-0.45946981846795953,-0.4507537409353889,-3.0,-2.0366923337652723,1,False,True,1762866213.2195153
3,124,-0.0013859749633783284,-0.0028805584437100093,0.0,-0.008661870460649217,-0.17186089545891273,-0.3571892470200412,0.0,-1.074071937120503,0,False,True,1762866229.9280884
4,253,-0.0025156798339909694,-0.0007130336446463781,0.0,-0.013144502193843305,-0.6364669979997153,-0.18039751209553367,0.0,-3.325559055042356,0,False,True,1762866247.1627312
