episode_index,steps,mean_reward_drift,mean_reward_progress,mean_reward_intrusion,sum_reward_drift,sum_reward_progress,sum_reward_intrusion,total_intrusions,finished_at
1,2,-0.050851726658170775,0.5,0.0,-0.10170345331634155,1.0,0.0,0,1761054784.5069556
2,89,-0.17392694257892488,0.0,0.0,-15.479497889524314,0.0,0.0,0,1761054786.440359
3,64,-0.19332699275329704,0.0,-0.015625,-12.37292753621101,0.0,-1.0,1,1761054787.3670065
