episode_index,steps,mean_reward_drift,mean_reward_progress,mean_reward_intrusion,sum_reward_drift,sum_reward_progress,sum_reward_intrusion,total_intrusions,finished_at
1,23,-0.04883698646814031,0.0,0.0,-1.1232506887672271,0.0,0.0,0,1761054784.846103
2,16,-0.13611984038487426,0.0,0.0,-2.177917446157988,0.0,0.0,0,1761054785.3821654
3,45,-0.1625637770075025,0.0,-0.022222222222222223,-7.315369965337612,0.0,-1.0,1,1761054787.1204019
4,111,-0.14955036358861393,0.0,0.0,-16.600090358336146,0.0,0.0,0,1761054823.4566572
