episode_index,steps,mean_reward_drift,mean_reward_progress,mean_reward_intrusion,sum_reward_drift,sum_reward_progress,sum_reward_intrusion,total_intrusions,finished_at
1,37,-0.15510273537608987,0.0,0.0,-5.7388012089153255,0.0,0.0,0,1761054785.0464804
2,8,-0.13282677455201683,0.0,0.0,-1.0626141964161346,0.0,0.0,0,1761054785.2368355
3,9,-0.14579577176230682,0.0,0.0,-1.3121619458607614,0.0,0.0,0,1761054786.614115
4,32,-0.16991787010553078,0.0,0.0,-5.437371843376985,0.0,0.0,0,1761054822.448104
5,90,-0.1886444461942553,0.0,0.0,-16.978000157482978,0.0,0.0,0,1761054824.8021772
