episode_index,steps,mean_reward_drift,mean_reward_progress,mean_reward_intrusion,sum_reward_drift,sum_reward_progress,sum_reward_intrusion,total_intrusions,finished_at
1,20,-0.1258983209326921,0.0,0.0,-2.5179664186538417,0.0,0.0,0,1761049212.2027776
2,12,-0.1095770625075075,0.0,0.0,-1.31492475009009,0.0,0.0,0,1761049212.904534
3,4,-0.06857939353444308,0.0,0.0,-0.2743175741377723,0.0,0.0,0,1761049213.8174136
4,78,-0.13577992244119266,0.0,0.0,-10.590833950413028,0.0,0.0,0,1761049249.9189487
