episode_index,steps,mean_reward_drift,mean_reward_progress,mean_reward_intrusion,mean_reward_proximity,sum_reward_drift,sum_reward_progress,sum_reward_intrusion,sum_reward_proximity,total_intrusions,terminated_waypoint,truncated,finished_at
1,400,-0.002362198719483526,-0.000391187022384967,-0.0075,-0.001932226180070789,-0.9448794877934105,-0.1564748089539868,-3.0,-0.7728904720283156,1,False,True,1762522587.536012
2,241,-0.002827399247029146,-0.002592067251122631,-0.012448132780082987,-0.003499597523777212,-0.6814032185340242,-0.6246882075205541,-3.0,-0.843403003230308,1,False,True,1762522686.174145
