episode_index,steps,mean_reward_drift,mean_reward_progress,mean_reward_intrusion,mean_reward_proximity,sum_reward_drift,sum_reward_progress,sum_reward_intrusion,sum_reward_proximity,total_intrusions,finished_at
1,321,-0.03157528780940272,0.0004037650901408711,-0.14953271028037382,-0.006881474950642946,-10.135667386818273,0.12960859393521962,-48.0,-2.2089534591563855,8,1761290468.7854252
2,68,-0.025040677302583976,0.005372747171700399,0.0,0.0,-1.7027660565757103,0.36534680767562716,0.0,0.0,0,1761290469.753606
3,42,-0.010432535916368078,0.0389936755597484,0.0,-0.09854489993457623,-0.4381665084874593,1.6377343735094327,0.0,-4.138885797252201,0,1761290471.0366726
4,143,-0.03537222490051607,-0.0013260775105063602,-0.4195804195804196,-0.028613532305161473,-5.058228160773798,-0.18962908400240952,-60.0,-4.0917351196380904,10,1761290473.7670715
5,62,-0.008117168732365822,0.03206923911911368,-0.7741935483870968,-0.042192529815775044,-0.5032644614066809,1.988292825385048,-48.0,-2.6159368485780528,8,1761290474.7993407
6,171,-0.020408131474410063,0.00767475082388603,-0.21052631578947367,-0.007150982295208779,-3.489790482124121,1.3123823908845111,-36.0,-1.2228179724807011,6,1761290476.4962437
