episode_index,steps,mean_reward_drift,mean_reward_progress,mean_reward_intrusion,mean_reward_proximity,sum_reward_drift,sum_reward_progress,sum_reward_intrusion,sum_reward_proximity,total_intrusions,finished_at
1,75,-0.030992217103451083,0.000329252462969265,0.0,0.0,-2.3244162827588313,0.024693934722694877,0.0,0.0,0,1761290467.3285434
2,132,-0.035378696930558916,-0.0024479497808012752,-0.2727272727272727,-0.01799095752793083,-4.669987994833777,-0.32312937106576833,-36.0,-2.3748063936868693,6,1761290470.1925669
3,295,-0.027363274992491114,0.002870197983331296,0.0,0.0,-8.072166122784878,0.8467084050827323,0.0,0.0,0,1761290472.638478
