episode_index,steps,mean_reward_drift,mean_reward_progress,mean_reward_intrusion,mean_reward_proximity,sum_reward_drift,sum_reward_progress,sum_reward_intrusion,sum_reward_proximity,total_intrusions,finished_at
1,400,-0.031137874874830634,-0.0008649089094892315,-0.03,-0.009854214607698038,-12.455149949932254,-0.3459635637956926,-12.0,-3.9416858430792154,2,1761290469.1265013
2,236,-0.031899479490311605,-0.0001692918473899923,0.0,0.0,-7.5282771597135385,-0.03995287598403818,0.0,0.0,0,1761290470.678897
3,36,-0.022963779715334663,0.007344935847534163,0.0,0.0,-0.8266960697520479,0.2644176905112299,0.0,0.0,0,1761290470.9876404
4,266,-0.03360818817111618,-0.0010329714291428568,0.0,-0.010995222985605293,-8.939778053516903,-0.27477040015199994,0.0,-2.924729314171008,0,1761290474.3096325
5,182,-0.036417182575912276,-0.0033177064138899307,-0.6263736263736264,-0.07118880914159115,-6.627927228816034,-0.6038225673279674,-114.0,-12.956363263769589,19,1761290475.4089036
