episode_index,steps,mean_reward_drift,mean_reward_progress,mean_reward_intrusion,sum_reward_drift,sum_reward_progress,sum_reward_intrusion,total_intrusions,finished_at
1,58,-0.11107453168056239,0.017241379310344827,0.0,-6.442322837472618,1.0,0.0,0,1761053491.5724056
2,16,-0.2265974956314711,0.0,0.0,-3.6255599301035377,0.0,0.0,0,1761053491.8686593
3,27,-0.11380150097772351,0.0,0.0,-3.072640526398535,0.0,0.0,0,1761053493.3491032
4,15,-0.11853317056270053,0.0,0.0,-1.7779975584405079,0.0,0.0,0,1761053493.790209
5,26,-0.13179778310927975,0.0,-0.15384615384615385,-3.4267423608412737,0.0,-4.0,4,1761053529.6583588
6,94,-0.17820759273678524,0.0,0.0,-16.75151371725781,0.0,0.0,0,1761053531.281603
