episode_index,steps,mean_reward_drift,mean_reward_progress,mean_reward_intrusion,sum_reward_drift,sum_reward_progress,sum_reward_intrusion,total_intrusions,finished_at
1,19,-0.125273158406962,0.0,0.0,-2.380190009732278,0.0,0.0,0,1761053490.9887054
2,23,-0.22015601004288735,0.0,0.0,-5.063588230986409,0.0,0.0,0,1761053491.987573
3,31,-0.21158432801417043,0.0,0.0,-6.559114168439283,0.0,0.0,0,1761053493.3963218
4,43,-0.15806533489863064,0.0,0.0,-6.796809400641118,0.0,0.0,0,1761053529.19788
