episode_index,steps,mean_reward_drift,mean_reward_progress,mean_reward_intrusion,sum_reward_drift,sum_reward_progress,sum_reward_intrusion,finished_at
1,20,-0.16212289774779395,0.0012835377390026186,0.0,-3.242457954955879,0.025670754780052374,0.0,1760537916.9128857
2,9,-0.19913743112220708,-0.004044169035200736,0.0,-1.7922368800998638,-0.036397521316806625,0.0,1760537917.8352122
3,50,-0.1256610455247638,0.006226334146651198,0.0,-6.283052276238189,0.3113167073325599,0.0,1760537919.2830167
4,9,-0.0887085697669348,0.01624799186957492,0.0,-0.7983771279024131,0.14623192682617428,0.0,1760537952.4007301
5,14,-0.10572753096257334,0.011826441244277253,-0.07142857142857142,-1.4801854334760267,0.16557017741988153,-1.0,1760537953.2782948
6,162,-0.15147431613601472,0.0014361295974794418,-0.012345679012345678,-24.538839214034386,0.23265299479166957,-2.0,1760537989.0525167
