episode_index,steps,mean_reward_drift,mean_reward_progress,mean_reward_intrusion,sum_reward_drift,sum_reward_progress,sum_reward_intrusion,finished_at
1,39,-0.17292883789513733,-0.0025318182569306724,0.0,-6.744224677910355,-0.09874091202029622,0.0,1760537917.2418272
2,53,-0.1317463480974406,0.005202927407130238,0.0,-6.982556449164352,0.2757551525779026,0.0,1760537918.4380534
