episode_index,steps,mean_reward_drift,mean_reward_progress,mean_reward_intrusion,mean_reward_proximity,sum_reward_drift,sum_reward_progress,sum_reward_intrusion,sum_reward_proximity,total_intrusions,finished_at
1,331,-0.03135943151801135,4.5599960588994275e-05,0.0,-0.010497711404927784,-10.379971832461758,0.015093586954957106,0.0,-3.4747424750310962,0,1761290468.5441885
2,88,-0.03438966267788388,-0.0015667700355983193,0.0,0.0,-3.0262903156537817,-0.1378757631326521,0.0,0.0,0,1761290469.2094383
3,80,-0.01657827968313197,0.011226756752040346,0.0,0.0,-1.3262623746505575,0.8981405401632276,0.0,0.0,0,1761290470.6397727
4,199,-0.02670212964937366,0.0037688691918647656,-0.21105527638190955,-0.022130295140728853,-5.313723800225358,0.7500049691810884,-42.0,-4.403928733005042,7,1761290472.7243059
