episode_index,steps,mean_reward_drift,mean_reward_progress,mean_reward_intrusion,mean_reward_proximity,sum_reward_drift,sum_reward_progress,sum_reward_intrusion,sum_reward_proximity,total_intrusions,finished_at
1,159,-0.0345689810108136,-0.0016211116573720133,-0.2641509433962264,-0.019270764401641317,-5.496467980719362,-0.2577567535221501,-42.0,-3.0640515398609693,7,1761290467.7945015
2,65,-0.0232820183255049,0.00400643487393632,0.0,-0.01658746245011624,-1.5133311911578184,0.2604182668058608,0.0,-1.0781850592575557,0,1761290469.072761
3,71,-0.03194841076216931,0.0002836060978620045,-2.4507042253521125,-0.07192389984718893,-2.268337164114021,0.02013603294820232,-174.0,-5.106596889150414,29,1761290470.5770445
4,72,-0.023001915635642287,0.007549912991177436,0.0,0.0,-1.6561379257662445,0.5435937353647754,0.0,0.0,0,1761290471.6189387
5,72,-0.03569816002298736,-0.0016567456842011214,0.0,0.0,-2.57026752165509,-0.11928568926248073,0.0,0.0,0,1761290473.3679557
6,156,-0.023467944321630074,0.006383438199630826,0.0,0.0,-3.6609993141742914,0.9958163591424088,0.0,0.0,0,1761290475.1350183
7,133,-0.04327385878159808,-0.00761084259176992,-0.13533834586466165,-0.098713197244687,-5.755423217952545,-1.0122420647053993,-18.0,-13.128855233543371,3,1761290476.1386778
