episode_index,steps,mean_reward_drift,mean_reward_progress,mean_reward_intrusion,mean_reward_proximity,sum_reward_drift,sum_reward_progress,sum_reward_intrusion,sum_reward_proximity,total_intrusions,finished_at
1,85,-0.01997463750268968,0.009049516339463102,0.0,-0.032494379080265826,-1.697844187728623,0.7692088888543637,0.0,-2.762022221822595,0,1761290467.3340576
2,28,-0.0074648037159868435,0.018552726932510036,0.0,0.0,-0.2090145040476316,0.519476354110281,0.0,0.0,0,1761290468.8051028
3,163,-0.03780958095370699,-0.004514260131588841,-1.0674846625766872,-0.03132881527086144,-6.162961695454239,-0.7358244014489812,-174.0,-5.106596889150414,29,1761290471.0221727
