episode_index,steps,mean_reward_drift,mean_reward_progress,mean_reward_intrusion,sum_reward_drift,sum_reward_progress,sum_reward_intrusion,total_intrusions,finished_at
1,31,-0.08795170376460859,0.0,0.0,-2.726502816702866,0.0,0.0,0,1761055477.7598462
2,11,-0.1991321766688282,0.0,0.0,-2.1904539433571104,0.0,0.0,0,1761055479.4152184
3,9,-0.13519396110504364,0.0,-0.1111111111111111,-1.2167456499453928,0.0,-1.0,1,1761055480.3355165
4,16,-0.14830982313445856,0.0,-0.6875,-2.372957170151337,0.0,-11.0,11,1761055514.3442554
5,101,-0.1581095637123753,0.0,0.0,-15.969065934949906,0.0,0.0,0,1761055516.1111348
