episode_index,steps,mean_reward_drift,mean_reward_progress,mean_reward_intrusion,sum_reward_drift,sum_reward_progress,sum_reward_intrusion,total_intrusions,finished_at
1,129,-0.14693687517121254,0.0,-0.007751937984496124,-18.95485689708642,0.0,-1.0,1,1761055479.2180367
2,39,-0.13219926471205581,0.0,0.0,-5.1557713237701766,0.0,0.0,0,1761055479.7900374
3,83,-0.1834227091698516,0.0,-0.024096385542168676,-15.224084861097682,0.0,-2.0,2,1761055514.0520513
