episode_index,steps,mean_reward_drift,mean_reward_progress,mean_reward_intrusion,mean_reward_proximity,sum_reward_drift,sum_reward_progress,sum_reward_intrusion,sum_reward_proximity,total_intrusions,terminated_waypoint,truncated,finished_at
1,35,-0.02062045077435048,0.004132297258020622,0.0,-0.6394084186763267,-0.7217157771022669,0.14463040403072178,0.0,-22.379294653671433,0,False,True,1761568938.2078269
2,184,-0.03419542802051373,-0.0014768139355004937,0.0,-0.17224572243170813,-6.291958755774526,-0.2717337641320908,0.0,-31.693212927434296,0,False,True,1761568940.1117296
