episode_index,steps,mean_reward_drift,mean_reward_progress,mean_reward_intrusion,mean_reward_proximity,sum_reward_drift,sum_reward_progress,sum_reward_intrusion,sum_reward_proximity,total_intrusions,terminated_waypoint,truncated,finished_at
1,100,-0.0028351527725578806,-0.001770728682266155,0.0,0.0,-0.28351527725578807,-0.1770728682266155,0.0,0.0,0,False,True,1762531336.296191
2,377,-0.002713115536478827,-0.0020229344680505446,-0.007957559681697613,-0.005015356160138512,-1.0228445572525178,-0.7626462944550553,-3.0,-1.890789272372219,1,False,True,1762531430.9639041
3,214,-0.002813198292057359,-0.002069223774318603,-0.014018691588785047,-0.005780658865427691,-0.6020244345002749,-0.442813887704181,-3.0,-1.2370609972015258,1,False,True,1762531503.7616234
4,400,-0.0024895239989332655,0.0005281990963108527,0.0,-0.00036436200351172793,-0.9958095995733062,0.21127963852434106,0.0,-0.14574480140469118,0,False,True,1762531660.000913
