episode_index,steps,mean_reward_drift,mean_reward_progress,mean_reward_intrusion,mean_reward_proximity,sum_reward_drift,sum_reward_progress,sum_reward_intrusion,sum_reward_proximity,total_intrusions,terminated_waypoint,truncated,finished_at
1,32,-0.002504653424093909,-0.0011186332615900074,0.0,0.0,-0.0801489095710051,-0.03579626437088024,0.0,0.0,0,False,True,1762531334.5321758
2,52,-0.003049196699927116,-0.0030411014319450666,0.0,0.0,-0.15855822839621003,-0.15813727446114345,0.0,0.0,0,False,True,1762531338.6573699
3,84,-0.00309251435399931,-0.002079476114089105,0.0,0.0,-0.25977120573594203,-0.17467599358348485,0.0,0.0,0,False,True,1762531456.0773633
4,212,-0.0030111464838128324,-0.003137488547616377,0.0,-0.0006874754783240149,-0.6383630545683204,-0.6651475720946719,0.0,-0.14574480140469118,0,False,True,1762531592.523496
5,120,-0.0031374904730034985,-0.002911540244651233,0.0,-0.0004344830854753137,-0.37649885676041983,-0.34938482935814796,0.0,-0.05213797025703765,0,False,True,1762531702.1685367
6,56,-0.0029224578748655787,-0.0035518416641354806,0.0,0.0,-0.1636576409924724,-0.19890313319158692,0.0,0.0,0,False,True,1762531729.6285741
7,58,-0.0030857115762385314,-0.003861747833798769,0.0,0.0,-0.17897127142183483,-0.2239813743603286,0.0,0.0,0,False,True,1762531798.0774145
8,367,-0.0026766795549418338,0.0018765625247470278,0.0,-0.0016699074094645688,-0.9823413966636529,0.6886984465821592,0.0,-0.6128560192734968,0,True,False,1762532021.9145696
