episode_index,steps,mean_reward_drift,mean_reward_progress,mean_reward_intrusion,mean_reward_proximity,sum_reward_drift,sum_reward_progress,sum_reward_intrusion,sum_reward_proximity,total_intrusions,terminated_waypoint,truncated,finished_at
1,200,-0.0026552275023801774,-0.001964628114339057,0.0,0.0,-0.5310455004760355,-0.3929256228678114,0.0,0.0,0,False,True,1762616110.6886537
2,172,-0.0027173513520243327,-0.002219341785063576,0.0,-0.00593734199269696,-0.4673844325481852,-0.38172678703093504,0.0,-1.021222822743877,0,False,True,1762616159.1936362
3,111,-0.00162177976856256,0.002237672975459554,0.0,-0.001992307705131934,-0.18001755431044417,0.24838170027601048,0.0,-0.2211461552696447,0,False,True,1762616202.2577536
4,184,-0.0009908529261242077,0.004610005202141135,0.0,-0.0007303013433172874,-0.1823169384068542,0.8482409571939687,0.0,-0.13437544717038089,0,False,True,1762616282.1173449
