episode_index,steps,mean_reward_drift,mean_reward_progress,mean_reward_intrusion,mean_reward_proximity,sum_reward_drift,sum_reward_progress,sum_reward_intrusion,sum_reward_proximity,total_intrusions,terminated_waypoint,truncated,finished_at
1,162,-0.0029952960963433527,-0.0028033820543828664,0.0,0.0,-0.4852379676076231,-0.4541478928100243,0.0,0.0,0,False,True,1762616109.8469348
2,86,-0.001903556893552179,-0.0026777908672757206,0.0,0.0,-0.1637058928454874,-0.23029001458571197,0.0,0.0,0,False,True,1762616132.9322002
3,172,-0.0017165233333401495,-0.0027292587112133304,-0.01744186046511628,-0.017443624373305096,-0.2952420133345057,-0.4694324983286928,-3.0,-3.0003033922084765,1,False,True,1762616212.5508766
