episode_index,steps,mean_reward_drift,mean_reward_progress,mean_reward_intrusion,sum_reward_drift,sum_reward_progress,sum_reward_intrusion,total_intrusions,finished_at
1,13,-0.050566412527510554,0.07692307692307693,0.0,-0.6573633628576372,1.0,0.0,0,1761054784.69621
2,9,-0.2196894241862213,0.0,-0.2222222222222222,-1.9772048176759918,0.0,-2.0,2,1761054786.4042623
3,7,-0.13002225969000675,0.0,0.0,-0.9101558178300472,0.0,0.0,0,1761054787.158867
4,79,-0.16660693269104707,0.0,-0.012658227848101266,-13.161947682592718,0.0,-1.0,1,1761054823.915086
