episode_index,steps,mean_reward_drift,mean_reward_progress,mean_reward_intrusion,sum_reward_drift,sum_reward_progress,sum_reward_intrusion,total_intrusions,finished_at
1,1,-0.0879078415885004,0.0,0.0,-0.0879078415885004,0.0,0.0,0,1761054784.487922
2,17,-0.10050951286500681,0.0,-0.11764705882352941,-1.7086617187051159,0.0,-2.0,2,1761054786.5156646
3,55,-0.1369359746041853,0.0,0.0,-7.531478603230192,0.0,0.0,0,1761054822.5912216
