episode_index,steps,mean_reward_drift,mean_reward_progress,mean_reward_intrusion,mean_reward_proximity,sum_reward_drift,sum_reward_progress,sum_reward_intrusion,sum_reward_proximity,total_intrusions,terminated_waypoint,truncated,finished_at
1,349,-0.0027896757817173342,-0.0021133547243454356,0.0,-0.0036565668792088194,-0.9735968478193496,-0.737560798796557,0.0,-1.276141840843878,0,False,True,1762870462.7373984
2,312,-0.002455400055367081,-0.0003562044492567697,0.0,0.0,-0.7660848172745293,-0.11113578816811215,0.0,0.0,0,False,True,1762870484.8846748
