episode_index,steps,mean_reward_drift,mean_reward_progress,mean_reward_intrusion,mean_reward_proximity,sum_reward_drift,sum_reward_progress,sum_reward_intrusion,sum_reward_proximity,total_intrusions,terminated_waypoint,truncated,finished_at
1,138,-0.0007791942589788249,0.008048196088254645,0.0,0.0,-0.10752880773907783,1.110651060179141,0.0,0.0,0,True,False,1762852342.9882774
2,52,-0.003438319202928227,-0.0028214484196819015,0.0,0.0,-0.1787925985522678,-0.14671531782345887,0.0,0.0,0,False,True,1762852344.037917
3,27,-0.0023801074504197234,-0.0005134783427538287,0.0,0.0,-0.06426290116133253,-0.013863915254353376,0.0,0.0,0,False,True,1762852350.593879
4,400,-0.0023483513981547976,1.6643845162178096e-05,0.0,-0.009410405739271571,-0.9393405592619191,0.006657538064871238,0.0,-3.7641622957086285,0,False,True,1762852428.4008243
