episode_index,steps,mean_reward_drift,mean_reward_progress,mean_reward_intrusion,mean_reward_proximity,sum_reward_drift,sum_reward_progress,sum_reward_intrusion,sum_reward_proximity,total_intrusions,terminated_waypoint,truncated,finished_at
1,146,-0.0024069753238139782,-0.0011233719141707946,0.0,0.0,-0.3514183972768408,-0.164012299468936,0.0,0.0,0,False,True,1762852343.1235557
2,36,-0.0025720657500147483,-0.0010511046578221496,0.0,0.0,-0.09259436700053095,-0.037839767681597386,0.0,0.0,0,False,True,1762852343.788598
3,99,-0.0018054286033738016,0.001987007427976324,0.0,-0.009838313293825174,-0.17873743173400636,0.19671373536965608,0.0,-0.9739930160886922,0,False,True,1762852368.5828595
4,186,-0.002006327568066586,0.0017966287995468406,0.0,-0.000421449850241409,-0.373176927660385,0.33417295671571234,0.0,-0.07838967214490208,0,False,True,1762852399.3688488
5,200,-0.002207566009411101,0.000917287609902315,0.0,0.0,-0.4415132018822202,0.183457521980463,0.0,0.0,0,False,True,1762852456.1285965
