episode_index,steps,mean_reward_drift,mean_reward_progress,mean_reward_intrusion,mean_reward_proximity,sum_reward_drift,sum_reward_progress,sum_reward_intrusion,sum_reward_proximity,total_intrusions,terminated_waypoint,truncated,finished_at
1,77,-0.004327685633892853,0.0286389069633994,0.0,0.0,-0.33323179380974965,2.205195836181754,0.0,0.0,0,True,False,1761727641.3385205
2,25,-0.006896882371247126,0.06856075429126623,-0.4,-0.21431337086705793,-0.17242205928117815,1.714018857281656,-10.0,-5.357834271676448,1,True,False,1761727644.1149805
3,41,-0.011489707884123151,0.006901794583014007,0.0,-0.6744382036728065,-0.4710780232490492,0.2829735779035743,0.0,-27.651966350585067,0,False,True,1761727658.970291
4,68,-0.006922270454990675,0.030479601653835252,0.0,-0.5227624329727893,-0.4707143909393659,2.072612912460797,0.0,-35.54784544214968,0,True,False,1761727675.163604
5,102,-0.006340232732561248,0.008663744961966193,-0.09803921568627451,-0.3049074661437034,-0.6467037387212473,0.8837019861205517,-10.0,-31.100561546657747,1,False,True,1761727721.7425458
6,106,-0.006019824774318946,0.022690174007337513,0.0,-0.09078501066190185,-0.6381014260778083,2.4051584447777765,0.0,-9.623211130161597,0,True,False,1761727733.1996276
7,400,-0.023474213457148077,8.625499183319841e-05,-0.025,-0.2616614804732818,-9.38968538285923,0.03450199673327936,-10.0,-104.66459218931271,1,False,True,1761727776.1207242
8,7,-0.004877787598037457,0.22302392249503036,0.0,0.0,-0.0341445131862622,1.5611674574652126,0.0,0.0,0,True,False,1761727776.9875677
9,141,-0.014605417602433718,0.015171100597110306,0.0,0.0,-2.0593638819431543,2.139125184192553,0.0,0.0,0,True,False,1761727801.8113768
