episode_index,steps,mean_reward_drift,mean_reward_progress,mean_reward_intrusion,sum_reward_drift,sum_reward_progress,sum_reward_intrusion,total_intrusions,finished_at
1,12,-0.05203981298269925,0.08333333333333333,0.0,-0.6244777557923911,1.0,0.0,0,1761051074.9861505
2,95,-0.16195041875464686,0.0,-0.010526315789473684,-15.385289781691451,0.0,-1.0,1,1761051076.8508723
3,21,-0.13480814501650573,0.0,0.0,-2.8309710453466206,0.0,0.0,0,1761051077.2644846
4,35,-0.18780398823937122,0.0,-0.02857142857142857,-6.573139588377993,0.0,-1.0,1,1761051112.6554348
5,28,-0.19342425783891398,0.0,0.0,-5.415879219489591,0.0,0.0,0,1761051113.338807
6,5,-0.12687542268713417,0.0,0.0,-0.6343771134356708,0.0,0.0,0,1761051113.5016763
7,15,-0.19447299636054385,0.0,0.0,-2.9170949454081576,0.0,0.0,0,1761051114.4239957
8,48,-0.16909148943425986,0.0,0.0,-8.116391492844473,0.0,0.0,0,1761051148.2961998
