episode_index,steps,mean_reward_drift,mean_reward_progress,mean_reward_intrusion,sum_reward_drift,sum_reward_progress,sum_reward_intrusion,total_intrusions,finished_at
1,44,-0.08305682646612772,0.022727272727272728,-0.22727272727272727,-3.65450036450962,1.0,-10.0,10,1761051075.4244444
2,8,-0.1752128401516777,0.0,0.0,-1.4017027212134217,0.0,0.0,0,1761051075.6152816
3,36,-0.1697146153424992,0.0,0.0,-6.109726152329972,0.0,0.0,0,1761051077.4907386
4,24,-0.17978377575440538,0.0,0.0,-4.314810618105729,0.0,0.0,0,1761051077.9001098
5,22,-0.042036054112386596,0.045454545454545456,0.0,-0.9247931904725051,1.0,0.0,0,1761051113.2646422
6,52,-0.20190979327191777,0.0,0.0,-10.499309250139724,0.0,0.0,0,1761051114.1564858
