episode_index,steps,mean_reward_drift,mean_reward_progress,mean_reward_intrusion,sum_reward_drift,sum_reward_progress,sum_reward_intrusion,total_intrusions,finished_at
1,40,-0.15026213237491284,0.0,-0.025,-6.0104852949965135,0.0,-1.0,1,1761051075.3724434
2,38,-0.16782092527963716,0.0,-0.05263157894736842,-6.377195160626212,0.0,-2.0,2,1761051076.0731936
3,12,-0.15693407360507772,0.0,-0.08333333333333333,-1.8832088832609326,0.0,-1.0,1,1761051077.1084187
4,38,-0.17651410613237606,0.0,0.0,-6.70753603303029,0.0,0.0,0,1761051112.6983562
5,15,-0.18121945563855693,0.0,0.0,-2.7182918345783538,0.0,0.0,0,1761051113.1673326
6,22,-0.22130968133005746,0.0,0.0,-4.868812989261264,0.0,0.0,0,1761051113.7699049
7,95,-0.15235850134389764,0.0,-0.031578947368421054,-14.474057627670277,0.0,-3.0,3,1761051115.508384
