episode_index,steps,mean_reward_drift,mean_reward_progress,mean_reward_intrusion,sum_reward_drift,sum_reward_progress,sum_reward_intrusion,total_intrusions,finished_at
1,29,-0.15519116938088365,0.0,0.0,-4.500543912045626,0.0,0.0,0,1761053491.1273696
2,2,-0.08174034790377216,0.5,0.0,-0.16348069580754432,1.0,0.0,0,1761053491.4029615
3,28,-0.15297883633983875,0.0,-0.10714285714285714,-4.283407417515485,0.0,-3.0,3,1761053492.790421
4,13,-0.047672654709076334,0.07692307692307693,0.0,-0.6197445112179923,1.0,0.0,0,1761053493.432421
5,19,-0.13901874734614003,0.0,0.0,-2.6413561995766606,0.0,0.0,0,1761053528.8514793
6,15,-0.08799649834811397,0.0,0.0,-1.3199474752217095,0.0,0.0,0,1761053529.4214334
7,102,-0.16009560904773082,0.0,0.0,-16.329752122868545,0.0,0.0,0,1761053531.3646646
