episode_index,steps,mean_reward_drift,mean_reward_progress,mean_reward_intrusion,sum_reward_drift,sum_reward_progress,sum_reward_intrusion,total_intrusions,finished_at
1,10,-0.10919093954296968,0.0,0.0,-1.0919093954296968,0.0,0.0,0,1761053490.8295512
2,32,-0.2148482900533955,0.0,-0.0625,-6.875145281708656,0.0,-2.0,2,1761053491.855489
3,58,-0.11418273313874393,0.0,0.0,-6.622598522047148,0.0,0.0,0,1761053493.2131882
4,17,-0.15574432202585187,0.0,0.0,-2.6476534744394815,0.0,0.0,0,1761053493.4853704
5,35,-0.17559768384545235,0.0,0.0,-6.145918934590832,0.0,0.0,0,1761053529.0762331
