episode_index,steps,mean_reward_drift,mean_reward_progress,mean_reward_intrusion,sum_reward_drift,sum_reward_progress,sum_reward_intrusion,total_intrusions,finished_at
1,28,-0.22185287685910837,0.0,0.0,-6.211880552055034,0.0,0.0,0,1761053491.112808
2,7,-0.05793520375800127,0.0,0.0,-0.4055464263060089,0.0,0.0,0,1761053491.477834
3,54,-0.21697719644376484,0.0,0.0,-11.716768607963301,0.0,0.0,0,1761053493.153714
4,26,-0.13808616276819932,0.0,0.0,-3.5902402319731825,0.0,0.0,0,1761053493.6018317
5,17,-0.21356360663516127,0.0,0.0,-3.6305813127977418,0.0,0.0,0,1761053493.9152343
6,38,-0.2100745831491718,0.0,0.0,-7.982834159668528,0.0,0.0,0,1761053529.7289383
