episode_index,steps,mean_reward_drift,mean_reward_progress,mean_reward_intrusion,sum_reward_drift,sum_reward_progress,sum_reward_intrusion,total_intrusions,finished_at
1,12,-0.07841084137710762,0.0,0.0,-0.9409300965252915,0.0,0.0,0,1761049212.015189
2,9,-0.09143043293398247,0.0,0.0,-0.8228738964058422,0.0,0.0,0,1761049212.617477
3,17,-0.0843913979518052,0.0,0.0,-1.4346537651806883,0.0,0.0,0,1761049213.9077418
4,71,-0.18112214528818288,0.0,0.0,-12.859672315460985,0.0,0.0,0,1761049249.552751
