episode_index,steps,mean_reward_drift,mean_reward_progress,mean_reward_intrusion,sum_reward_drift,sum_reward_progress,sum_reward_intrusion,total_intrusions,finished_at
1,12,-0.10164951370402664,0.0,0.0,-1.2197941644483197,0.0,0.0,0,1761054784.659303
2,10,-0.09060113058871075,0.0,-0.1,-0.9060113058871075,0.0,-1.0,1,1761054785.1638136
3,17,-0.2160343115206158,0.0,0.0,-3.672583295850469,0.0,0.0,0,1761054786.0100343
4,37,-0.18929004798927307,0.0,-0.05405405405405406,-7.003731775603104,0.0,-2.0,2,1761054823.2088668
