episode_index,steps,mean_reward_drift,mean_reward_progress,mean_reward_intrusion,sum_reward_drift,sum_reward_progress,sum_reward_intrusion,total_intrusions,finished_at
1,16,-0.10417114695604138,0.0,0.0,-1.666738351296662,0.0,0.0,0,1761054784.7232187
2,46,-0.17466736954495782,0.0,-0.021739130434782608,-8.034698999068059,0.0,-1.0,1,1761054785.7169204
