episode_index,steps,mean_reward_drift,mean_reward_progress,mean_reward_intrusion,sum_reward_drift,sum_reward_progress,sum_reward_intrusion,total_intrusions,finished_at
1,26,-0.1668879390636833,0.0,0.0,-4.339086415655766,0.0,0.0,0,1761054784.8651369
2,18,-0.06110931006992669,0.0,0.0,-1.0999675812586804,0.0,0.0,0,1761054785.3071475
3,150,-0.16689885312234284,0.0,0.0,-25.034827968351426,0.0,0.0,0,1761054822.5406215
4,21,-0.13249649705359806,0.0,0.0,-2.782426438125559,0.0,0.0,0,1761054822.9799387
5,39,-0.0900640738489266,0.0,0.0,-3.5124988801081374,0.0,0.0,0,1761054823.8744779
