episode_index,steps,mean_reward_drift,mean_reward_progress,mean_reward_intrusion,sum_reward_drift,sum_reward_progress,sum_reward_intrusion,total_intrusions,finished_at
1,36,-0.20159799850099142,0.0,0.0,-7.257527946035691,0.0,0.0,0,1761054784.972287
2,36,-0.22826533029760648,0.0,-0.05555555555555555,-8.217551890713834,0.0,-2.0,2,1761054785.5733783
3,51,-0.1379792080400142,0.0,0.0,-7.036939610040725,0.0,0.0,0,1761054786.4956174
4,37,-0.1337752669233339,0.0,-0.02702702702702703,-4.949684876163355,0.0,-1.0,1,1761054823.2088668
