episode_index,steps,mean_reward_drift,mean_reward_progress,mean_reward_intrusion,mean_reward_proximity,sum_reward_drift,sum_reward_progress,sum_reward_intrusion,sum_reward_proximity,total_intrusions,terminated_waypoint,truncated,finished_at
1,52,-0.0037456680834048223,-0.006169262968572449,0.0,-0.02837049862652576,-0.19477474033705075,-0.32080167436576734,0.0,-1.4752659285793395,0,False,True,1762870444.9250731
2,251,-0.002609203530840293,-0.0007541935634967357,-0.01195219123505976,-0.013506517370868276,-0.6549100862409136,-0.18930258443768067,-3.0,-3.390135860087937,1,False,True,1762870469.8149395
3,162,-0.0026065320331259407,-0.0023514934866991823,-0.018518518518518517,-0.005446749822285173,-0.4222581893664024,-0.38094194484526755,-3.0,-0.882373471210198,1,False,True,1762870488.4192054
