episode_index,steps,mean_reward_drift,mean_reward_progress,mean_reward_intrusion,mean_reward_proximity,sum_reward_drift,sum_reward_progress,sum_reward_intrusion,sum_reward_proximity,total_intrusions,terminated_waypoint,truncated,finished_at
1,133,-0.002597951832040523,-0.0024830355992561557,0.0,-0.0031403383406244764,-0.3455275936613896,-0.3302437347010687,0.0,-0.41766499930305534,0,False,True,1762852342.8966672
2,179,-0.0023066782754121717,-0.0009610104506811577,0.0,-0.006098438057216332,-0.4128954112987787,-0.17202087067192723,0.0,-1.0916204122417235,0,False,True,1762852349.4304209
3,52,-0.0019019204671083358,-1.8253187171829444e-05,0.0,-0.02183777682724339,-0.09889986428963346,-0.0009491657329351311,0.0,-1.1355643950166563,0,False,True,1762852375.7558892
4,76,-0.002525319504400056,-0.0011269268092555854,0.0,0.0,-0.19192428233440423,-0.08564643750342449,0.0,0.0,0,False,True,1762852419.9168468
5,123,-0.0014970164682019341,0.0022313943654416,0.0,0.0,-0.1841330255888379,0.2744615069493168,0.0,0.0,0,False,True,1762852476.2604284
