episode_index,steps,mean_reward_drift,mean_reward_progress,mean_reward_intrusion,mean_reward_proximity,sum_reward_drift,sum_reward_progress,sum_reward_intrusion,sum_reward_proximity,total_intrusions,terminated_waypoint,truncated,finished_at
1,150,-0.0031741294467758476,-0.003112189939891763,0.0,0.0,-0.4761194170163771,-0.46682849098376444,0.0,0.0,0,False,True,1762852343.1858053
2,325,-0.002322989796494304,0.00033624151359676785,0.0,0.0,-0.7549716838606487,0.10927849191894956,0.0,0.0,0,False,True,1762852372.1624513
3,175,-0.0027294756623241936,-0.002142630289884569,0.0,0.0,-0.4776582409067339,-0.3749603007297996,0.0,0.0,0,False,True,1762852400.3752277
4,387,-0.0025326816087334436,-0.0009633256752522886,0.0,0.0,-0.9801477825798427,-0.3728070363226357,0.0,0.0,0,False,True,1762852455.3053114
5,89,-0.0028014284086754987,-0.002445365518833149,0.0,-0.000914594789240839,-0.2493271283721194,-0.21763753117615026,0.0,-0.08139893624243467,0,False,True,1762852473.8171203
6,108,-0.0035460633093422397,-0.00411864903429587,-0.05555555555555555,-0.03804530603079033,-0.3829748374089619,-0.444814095703954,-6.0,-4.108893051325356,2,False,True,1762852497.0734956
7,206,-0.0024019396963667655,-0.0013037520172474682,0.0,-0.006637648516872424,-0.49479957745155373,-0.26857291555297846,0.0,-1.3673555944757192,0,False,True,1762852527.6610782
