episode_index,steps,mean_reward_drift,mean_reward_progress,mean_reward_intrusion,mean_reward_path_efficiency,sum_reward_drift,sum_reward_progress,sum_reward_intrusion,sum_reward_path_efficiency,total_intrusions,terminated_waypoint,truncated,finished_at
1,18,-0.006367741978371893,0.01428724166655069,0.0,0.0,-0.11461935561069407,0.25717034999791244,0.0,0.0,0,False,True,1764321058.6001694
2,115,-0.013950986381300448,-0.02771729517898379,-0.6260869565217392,0.0,-1.6043634338495516,-3.187488945583136,-72.0,0.0,6,False,True,1764321094.6426597
3,100,-0.009224401935326552,-0.0017992911132070145,-0.6,0.0,-0.9224401935326552,-0.17992911132070144,-60.0,0.0,5,False,True,1764321154.6998897
4,113,-0.010303930458818207,-0.006606298044194783,0.0,0.0,-1.1643441418464573,-0.7465116789940105,0.0,0.0,0,False,True,1764321179.8000417
5,75,-0.010928088576337732,-0.012754774085925649,0.0,0.0,-0.81960664322533,-0.9566080564444236,0.0,0.0,0,False,True,1764321195.4982357
