episode_index,steps,mean_reward_drift,mean_reward_progress,mean_reward_intrusion,mean_reward_path_efficiency,sum_reward_drift,sum_reward_progress,sum_reward_intrusion,sum_reward_path_efficiency,total_intrusions,terminated_waypoint,truncated,finished_at
1,65,-0.015599896645564118,-0.029257677352812952,-0.9230769230769231,0.0,-1.0139932819616677,-1.901749027932842,-60.0,0.0,5,False,True,1764321063.9902303
2,86,-0.009326053154991746,-0.00435574505744109,-0.5581395348837209,0.0,-0.8020405713292902,-0.3745940749399338,-48.0,0.0,4,False,True,1764321091.147403
3,40,-0.013377795502234243,-0.020161288902788274,-1.2,0.0,-0.5351118200893697,-0.806451556111531,-48.0,0.0,4,False,True,1764321110.1184278
4,53,-0.00798061569863549,0.008158202052388625,-2.490566037735849,0.0,-0.422972632027681,0.4323847087765971,-132.0,0.0,11,False,True,1764321172.1420848
5,68,-0.004878488255286303,0.02807606179438357,-0.17647058823529413,0.0,-0.3317372013594686,1.9091722020180826,-12.0,0.0,1,False,True,1764321194.4846523
