episode_index,steps,mean_reward_drift,mean_reward_progress,mean_reward_intrusion,mean_reward_path_efficiency,sum_reward_drift,sum_reward_progress,sum_reward_intrusion,sum_reward_path_efficiency,total_intrusions,terminated_waypoint,truncated,finished_at
1,77,-0.012057419586800693,-0.009459228705735786,0.0,0.0,-0.9284213081836533,-0.7283606103416556,0.0,0.0,0,False,True,1764321065.187286
2,91,-0.0034906249742580604,0.08877976945296327,-3.032967032967033,0.0,-0.3176468726574835,8.078959020219658,-276.0,0.0,23,True,False,1764321091.8648343
3,114,-0.0113384690263772,-0.012733637111624108,-0.7368421052631579,0.0,-1.2925854690070007,-1.4516346307251484,-84.0,0.0,7,False,True,1764321156.2933109
4,67,-0.0030013991025297513,0.037698085963155874,0.0,0.0,-0.20109373986949333,2.5257717595314437,0.0,0.0,0,False,True,1764321174.001053
5,104,-0.0027389475337349827,0.08200719090981576,0.0,0.0,-0.2848505435084382,8.528747854620839,0.0,0.0,0,True,False,1764321198.954753
