episode_index,steps,mean_reward_drift,mean_reward_progress,mean_reward_intrusion,mean_reward_path_efficiency,sum_reward_drift,sum_reward_progress,sum_reward_intrusion,sum_reward_path_efficiency,total_intrusions,terminated_waypoint,truncated,finished_at
1,51,-0.009600915556838119,-0.00016248468518853095,-1.1764705882352942,0.0,-0.48964669339874406,-0.008286718944615079,-60.0,0.0,5,False,True,1764321062.5840359
2,157,-0.011287780573574043,-0.00903315133139475,0.0,0.0,-1.7721815500511249,-1.4182047590289757,0.0,0.0,0,False,True,1764321099.0704055
3,178,-0.009678712839169856,-0.0009513670102613596,-0.47191011235955055,0.0,-1.7228108853722344,-0.169343327826522,-84.0,0.0,7,False,True,1764321163.4083757
4,105,-0.00876091914965366,0.0029139180508522557,-1.6,0.0,-0.9198965107136342,0.30596139533948685,-168.0,0.0,14,False,True,1764321178.6525636
5,20,-0.010705533244358655,-0.007849664504387094,0.0,0.0,-0.2141106648871731,-0.15699329008774188,0.0,0.0,0,False,True,1764321188.5245216
