episode_index,steps,mean_reward_drift,mean_reward_progress,mean_reward_intrusion,mean_reward_path_efficiency,sum_reward_drift,sum_reward_progress,sum_reward_intrusion,sum_reward_path_efficiency,total_intrusions,terminated_waypoint,truncated,finished_at
1,109,-0.014433306345776685,-0.027655728490689795,0.0,0.0,-1.5732303916896586,-3.0144744054851875,0.0,0.0,0,False,True,1764321068.1648703
2,208,-0.010934580338066517,-0.006527901034245641,-0.34615384615384615,0.0,-2.2743927103178354,-1.3578034151230933,-72.0,0.0,6,False,True,1764321104.9702513
