episode_index,steps,mean_reward_drift,mean_reward_progress,mean_reward_intrusion,mean_reward_path_efficiency,sum_reward_drift,sum_reward_progress,sum_reward_intrusion,sum_reward_path_efficiency,total_intrusions,terminated_waypoint,truncated,finished_at
1,8,-0.004576067086085036,0.021044562244874818,0.0,0.0,-0.03660853668868029,0.16835649795899854,0.0,0.0,0,False,True,1764321057.0077233
2,200,-0.009019704106202868,0.0019691549838365702,-0.54,0.0,-1.8039408212405736,0.39383099676731403,-108.0,0.0,9,False,True,1764321103.9528174
3,80,-0.00457084422140532,0.0265304919429445,0.0,0.0,-0.36566753771242566,2.12243935543556,0.0,0.0,0,False,True,1764321115.728568
4,11,-0.004609753929049137,0.013569288808936809,0.0,0.0,-0.05070729321954051,0.1492621768983049,0.0,0.0,0,False,True,1764321166.6963034
5,52,-0.0025310532763306278,0.13223359172867566,0.0,0.0,-0.13161477036919264,6.876146769891134,0.0,0.0,0,True,False,1764321192.3540606
