episode_index,steps,mean_reward_drift,mean_reward_progress,mean_reward_intrusion,mean_reward_path_efficiency,sum_reward_drift,sum_reward_progress,sum_reward_intrusion,sum_reward_path_efficiency,total_intrusions,terminated_waypoint,truncated,finished_at
1,176,-0.013667839505664608,-0.019691026576972637,0.0,0.0,-2.405539752996971,-3.465620677547184,0.0,0.0,0,False,True,1764321078.615219
2,85,-0.00806336041274959,0.004315226075635467,0.0,0.0,-0.6853856350837151,0.36679421642901466,0.0,0.0,0,False,True,1764321091.1262693
3,66,-0.004743992429012016,0.0304818765449524,-0.7272727272727273,0.0,-0.31310350031479306,2.0118038519668584,-48.0,0.0,4,False,True,1764321113.9689531
4,72,-0.007309947563904632,0.008352448847675267,-0.3333333333333333,0.0,-0.5263162246011335,0.6013763170326192,-24.0,0.0,2,False,True,1764321174.7298229
5,44,-0.002495411221757268,0.037367277936354665,0.0,0.0,-0.10979809375731979,1.6441602291996051,0.0,0.0,0,False,True,1764321191.3262062
