episode_index,steps,mean_reward_drift,mean_reward_progress,mean_reward_intrusion,mean_reward_path_efficiency,sum_reward_drift,sum_reward_progress,sum_reward_intrusion,sum_reward_path_efficiency,total_intrusions,terminated_waypoint,truncated,finished_at
1,16,-0.008412884333000109,0.006054109702103143,0.0,0.0,-0.13460614932800175,0.09686575523365029,0.0,0.0,0,False,True,1764321058.3215446
2,109,-0.009288077951528162,-0.005084237631162823,-0.22018348623853212,0.0,-1.0124004967165696,-0.5541819017967476,-24.0,0.0,2,False,True,1764321093.9844928
3,90,-0.012301602229025637,-0.01800292139601919,-0.26666666666666666,0.0,-1.1071442006123073,-1.6202629256417271,-24.0,0.0,2,False,True,1764321117.0716677
4,161,-0.007930674772034109,0.00914264730406298,-1.1180124223602483,0.0,-1.2768386382974914,1.4719662159541398,-180.0,0.0,15,False,True,1764321185.9598649
