episode_index,steps,mean_reward_drift,mean_reward_progress,mean_reward_intrusion,mean_reward_path_efficiency,sum_reward_drift,sum_reward_progress,sum_reward_intrusion,sum_reward_path_efficiency,total_intrusions,terminated_waypoint,truncated,finished_at
1,73,-0.009330336580765252,-0.0008920009192072264,-0.6575342465753424,0.0,-0.6811145703958633,-0.06511606710212753,-48.0,0.0,4,False,True,1764321064.685351
2,136,-0.01120357793800511,-0.01209141608133614,0.0,0.0,-1.523686599568695,-1.644432587061715,0.0,0.0,0,False,True,1764321096.9803843
3,178,-0.007779718788889004,0.008193213134445468,0.0,0.0,-1.3847899444222427,1.4583919379312933,0.0,0.0,0,False,True,1764321163.4083757
4,75,-0.004683641815940486,0.027655053789486725,-0.64,0.0,-0.35127313619553646,2.0741290342115044,-48.0,0.0,4,False,True,1764321175.0667057
5,10,-0.005468048727423233,0.00994675003421197,0.0,0.0,-0.05468048727423233,0.09946750034211971,0.0,0.0,0,False,True,1764321187.4318428
