episode_index,steps,mean_reward_drift,mean_reward_progress,mean_reward_intrusion,mean_reward_path_efficiency,sum_reward_drift,sum_reward_progress,sum_reward_intrusion,sum_reward_path_efficiency,total_intrusions,terminated_waypoint,truncated,finished_at
1,121,-0.006178406610694886,0.017116555784322574,-2.1818181818181817,0.0,-0.7475871998940812,2.0711032499030315,-264.0,0.0,22,False,True,1764321071.0198026
2,121,-0.009519017677901684,-0.002360805692488061,0.0,0.0,-1.1518011390261038,-0.28565748879105535,0.0,0.0,0,False,True,1764321095.3246481
3,82,-0.003533286467883191,0.027537084575810868,-0.43902439024390244,0.0,-0.28972949036642165,2.258040935216491,-36.0,0.0,3,False,True,1764321116.03981
4,48,-0.013739277496830874,-0.01790247161917626,0.0,0.0,-0.659485319847882,-0.8593186377204604,0.0,0.0,0,False,True,1764321171.4269607
5,72,-0.004853269312036276,0.019327166117611393,-1.5,0.0,-0.3494353904666118,1.3915559604680203,-108.0,0.0,9,False,True,1764321195.1518166
