episode_index,steps,mean_reward_drift,mean_reward_progress,mean_reward_intrusion,mean_reward_path_efficiency,sum_reward_drift,sum_reward_progress,sum_reward_intrusion,sum_reward_path_efficiency,total_intrusions,terminated_waypoint,truncated,finished_at
1,32,-0.0069330454661880245,0.012040952114760521,-1.5,0.0,-0.22185745491801678,0.3853104676723367,-48.0,0.0,4,False,True,1764321060.5708096
2,16,-0.008067791623392242,0.0040917717275020405,0.0,0.0,-0.12908466597427587,0.06546834764003265,0.0,0.0,0,False,True,1764321082.7894497
3,92,-0.007531264962718184,0.010572968057474397,-0.391304347826087,0.0,-0.692876376570073,0.9727130612876445,-36.0,0.0,3,False,True,1764321117.1319213
4,65,-0.012190717225426093,-0.01046371383742887,0.0,0.0,-0.792396619652696,-0.6801413994328765,0.0,0.0,0,False,True,1764321173.921723
5,110,-0.01107146482672928,-0.010470320266187614,-1.309090909090909,0.0,-1.2178611309402207,-1.1517352292806375,-144.0,0.0,12,False,True,1764321199.6505973
