episode_index,steps,mean_reward_drift,mean_reward_progress,mean_reward_intrusion,mean_reward_path_efficiency,sum_reward_drift,sum_reward_progress,sum_reward_intrusion,sum_reward_path_efficiency,total_intrusions,terminated_waypoint,truncated,finished_at
1,126,-0.01345891217364027,-0.024546948730571696,-0.09523809523809523,0.0,-1.695822933878674,-3.092915540052034,-12.0,0.0,1,False,True,1764321071.7651563
2,56,-0.01217424228406355,-0.012373946148267551,-0.6428571428571429,0.0,-0.6817575679075588,-0.6929409843029829,-36.0,0.0,3,False,True,1764321087.3496728
3,128,-0.004612007793363463,0.0666675779762179,0.0,0.0,-0.5903369975505233,8.533449980955892,0.0,0.0,0,True,False,1764321157.6699047
4,94,-0.01435910708818371,-0.029625163195152713,-0.3829787234042553,0.0,-1.3497560662892687,-2.784765340344355,-36.0,0.0,3,False,True,1764321177.142109
5,104,-0.006872090591744564,0.015568927633549156,-1.6153846153846154,0.0,-0.7146974215414347,1.6191684738891121,-168.0,0.0,14,False,True,1764321198.956258
