episode_index,steps,mean_reward_drift,mean_reward_progress,mean_reward_intrusion,mean_reward_path_efficiency,sum_reward_drift,sum_reward_progress,sum_reward_intrusion,sum_reward_path_efficiency,total_intrusions,terminated_waypoint,truncated,finished_at
1,49,-0.014659480324489625,-0.024413195373249187,0.0,0.0,-0.7183145358999916,-1.1962465732892102,0.0,0.0,0,False,True,1764321062.3724709
2,128,-0.006080853406783784,0.012836764733216991,0.0,0.0,-0.7783492360683244,1.6431058858517749,0.0,0.0,0,False,True,1764321095.9889266
3,109,-0.008963178953569606,0.004762899141006675,-0.8807339449541285,0.0,-0.976986505939087,0.5191560063697276,-96.0,0.0,8,False,True,1764321155.708714
4,60,-0.005351191453507718,0.02283857693391433,-1.0,0.0,-0.3210714872104631,1.3703146160348598,-60.0,0.0,5,False,True,1764321173.0024295
5,133,-0.0042980396054990745,0.027976494798327547,-0.2706766917293233,0.0,-0.571639267531377,3.7208738081775636,-36.0,0.0,3,False,True,1764321203.033512
