episode_index,steps,mean_reward_drift,mean_reward_progress,mean_reward_intrusion,mean_reward_path_efficiency,sum_reward_drift,sum_reward_progress,sum_reward_intrusion,sum_reward_path_efficiency,total_intrusions,terminated_waypoint,truncated,finished_at
1,68,-0.014584192131033867,-0.03053183060215736,-0.5294117647058824,0.0,-0.991725064910303,-2.0761644809467006,-36.0,0.0,3,False,True,1764321064.2841253
2,72,-0.01425258442473608,-0.026541102053150585,0.0,0.0,-1.0261860785809978,-1.910959347826842,0.0,0.0,0,False,True,1764321089.3811753
3,31,-0.00933389135733592,-0.003624322778750208,0.0,0.0,-0.2893506320774135,-0.11235400614125646,0.0,0.0,0,False,True,1764321108.8167307
4,66,-0.006694498883589644,0.015959486295785124,-1.4545454545454546,0.0,-0.4418369263169165,1.0533260955218182,-96.0,0.0,8,False,True,1764321173.9488657
5,133,-0.0104946337877487,-0.008455056076059847,-0.9022556390977443,0.0,-1.395786293770577,-1.1245224581159596,-120.0,0.0,10,False,True,1764321203.0355136
