episode_index,steps,mean_reward_drift,mean_reward_progress,mean_reward_intrusion,mean_reward_path_efficiency,sum_reward_drift,sum_reward_progress,sum_reward_intrusion,sum_reward_path_efficiency,total_intrusions,terminated_waypoint,truncated,finished_at
1,162,-0.008939901683692363,0.002095522556908341,0.0,0.0,-1.4482640727581628,0.33947465421915124,0.0,0.0,0,False,True,1764321076.2625985
2,86,-0.010670080208034382,-0.011535704697363982,0.0,0.0,-0.9176268978909567,-0.9920706039733025,0.0,0.0,0,False,True,1764321091.147403
3,70,-0.012020436418144967,-0.014106146773364702,0.0,0.0,-0.8414305492701477,-0.9874302741355292,0.0,0.0,0,False,True,1764321114.482333
4,99,-0.008266897768565363,0.011735618404693046,-1.696969696969697,0.0,-0.8184228790879708,1.1618262220646116,-168.0,0.0,14,False,True,1764321177.9046092
5,49,-0.008246692547424378,0.008183418423368654,0.0,0.0,-0.4040879348237945,0.40098750274506406,0.0,0.0,0,False,True,1764321192.0258965
