episode_index,steps,mean_reward_drift,mean_reward_progress,mean_reward_intrusion,mean_reward_path_efficiency,sum_reward_drift,sum_reward_progress,sum_reward_intrusion,sum_reward_path_efficiency,total_intrusions,terminated_waypoint,truncated,finished_at
1,150,-0.009997074624221816,-0.006931453194137601,-0.24,0.0,-1.4995611936332724,-1.0397179791206401,-36.0,0.0,3,False,True,1764321074.6758318
2,67,-0.008091858550284273,0.007671205216859915,0.0,0.0,-0.5421545228690463,0.5139707495296143,0.0,0.0,0,False,True,1764321088.9072697
3,14,-0.003945732601711314,0.025084975344401968,0.0,0.0,-0.0552402564239584,0.35118965482162756,0.0,0.0,0,False,True,1764321106.6853974
4,81,-0.0055882747168713946,0.02020183654912695,-1.6296296296296295,0.0,-0.45265025206658294,1.636348760479283,-132.0,0.0,11,False,True,1764321175.7445235
5,76,-0.0055416006387036774,0.023732498368053197,0.0,0.0,-0.42116164854147947,1.8036698759720429,0.0,0.0,0,False,True,1764321195.5364065
