episode_index,steps,mean_reward_drift,mean_reward_progress,mean_reward_intrusion,mean_reward_path_efficiency,sum_reward_drift,sum_reward_progress,sum_reward_intrusion,sum_reward_path_efficiency,total_intrusions,terminated_waypoint,truncated,finished_at
1,29,-0.014592974450619271,-0.021630102175410768,0.0,0.0,-0.4231962590679589,-0.6272729630869123,0.0,0.0,0,False,True,1764321060.2454836
2,52,-0.005256858830339792,0.02296617877023483,-0.6923076923076923,0.0,-0.2733566591776692,1.1942412960522113,-36.0,0.0,3,False,True,1764321086.931621
3,60,-0.003680392366761305,0.029516927273895044,0.0,0.0,-0.2208235420056783,1.7710156364337026,0.0,0.0,0,False,True,1764321113.204169
4,108,-0.005262659259187974,0.02315818757809547,-1.0,0.0,-0.5683671999923012,2.501084258434311,-108.0,0.0,9,False,True,1764321179.026446
5,91,-0.009556370585951476,-0.0022166786642182556,-1.3186813186813187,0.0,-0.8696297233215843,-0.20171775844386125,-120.0,0.0,10,False,True,1764321197.334261
