episode_index,steps,mean_reward_drift,mean_reward_progress,mean_reward_intrusion,mean_reward_proximity,sum_reward_drift,sum_reward_progress,sum_reward_intrusion,sum_reward_proximity,total_intrusions,terminated_waypoint,truncated,finished_at
1,48,-0.0015628954170356856,0.0030045269166721106,0.0,0.0,-0.07501898001771291,0.14421729200026132,0.0,0.0,0,False,True,1762858280.4824226
2,37,-0.0021842678486842884,-0.00034319582561767744,0.0,0.0,-0.08081791040131867,-0.012698245547854065,0.0,0.0,0,False,True,1762858303.7663636
3,119,-0.0014795147951769446,0.002668799921523773,-0.025210084033613446,-0.006314184385861858,-0.1760622606260564,0.317587190661329,-3.0,-0.7513879419175611,1,True,False,1762858334.0143425
4,143,-0.0020769807347353103,0.0008053295224625444,-0.02097902097902098,-0.00749519169748369,-0.2970082450671494,0.11516212171214385,-3.0,-1.0718124127401676,1,False,True,1762858365.9963713
5,135,-0.002171985285418986,0.0015112521042611755,0.0,0.0,-0.2932180135315631,0.20401903407525868,0.0,0.0,0,False,True,1762858378.6622722
6,195,-0.0034548647013026507,-0.0043205000819442115,0.0,0.0,-0.6736986167540169,-0.8424975159791213,0.0,0.0,0,False,True,1762858396.5900846
7,125,-0.0026717728585904693,-0.0010633402194969422,0.0,-0.00010670172452203177,-0.33397160732380865,-0.13291752743711777,0.0,-0.013337715565253972,0,False,True,1762858430.1871169
8,400,-0.0021787403737538844,0.0006988253541934157,-0.0075,-0.001991143064224222,-0.8714961495015537,0.2795301416773663,-3.0,-0.7964572256896889,1,False,True,1762858462.2767599
