episode_index,steps,mean_reward_drift,mean_reward_progress,mean_reward_intrusion,mean_reward_proximity,sum_reward_drift,sum_reward_progress,sum_reward_intrusion,sum_reward_proximity,total_intrusions,terminated_waypoint,truncated,finished_at
1,308,-0.002611798519512401,-0.0011843735486112223,-0.00974025974025974,-0.009786785413092925,-0.8044339440098194,-0.36478705297225644,-3.0,-3.014329907232621,1,False,True,1762858294.738842
2,376,-0.002352241850596215,1.3333150330503636e-05,0.0,0.0,-0.8844429358241769,0.005013264524269367,0.0,0.0,0,False,True,1762858326.128828
3,62,-0.002347584293075634,-0.0008141931766353437,0.0,0.0,-0.1455502261706893,-0.05047997695139131,0.0,0.0,0,False,True,1762858330.1964605
4,57,-0.002518266643218939,-0.0014447273319905874,0.0,0.0,-0.14354119866347953,-0.08234945792346349,0.0,0.0,0,False,True,1762858360.0829363
5,152,-0.002760925122440484,-0.002852750832157505,0.0,-0.0021598574891014376,-0.41966061861095355,-0.43361812648794074,0.0,-0.32829833834341854,0,False,True,1762858379.7453637
6,373,-0.0022277769371978175,-0.0004515467518344657,0.0,0.0,-0.8309607975747859,-0.1684269384342557,0.0,0.0,0,False,True,1762858408.7330093
