episode_index,steps,mean_reward_drift,mean_reward_progress,mean_reward_intrusion,sum_reward_drift,sum_reward_progress,sum_reward_intrusion,total_intrusions,finished_at
1,31,-0.1978459405174588,0.0,-0.12903225806451613,-6.133224156041223,0.0,-4.0,4,1761056923.237148
2,12,-0.1143084361144945,0.0,0.0,-1.371701233373934,0.0,0.0,0,1761056923.6085455
3,1,-0.16625450882252985,1.0,0.0,-0.16625450882252985,1.0,0.0,0,1761056924.0874057
4,26,-0.14711438592719925,0.0,0.0,-3.8249740341071807,0.0,0.0,0,1761056925.2068038
5,3,-0.06994658593720834,0.3333333333333333,0.0,-0.20983975781162503,1.0,0.0,0,1761056925.3453715
6,46,-0.1404639699596782,0.0,0.0,-6.461342618145197,0.0,0.0,0,1761056961.2324975
7,20,-0.06245445401377414,0.0,0.0,-1.2490890802754828,0.0,0.0,0,1761056961.5642598
8,37,-0.13590196354087417,0.0,0.0,-5.0283726510123445,0.0,0.0,0,1761056963.0478477
