episode_index,steps,mean_reward_drift,mean_reward_progress,mean_reward_intrusion,sum_reward_drift,sum_reward_progress,sum_reward_intrusion,total_intrusions,finished_at
1,36,-0.08374465652231708,0.0,-0.1111111111111111,-3.014807634803415,0.0,-4.0,4,1761056923.312505
2,18,-0.17450538377061264,0.0,-0.05555555555555555,-3.141096907871028,0.0,-1.0,1,1761056923.6933088
3,38,-0.1713278790534353,0.0,-0.05263157894736842,-6.5104594040305415,0.0,-2.0,2,1761056924.6856942
