episode_index,steps,mean_reward_drift,mean_reward_progress,mean_reward_intrusion,sum_reward_drift,sum_reward_progress,sum_reward_intrusion,total_intrusions,finished_at
1,4,-0.05314957733861209,0.25,0.0,-0.21259830935444837,1.0,0.0,0,1761056922.7394688
2,15,-0.2169928779972731,0.0,0.0,-3.2548931699590966,0.0,0.0,0,1761056923.6527987
3,20,-0.18127848159696927,0.0,0.0,-3.6255696319393853,0.0,0.0,0,1761056924.4527338
4,7,-0.053161693098356215,0.0,0.0,-0.3721318516884935,0.0,0.0,0,1761056924.8695996
5,36,-0.11067023361702812,0.0,-0.2222222222222222,-3.984128410213012,0.0,-8.0,8,1761056925.7728493
