episode_index,steps,mean_reward_drift,mean_reward_progress,mean_reward_intrusion,sum_reward_drift,sum_reward_progress,sum_reward_intrusion,total_intrusions,finished_at
1,42,-0.1330723843059063,0.0,-0.023809523809523808,-5.5890401408480646,0.0,-1.0,1,1761056923.3906567
2,22,-0.1592276823351688,0.0,-0.045454545454545456,-3.503009011373713,0.0,-1.0,1,1761056923.742771
3,24,-0.09819251987814405,0.0,-0.125,-2.3566204770754573,0.0,-3.0,3,1761056924.510482
4,6,-0.1481539589147139,0.0,0.0,-0.8889237534882833,0.0,0.0,0,1761056924.847003
5,11,-0.16848024778131965,0.0,0.0,-1.8532827255945161,0.0,0.0,0,1761056925.4707413
6,15,-0.09976186162031933,0.0,0.0,-1.49642792430479,0.0,0.0,0,1761056925.988234
7,91,-0.1541311793524762,0.0,-0.03296703296703297,-14.025937321075334,0.0,-3.0,3,1761056962.472414
