episode_index,steps,mean_reward_drift,mean_reward_progress,mean_reward_intrusion,sum_reward_drift,sum_reward_progress,sum_reward_intrusion,total_intrusions,finished_at
1,11,-0.10165757155754297,0.0,0.0,-1.1182332871329728,0.0,0.0,0,1761056922.8353877
2,31,-0.12540971117492236,0.0,0.0,-3.887701046422593,0.0,0.0,0,1761056923.6606443
3,25,-0.19649380786956194,0.0,0.0,-4.912345196739048,0.0,0.0,0,1761056924.340741
4,32,-0.21955462923559196,0.0,0.0,-7.025748135538943,0.0,0.0,0,1761056925.270403
