episode_index,steps,mean_reward_drift,mean_reward_progress,mean_reward_intrusion,sum_reward_drift,sum_reward_progress,sum_reward_intrusion,total_intrusions,finished_at
1,38,-0.18615892109180338,0.0,-0.05263157894736842,-7.074039001488528,0.0,-2.0,2,1761056923.196619
2,28,-0.10622345139617195,0.0,0.0,-2.9742566390928147,0.0,0.0,0,1761056923.622545
3,31,-0.1072252780469668,0.0,0.0,-3.3239836194559707,0.0,0.0,0,1761056924.4201791
4,19,-0.236061852670988,0.0,0.0,-4.485175200748772,0.0,0.0,0,1761056925.094648
5,9,-0.09658469235729779,0.0,0.0,-0.8692622312156801,0.0,0.0,0,1761056925.478939
6,40,-0.15521780133485344,0.0,0.0,-6.208712053394137,0.0,0.0,0,1761056961.489532
