episode_index,steps,mean_reward_drift,mean_reward_progress,mean_reward_intrusion,mean_reward_proximity,sum_reward_drift,sum_reward_progress,sum_reward_intrusion,sum_reward_proximity,total_intrusions,terminated_waypoint,truncated,finished_at
1,153,-0.0029306047310114305,-0.0031833460584469314,0.0,-0.0022963179284234475,-0.44838252384474886,-0.4870519469423805,0.0,-0.3513366430487875,0,False,True,1762851835.692885
2,267,-0.0024303859365916824,-0.0010539869906815772,-0.02247191011235955,-0.00774913705349297,-0.6489130450699793,-0.2814145265119811,-6.0,-2.069019593282623,2,False,True,1762851934.6663804
3,257,-0.002304889280373651,0.00022105221593396075,-0.011673151750972763,-0.0053926960766554075,-0.5923565450560283,0.05681041949502791,-3.0,-1.3859228917004398,1,False,True,1762852106.1611536
