episode_index,steps,mean_reward_drift,mean_reward_progress,mean_reward_intrusion,mean_reward_path_efficiency,sum_reward_drift,sum_reward_progress,sum_reward_intrusion,sum_reward_path_efficiency,total_intrusions,terminated_waypoint,truncated,finished_at
1,30,-0.00607363197142254,0.020676121208345714,0.0,0.0,-0.1822089591426762,0.6202836362503714,0.0,0.0,0,False,True,1764321060.336946
2,27,-0.01009387813391618,-0.004472504712310525,0.0,0.0,-0.2725347096157369,-0.12075762723238417,0.0,0.0,0,False,True,1764321096.044607
3,62,-0.010506334579822302,-0.009244838584221319,-0.3870967741935484,0.0,-0.6513927439489827,-0.5731799922217218,-24.0,0.0,2,False,True,1764321163.8517454
4,104,-0.011677970143525436,-0.015040670897366989,-0.46153846153846156,0.0,-1.2145088949266454,-1.5642297733261668,-48.0,0.0,4,False,True,1764321197.3499115
5,61,-0.0086287167285543,0.003948286525325598,-0.7868852459016393,0.0,-0.5263517204418123,0.24084547804486145,-48.0,0.0,4,False,True,1764321211.258661
