episode_index,steps,mean_reward_drift,mean_reward_progress,mean_reward_intrusion,mean_reward_path_efficiency,sum_reward_drift,sum_reward_progress,sum_reward_intrusion,sum_reward_path_efficiency,total_intrusions,terminated_waypoint,truncated,finished_at
1,28,-0.002489432584890726,0.20748908161164034,0.0,0.0,-0.06970411237694032,5.8096942851259294,0.0,0.0,0,True,False,1764321060.019819
2,50,-0.012719251100176698,-0.00600055887624944,0.0,0.0,-0.6359625550088349,-0.300027943812472,0.0,0.0,0,False,True,1764321098.479019
3,50,-0.009082110221718405,-0.005139700543329795,0.0,0.0,-0.45410551108592023,-0.25698502716648974,0.0,0.0,0,False,True,1764321162.462514
4,50,-0.007942725441433053,0.011183383174044454,-0.96,0.0,-0.39713627207165264,0.5591691587022227,-48.0,0.0,4,False,True,1764321190.5499775
5,49,-0.012445677002416531,-0.021345838407551342,0.0,0.0,-0.60983817311841,-1.0459460819700157,0.0,0.0,0,False,True,1764321209.6934733
