episode_index,steps,mean_reward_drift,mean_reward_progress,mean_reward_intrusion,mean_reward_path_efficiency,sum_reward_drift,sum_reward_progress,sum_reward_intrusion,sum_reward_path_efficiency,total_intrusions,terminated_waypoint,truncated,finished_at
1,51,-0.008029772589665063,0.0035833940762777282,0.0,0.0,-0.4095184020729182,0.18275309789016414,0.0,0.0,0,False,True,1764321062.6062582
2,157,-0.010444152346308688,-0.0064781931273049,-0.3057324840764331,0.0,-1.639731918370464,-1.0170763209868694,-48.0,0.0,4,False,True,1764321111.3907475
3,77,-0.006031238140886644,0.017875297289104076,0.0,0.0,-0.46440533684827157,1.3763978912610138,0.0,0.0,0,False,True,1764321165.57894
4,132,-0.00600717048323779,0.01911967313386029,-1.0,0.0,-0.7929465037873883,2.5237968536695585,-132.0,0.0,11,False,True,1764321201.3904324
5,34,-0.00331351694847809,0.033914699877729854,-1.0588235294117647,0.0,-0.11265957624825507,1.153099795842815,-36.0,0.0,3,False,True,1764321207.8633237
