episode_index,steps,mean_reward_drift,mean_reward_progress,mean_reward_intrusion,mean_reward_path_efficiency,sum_reward_drift,sum_reward_progress,sum_reward_intrusion,sum_reward_path_efficiency,total_intrusions,terminated_waypoint,truncated,finished_at
1,164,-0.00862568396936963,0.004269085910505709,0.0,0.0,-1.4146121709766193,0.7001300893229362,0.0,0.0,0,False,True,1764321076.8215578
2,67,-0.0041325770973146755,0.024834777019420315,0.0,0.0,-0.2768826655200833,1.663930060301161,0.0,0.0,0,False,True,1764321100.198878
3,34,-0.006182435698603951,0.016985445099541797,0.0,0.0,-0.21020281375253433,0.5775051333844211,0.0,0.0,0,False,True,1764321160.756479
4,94,-0.00433418191262155,0.025474767583746994,-1.0212765957446808,0.0,-0.4074130997864257,2.3946281528722175,-96.0,0.0,8,False,True,1764321196.214776
5,38,-0.004110438180505459,0.1496816984120039,0.0,0.0,-0.15619665085920742,5.687904539656149,0.0,0.0,0,True,False,1764321208.5124784
