episode_index,steps,mean_reward_drift,mean_reward_progress,mean_reward_intrusion,mean_reward_path_efficiency,sum_reward_drift,sum_reward_progress,sum_reward_intrusion,sum_reward_path_efficiency,total_intrusions,terminated_waypoint,truncated,finished_at
1,74,-0.013194387651090782,-0.02442930451330894,-0.6486486486486487,0.0,-0.9763846861807178,-1.8077685339848615,-48.0,0.0,4,False,True,1764321064.9164262
2,125,-0.008058178586150872,0.007988394283325862,-0.096,0.0,-1.007272323268859,0.9985492854157327,-12.0,0.0,1,False,True,1764321107.2556965
3,51,-0.010368324704007018,-0.004421859893554866,0.0,0.0,-0.5287845599043579,-0.22551485457129816,0.0,0.0,0,False,True,1764321162.6939106
4,67,-0.00995953586008161,-0.005608421227155128,-0.5373134328358209,0.0,-0.6672889026254679,-0.37576422221939354,-36.0,0.0,3,False,True,1764321192.7391467
5,28,-0.0023382101626454595,0.21232633513149843,-1.2857142857142858,0.0,-0.06546988455407286,5.945137383681956,-36.0,0.0,3,True,False,1764321207.1123958
