episode_index,steps,mean_reward_drift,mean_reward_progress,mean_reward_intrusion,mean_reward_path_efficiency,sum_reward_drift,sum_reward_progress,sum_reward_intrusion,sum_reward_path_efficiency,total_intrusions,terminated_waypoint,truncated,finished_at
1,30,-0.01396551844217729,-0.019512301424384426,0.0,0.0,-0.4189655532653187,-0.5853690427315328,0.0,0.0,0,False,True,1764321060.336946
2,25,-0.0031505324063305297,0.02225316622046667,0.0,0.0,-0.07876331015826324,0.5563291555116667,0.0,0.0,0,False,True,1764321095.7508044
3,25,-0.006338254062005603,0.019943606813430062,0.0,0.0,-0.15845635155014007,0.4985901703357516,0.0,0.0,0,False,True,1764321159.6151414
4,148,-0.004545296870380072,0.020466119648338443,-0.24324324324324326,0.0,-0.6727039368162506,3.0289857079540896,-36.0,0.0,3,False,True,1764321203.4132848
