episode_index,steps,mean_reward_drift,mean_reward_progress,mean_reward_intrusion,mean_reward_path_efficiency,sum_reward_drift,sum_reward_progress,sum_reward_intrusion,sum_reward_path_efficiency,total_intrusions,terminated_waypoint,truncated,finished_at
1,87,-0.006246709431104294,0.014747144439112648,-0.6896551724137931,0.0,-0.5434637205060736,1.2830015662028003,-60.0,0.0,5,False,True,1764321066.345927
2,69,-0.013863482487845708,-0.026609481097173506,-0.5217391304347826,0.0,-0.9565802916613538,-1.8360541957049719,-36.0,0.0,3,False,True,1764321100.466974
3,58,-0.013302213025556819,-0.019902016798376547,-1.2413793103448276,0.0,-0.7715283554822955,-1.1543169743058397,-72.0,0.0,6,False,True,1764321163.4453213
4,103,-0.006503831204237889,0.016566735564502506,-1.6310679611650485,0.0,-0.6698946140365025,1.706373763143758,-168.0,0.0,14,False,True,1764321197.3194804
5,32,-0.004820633240995831,0.024827645677482454,0.0,0.0,-0.1542602637118666,0.7944846616794385,0.0,0.0,0,False,True,1764321207.767819
