episode_index,steps,mean_reward_drift,mean_reward_progress,mean_reward_intrusion,mean_reward_proximity,sum_reward_drift,sum_reward_progress,sum_reward_intrusion,sum_reward_proximity,total_intrusions,terminated_waypoint,truncated,finished_at
1,235,-0.002300224694620235,-0.0003722123728570456,0.0,0.0,-0.5405528032357553,-0.08746990762140572,0.0,0.0,0,False,True,1762616111.5484564
2,400,-0.0029300464236264854,-0.0024888973470798027,0.0,0.0,-1.1720185694505942,-0.995558938831921,0.0,0.0,0,False,True,1762616252.6282065
