episode_index,steps,mean_reward_drift,mean_reward_progress,mean_reward_intrusion,mean_reward_path_efficiency,mean_reward_boundary,mean_reward_step,mean_reward_proximity,sum_reward_drift,sum_reward_progress,sum_reward_intrusion,sum_reward_path_efficiency,sum_reward_boundary,sum_reward_step,sum_reward_proximity,total_intrusions,terminated_waypoint,terminated_collision,truncated,finished_at
1,33,-0.0026861350177608103,0.006264054950619773,0.0,0.0,-0.06060606060606061,-0.005000000000000002,0.0,-0.08864245558610674,0.2067138133704525,0.0,0.0,-2.0,-0.16500000000000006,0.0,0,False,False,True,1764586779.162122
2,167,-0.005837319121241437,-0.006234369675371708,0.0,0.0,-0.011976047904191617,-0.005000000000000004,0.036782096295524126,-0.9748322932473199,-1.0411397357870753,0.0,0.0,-2.0,-0.8350000000000006,6.142610081352529,0,False,False,True,1764586790.419038
