episode_index,steps,mean_reward_drift,mean_reward_progress,mean_reward_intrusion,sum_reward_drift,sum_reward_progress,sum_reward_intrusion,total_intrusions,finished_at
1,10,-0.010544446521211786,0.19078925631883642,0.0,-0.10544446521211787,1.907892563188364,0.0,0,1761128266.537712
2,19,-0.0062514195285142335,0.1234689288367162,0.0,-0.11877697104177043,2.345909647897608,0.0,0,1761128269.144873
3,6,-0.0035749725643370264,0.2935139327782594,0.0,-0.02144983538602216,1.7610835966695562,0.0,0,1761128270.106107
4,9,-0.00504138343055938,0.21094441610767672,0.0,-0.04537245087503442,1.8984997449690906,0.0,0,1761128272.911622
5,13,-0.008554528231185094,0.15702840203756616,0.0,-0.11120886700540622,2.04136922648836,0.0,0,1761128275.3108976
6,5,-0.0013164443540162618,0.3426562910121311,0.0,-0.006582221770081309,1.7132814550606554,0.0,0,1761128276.621335
7,10,-0.0056142101711852506,0.19405275987899998,0.0,-0.05614210171185251,1.9405275987899997,0.0,0,1761128279.2348475
8,20,-0.001429421387519171,0.12191937536407282,0.0,-0.02858842775038342,2.4383875072814565,0.0,0,1761128282.7238917
