episode_index,steps,mean_reward_drift,mean_reward_progress,mean_reward_intrusion,sum_reward_drift,sum_reward_progress,sum_reward_intrusion,total_intrusions,finished_at
1,4,-0.002128746630835696,0.4160998348117372,0.0,-0.008514986523342784,1.6643993392469487,0.0,0,1761128265.9001918
2,9,-0.01397691992155132,0.19992962827173388,0.0,-0.1257922792939619,1.799366654445605,0.0,0,1761128268.0626502
3,14,-0.0028252241477468893,0.15309282964854115,0.0,-0.03955313806845645,2.143299615079576,0.0,0,1761128270.9558644
4,11,-0.002776487898849234,0.18171205668904913,0.0,-0.030541366887341576,1.9988326235795404,0.0,0,1761128273.1334713
5,19,-0.009897820811978802,0.11991418040384366,0.0,-0.18805859542759723,2.2783694276730295,0.0,0,1761128275.9487607
