episode_index,steps,mean_reward_drift,mean_reward_progress,mean_reward_intrusion,mean_reward_path_efficiency,mean_reward_boundary,mean_reward_step,mean_reward_proximity,sum_reward_drift,sum_reward_progress,sum_reward_intrusion,sum_reward_path_efficiency,sum_reward_boundary,sum_reward_step,sum_reward_proximity,total_intrusions,terminated_waypoint,terminated_collision,truncated,finished_at
1,54,-0.0007045953207166949,0.05056817425638044,0.0,0.0,0.0,-0.005000000000000003,0.10280886530634756,-0.03804814731870152,2.7306814098445438,0.0,0.0,0.0,-0.27000000000000013,5.551678726542768,0,True,False,False,1764677737.1859384
2,59,-0.000809636972331697,0.04998227752147241,0.0,0.0,0.0,-0.005000000000000003,0.14514771317773525,-0.047768581367570125,2.948954373766872,0.0,0.0,0.0,-0.29500000000000015,8.56371507748638,0,True,False,False,1764677756.2169766
3,16,-0.0011306111588656497,0.13725352407572539,0.0,0.0,0.0,-0.005,0.0,-0.018089778541850395,2.196056385211606,0.0,0.0,0.0,-0.08,0.0,0,True,False,False,1764677769.3110254
4,53,-0.0005668113204729408,0.054948617659158525,0.0,0.0,0.0,-0.005000000000000003,0.0,-0.03004099998506586,2.912276735935402,0.0,0.0,0.0,-0.2650000000000001,0.0,0,True,False,False,1764677801.4890897
5,67,-0.0020949458684027707,0.03947632453920207,0.0,0.0,0.0,-0.005000000000000003,0.12468890345287845,-0.14036137318298564,2.644913744126539,0.0,0.0,0.0,-0.3350000000000002,8.354156531342856,0,True,False,False,1764677817.069971
