episode_index,steps,mean_reward_drift,mean_reward_progress,mean_reward_intrusion,mean_reward_path_efficiency,mean_reward_boundary,mean_reward_step,mean_reward_proximity,sum_reward_drift,sum_reward_progress,sum_reward_intrusion,sum_reward_path_efficiency,sum_reward_boundary,sum_reward_step,sum_reward_proximity,total_intrusions,terminated_waypoint,terminated_collision,truncated,finished_at
1,54,-0.0010210912154205234,0.05306680087079548,0.0,0.0,0.0,-0.005000000000000003,0.07681946848913483,-0.055138925632708266,2.865607247022956,0.0,0.0,0.0,-0.27000000000000013,4.148251298413281,0,True,False,False,1764677737.1859384
2,62,-0.0005855113465778429,0.049619274799511455,0.0,0.0,0.0,-0.005000000000000003,0.139708940779813,-0.036301703487826256,3.0763950375697102,0.0,0.0,0.0,-0.31000000000000016,8.661954328348406,0,True,False,False,1764677756.5720546
3,32,-0.0014357782919417344,0.0138711614120424,-0.46875,0.0,0.0,-0.005000000000000002,0.10279812506439329,-0.0459449053421355,0.4438771651853568,-15.0,0.0,0.0,-0.16000000000000006,3.289540002060585,1,False,True,False,1764677771.1860707
4,100,-0.0019726060449023735,0.03120117861254488,0.0,0.0,0.0,-0.005000000000000004,0.02721349061183227,-0.19726060449023733,3.1201178612544878,0.0,0.0,0.0,-0.5000000000000003,2.721349061183227,0,True,False,False,1764677806.7363882
