episode_index,steps,mean_reward_drift,mean_reward_progress,mean_reward_intrusion,mean_reward_path_efficiency,mean_reward_boundary,mean_reward_step,mean_reward_proximity,sum_reward_drift,sum_reward_progress,sum_reward_intrusion,sum_reward_path_efficiency,sum_reward_boundary,sum_reward_step,sum_reward_proximity,total_intrusions,terminated_waypoint,terminated_collision,truncated,finished_at
1,46,-0.00385378951983881,0.0015546475493045616,0.0,0.0,0.0,-0.005000000000000003,0.23303532934704602,-0.17727431791258524,0.07151378726800983,0.0,0.0,0.0,-0.23000000000000012,10.719625149964116,0,False,True,False,1764677736.2773824
2,89,-0.0008462074309829339,0.03934095866437737,0.0,0.0,0.0,-0.005000000000000004,0.05491863426261294,-0.07531246135748111,3.5013453211295857,0.0,0.0,0.0,-0.4450000000000003,4.887758449372551,0,True,False,False,1764677759.6611836
3,72,-0.0013532230654453253,0.03634367440103839,0.0,0.0,0.0,-0.005000000000000003,0.12290405457592739,-0.09743206071206342,2.6167445568747643,0.0,0.0,0.0,-0.3600000000000002,8.849091929466772,0,True,False,False,1764677775.7476263
4,85,-0.0018193326680028712,0.0327082555324802,0.0,0.0,0.0,-0.005000000000000003,0.06307329854074753,-0.15464327678024406,2.7802017202608167,0.0,0.0,0.0,-0.42500000000000027,5.36123037596354,0,True,False,False,1764677805.0838003
5,122,-0.0008311560050318187,0.028957122152248663,0.0,0.0,0.0,-0.005000000000000004,0.10894769146398124,-0.10140103261388188,3.532768902574337,0.0,0.0,0.0,-0.6100000000000004,13.291618358605712,0,True,False,False,1764677823.2117486
