episode_index,steps,mean_reward_drift,mean_reward_progress,mean_reward_intrusion,mean_reward_path_efficiency,mean_reward_boundary,mean_reward_step,mean_reward_proximity,sum_reward_drift,sum_reward_progress,sum_reward_intrusion,sum_reward_path_efficiency,sum_reward_boundary,sum_reward_step,sum_reward_proximity,total_intrusions,terminated_waypoint,terminated_collision,truncated,finished_at
1,3,-0.0008205070696484048,0.6728649407198996,0.0,0.0,0.0,-0.005,0.0,-0.0024615212089452144,2.0185948221596988,0.0,0.0,0.0,-0.015,0.0,0,True,False,False,1764677731.1836822
2,56,-0.0013712457746509407,0.04219674504126562,0.0,0.0,0.0,-0.005000000000000003,0.21931780133267195,-0.07678976338045268,2.3630177223108744,0.0,0.0,0.0,-0.28000000000000014,12.281796874629629,0,True,False,False,1764677755.8644867
3,79,-0.0005413535552836725,0.043122792180426486,0.0,0.0,0.0,-0.005000000000000003,0.1254718790689037,-0.042766930867410125,3.406700582253692,0.0,0.0,0.0,-0.39500000000000024,9.912278446443391,0,True,False,False,1764677776.5196605
4,42,-0.0006222772299859638,0.0642845688788165,0.0,0.0,0.0,-0.005000000000000003,0.0,-0.02613564365941048,2.6999518929102932,0.0,0.0,0.0,-0.2100000000000001,0.0,0,True,False,False,1764677800.2117805
5,47,-0.004858765284738688,0.0007352680397899248,-0.3191489361702128,0.0,0.0,-0.005000000000000003,0.27600989635678214,-0.2283619683827183,0.034557597870126466,-15.0,0.0,0.0,-0.23500000000000013,12.97246512876876,1,False,True,False,1764677814.7715154
