episode_index,steps,mean_reward_drift,mean_reward_progress,mean_reward_intrusion,mean_reward_path_efficiency,mean_reward_boundary,mean_reward_step,mean_reward_proximity,sum_reward_drift,sum_reward_progress,sum_reward_intrusion,sum_reward_path_efficiency,sum_reward_boundary,sum_reward_step,sum_reward_proximity,total_intrusions,terminated_waypoint,terminated_collision,truncated,finished_at
1,56,-0.000693124117167658,0.049451977535578076,0.0,0.0,0.0,-0.005000000000000003,0.1596616381815228,-0.038814950561388846,2.7693107419923724,0.0,0.0,0.0,-0.28000000000000014,8.941051738165276,0,True,False,False,1764677737.4077978
2,137,-0.0014190554101070215,0.02648165214460606,0.0,0.0,0.0,-0.005000000000000004,0.20115694440332707,-0.19441059118466195,3.6279863438110302,0.0,0.0,0.0,-0.6850000000000005,27.55850138325581,0,True,False,False,1764677765.0067027
3,18,-0.0012539184311945257,0.12363319702335401,0.0,0.0,0.0,-0.005000000000000001,0.14047379703334179,-0.022570531761501464,2.225397546420372,0.0,0.0,0.0,-0.09000000000000001,2.5285283466001522,0,True,False,False,1764677769.5462668
4,60,-0.0007633367459056878,0.050305757517783,0.0,0.0,0.0,-0.005000000000000003,0.0,-0.04580020475434127,3.01834545106698,0.0,0.0,0.0,-0.30000000000000016,0.0,0,True,False,False,1764677802.2878356
5,33,-0.0006958950534313846,0.07655099874200569,0.0,0.0,0.0,-0.005000000000000002,0.0,-0.022964536763235694,2.5261829584861877,0.0,0.0,0.0,-0.16500000000000006,0.0,0,True,False,False,1764677813.1216571
