episode_index,steps,mean_reward_drift,mean_reward_progress,mean_reward_intrusion,mean_reward_path_efficiency,mean_reward_boundary,mean_reward_step,mean_reward_proximity,sum_reward_drift,sum_reward_progress,sum_reward_intrusion,sum_reward_path_efficiency,sum_reward_boundary,sum_reward_step,sum_reward_proximity,total_intrusions,terminated_waypoint,terminated_collision,truncated,finished_at
1,59,-0.0005774342668140153,0.0512380382248217,0.0,0.0,0.0,-0.005000000000000003,0.04014638208729217,-0.0340686217420269,3.0230442552644803,0.0,0.0,0.0,-0.29500000000000015,2.368636543150238,0,True,False,False,1764677737.7396708
2,118,-0.0013551109599201088,0.027070755692239067,0.0,0.0,0.0,-0.005000000000000004,0.15857005244267683,-0.15990309327057284,3.19434917168421,0.0,0.0,0.0,-0.5900000000000004,18.711266188235864,0,True,False,False,1764677762.9124084
3,63,-0.005150058964299335,4.202856607071935e-05,-0.23809523809523808,0.0,0.0,-0.005000000000000003,0.6517233513232156,-0.3244537147508581,0.002647799662455319,-15.0,0.0,0.0,-0.31500000000000017,41.058571133362584,1,False,True,False,1764677774.7405684
4,81,-0.000496026087320188,0.04262507590863929,0.0,0.0,0.0,-0.005000000000000003,0.0,-0.04017811307293523,3.4526311485997825,0.0,0.0,0.0,-0.40500000000000025,0.0,0,True,False,False,1764677804.6497884
5,47,-0.0011519748427634324,0.013883797546357131,0.0,0.0,0.0,-0.005000000000000003,0.09573570102344936,-0.05414281760988133,0.6525384846787852,0.0,0.0,0.0,-0.23500000000000013,4.49957794810212,0,False,True,False,1764677814.7715154
