episode_index,steps,mean_reward_drift,mean_reward_progress,mean_reward_intrusion,mean_reward_path_efficiency,mean_reward_boundary,mean_reward_step,mean_reward_proximity,sum_reward_drift,sum_reward_progress,sum_reward_intrusion,sum_reward_path_efficiency,sum_reward_boundary,sum_reward_step,sum_reward_proximity,total_intrusions,terminated_waypoint,terminated_collision,truncated,finished_at
1,49,-0.0008602746298159181,0.01666469124009638,0.0,0.0,-0.04081632653061224,-0.005000000000000003,0.01780919379527904,-0.04215345686097999,0.8165698707647225,0.0,0.0,-2.0,-0.24500000000000013,0.8726504959686731,0,False,False,True,1764677736.6196582
2,99,-0.0017742545193963248,0.032256469470958865,0.0,0.0,0.0,-0.005000000000000004,0.0824232177354137,-0.17565119742023616,3.1933904776249276,0.0,0.0,0.0,-0.49500000000000033,8.159898555805956,0,True,False,False,1764677760.797465
3,73,-0.0006821071490882556,0.039769574441745774,0.0,0.0,0.0,-0.005000000000000003,0.033392890772908586,-0.049793821883442654,2.9031789342474417,0.0,0.0,0.0,-0.3650000000000002,2.437681026422327,0,True,False,False,1764677775.859768
4,40,-0.0006348489966732684,0.06653352678558862,0.0,0.0,0.0,-0.005000000000000003,0.0,-0.025393959866930736,2.6613410714235446,0.0,0.0,0.0,-0.2000000000000001,0.0,0,True,False,False,1764677799.973776
5,55,-0.0007901724636641739,0.05287996815599881,0.0,0.0,0.0,-0.005000000000000003,0.18266253092169635,-0.04345948550152957,2.9083982485799345,0.0,0.0,0.0,-0.27500000000000013,10.0464392006933,0,True,False,False,1764677815.6960351
