episode_index,steps,mean_reward_drift,mean_reward_progress,mean_reward_intrusion,mean_reward_path_efficiency,mean_reward_boundary,mean_reward_step,mean_reward_proximity,sum_reward_drift,sum_reward_progress,sum_reward_intrusion,sum_reward_path_efficiency,sum_reward_boundary,sum_reward_step,sum_reward_proximity,total_intrusions,terminated_waypoint,terminated_collision,truncated,finished_at
1,24,-0.001004751178090311,0.09071019957792709,0.0,0.0,0.0,-0.005000000000000002,0.0,-0.024114028274167466,2.17704478987025,0.0,0.0,0.0,-0.12000000000000004,0.0,0,True,False,False,1764677733.6925027
2,14,-0.0012566508558244493,0.15417606330061698,0.0,0.0,0.0,-0.004999999999999999,0.0011686209384095952,-0.01759311198154229,2.1584648862086375,0.0,0.0,0.0,-0.06999999999999999,0.016360693137734333,0,True,False,False,1764677750.873706
3,107,-0.0008082895944179269,0.02996834020095821,0.0,0.0,0.0,-0.005000000000000004,0.3378808432689019,-0.08648698660271818,3.206612401502529,0.0,0.0,0.0,-0.5350000000000004,36.1532502297725,0,True,False,False,1764677779.5818071
4,36,-0.0006654239636125937,0.0717813087693854,0.0,0.0,0.0,-0.005000000000000002,0.0,-0.023955262690053374,2.5841271156978745,0.0,0.0,0.0,-0.18000000000000008,0.0,0,True,False,False,1764677799.5014489
5,83,-0.0007584655111296547,0.03725922920728081,0.0,0.0,0.0,-0.005000000000000003,0.05714820343912129,-0.06295263742376134,3.092516024204307,0.0,0.0,0.0,-0.41500000000000026,4.743300885447067,0,True,False,False,1764677818.8888586
