episode_index,steps,mean_reward_drift,mean_reward_progress,mean_reward_intrusion,mean_reward_path_efficiency,mean_reward_boundary,mean_reward_step,mean_reward_proximity,sum_reward_drift,sum_reward_progress,sum_reward_intrusion,sum_reward_path_efficiency,sum_reward_boundary,sum_reward_step,sum_reward_proximity,total_intrusions,terminated_waypoint,terminated_collision,truncated,finished_at
1,36,-0.0006663221620413181,0.07178122575052599,0.0,0.0,0.0,-0.005000000000000002,0.09414925032284743,-0.023987597833487452,2.584124127018936,0.0,0.0,0.0,-0.18000000000000008,3.3893730116225074,0,True,False,False,1764677735.1122534
2,9,-0.0011325115833812746,0.01089050560795795,0.0,0.0,-0.2222222222222222,-0.005,0.0,-0.010192604250431472,0.09801455047162155,0.0,0.0,-2.0,-0.045,0.0,0,False,False,True,1764677750.280763
3,105,-0.0006372541116835425,0.03341321754796873,0.0,0.0,0.0,-0.005000000000000004,0.0863663793983665,-0.06691168172677196,3.5083878425367168,0.0,0.0,0.0,-0.5250000000000004,9.068469836828482,0,True,False,False,1764677779.3663592
4,98,-0.0005827164479789676,0.0382154311738123,0.0,0.0,0.0,-0.005000000000000004,0.016445855219588447,-0.05710621190193882,3.7451122550336056,0.0,0.0,0.0,-0.4900000000000003,1.611693811519668,0,True,False,False,1764677806.5146804
5,99,-0.0007431302518280861,0.03546738340378418,0.0,0.0,0.0,-0.005000000000000004,0.05005889539143229,-0.07356989493098053,3.511270956974634,0.0,0.0,0.0,-0.49500000000000033,4.9558306437517965,0,True,False,False,1764677820.6793025
