episode_index,steps,mean_reward_drift,mean_reward_progress,mean_reward_intrusion,mean_reward_path_efficiency,mean_reward_boundary,mean_reward_step,mean_reward_proximity,sum_reward_drift,sum_reward_progress,sum_reward_intrusion,sum_reward_path_efficiency,sum_reward_boundary,sum_reward_step,sum_reward_proximity,total_intrusions,terminated_waypoint,terminated_collision,truncated,finished_at
1,74,-0.0007098035365298987,0.03954474391522347,0.0,0.0,0.0,-0.005000000000000003,0.08429823511718042,-0.052525461703212505,2.9263110497265368,0.0,0.0,0.0,-0.3700000000000002,6.238069398671351,0,True,False,False,1764677739.4018624
2,73,-0.0010754800408654334,0.037604716112822754,0.0,0.0,0.0,-0.005000000000000003,0.14559204171413664,-0.07851004298317664,2.745144276236061,0.0,0.0,0.0,-0.3650000000000002,10.628219045131974,0,True,False,False,1764677757.8367624
3,32,-0.001716402492955813,0.012703155649793518,-0.46875,0.0,0.0,-0.005000000000000002,0.10682949355373537,-0.054924879774586016,0.4065009807933926,-15.0,0.0,0.0,-0.16000000000000006,3.418543793719532,1,False,True,False,1764677771.1860707
4,81,-0.0007553536358048774,0.034967086195602744,0.0,0.0,0.0,-0.005000000000000003,0.06275306399739007,-0.061183644500195075,2.832333981843822,0.0,0.0,0.0,-0.40500000000000025,5.082998183788596,0,True,False,False,1764677804.6497884
5,35,-0.0011331568760742027,0.015265087198320476,0.0,0.0,-0.05714285714285714,-0.005000000000000002,0.041762782291168025,-0.039660490662597095,0.5342780519412167,0.0,0.0,-2.0,-0.17500000000000007,1.4616973801908808,0,False,False,True,1764677813.3596048
