episode_index,steps,mean_reward_drift,mean_reward_progress,mean_reward_intrusion,mean_reward_path_efficiency,mean_reward_boundary,mean_reward_step,mean_reward_proximity,sum_reward_drift,sum_reward_progress,sum_reward_intrusion,sum_reward_path_efficiency,sum_reward_boundary,sum_reward_step,sum_reward_proximity,total_intrusions,terminated_waypoint,terminated_collision,truncated,finished_at
1,46,-0.0022219278868577975,0.010464119314458033,-0.32608695652173914,0.0,0.0,-0.005000000000000003,0.22020690571794552,-0.10220868279545868,0.48134948846506953,-15.0,0.0,0.0,-0.23000000000000012,10.129517663025494,1,False,True,False,1764677736.2773824
2,114,-0.0010440002678943996,0.028251978654588145,0.0,0.0,0.0,-0.005000000000000004,0.24163875416241687,-0.11901603053996154,3.2207255666230483,0.0,0.0,0.0,-0.5700000000000004,27.546817974515523,0,True,False,False,1764677762.4714463
3,133,-0.0007342342281736752,0.027785747645090498,0.0,0.0,0.0,-0.005000000000000004,0.2803446100297019,-0.0976531523470988,3.695504436797036,0.0,0.0,0.0,-0.6650000000000005,37.285833133950355,0,True,False,False,1764677782.3848238
4,61,-0.0006261402955759949,0.04838680011375849,0.0,0.0,0.0,-0.005000000000000003,0.07253716496900993,-0.03819455803013569,2.951594806939268,0.0,0.0,0.0,-0.30500000000000016,4.424767063109606,0,True,False,False,1764677802.401098
5,166,-0.002026653865567717,0.02214869317229989,0.0,0.0,0.0,-0.005000000000000004,0.11776037606977414,-0.336424541684241,3.6766830666017816,0.0,0.0,0.0,-0.8300000000000006,19.54822242758251,0,True,False,False,1764677827.969146
