episode_index,steps,mean_reward_drift,mean_reward_progress,mean_reward_intrusion,mean_reward_path_efficiency,mean_reward_boundary,mean_reward_step,mean_reward_proximity,sum_reward_drift,sum_reward_progress,sum_reward_intrusion,sum_reward_path_efficiency,sum_reward_boundary,sum_reward_step,sum_reward_proximity,total_intrusions,terminated_waypoint,terminated_collision,truncated,finished_at
1,72,-0.003297353205203216,0.002115630932436515,0.0,0.0,0.0,-0.005000000000000003,0.3082073437516759,-0.23740943077463153,0.15232542713542907,0.0,0.0,0.0,-0.3600000000000002,22.190928750120666,0,False,True,False,1764677739.1832235
2,148,-0.0014088468825983818,0.023857083836586686,0.0,0.0,0.0,-0.005000000000000004,0.1182149680385252,-0.2085093386245605,3.5308484078148297,0.0,0.0,0.0,-0.7400000000000005,17.49581526970173,0,True,False,False,1764677766.1924143
3,75,-0.0005614784575922819,0.04433595559106264,0.0,0.0,0.0,-0.005000000000000003,0.10032298016145566,-0.042110884319421144,3.325196669329698,0.0,0.0,0.0,-0.3750000000000002,7.524223512109175,0,True,False,False,1764677776.0812845
4,49,-0.0005843079589848438,0.05785884173841224,0.0,0.0,0.0,-0.005000000000000003,0.0,-0.028631089990257347,2.8350832451822,0.0,0.0,0.0,-0.24500000000000013,0.0,0,True,False,False,1764677801.0276983
5,82,-0.0008886675413721651,0.03939224717231082,0.0,0.0,0.0,-0.005000000000000003,0.20291453838046689,-0.07287073839251754,3.230164268129487,0.0,0.0,0.0,-0.41000000000000025,16.638992147198284,0,True,False,False,1764677818.7767587
