episode_index,steps,mean_reward_drift,mean_reward_progress,mean_reward_intrusion,mean_reward_path_efficiency,mean_reward_boundary,mean_reward_step,mean_reward_proximity,sum_reward_drift,sum_reward_progress,sum_reward_intrusion,sum_reward_path_efficiency,sum_reward_boundary,sum_reward_step,sum_reward_proximity,total_intrusions,terminated_waypoint,terminated_collision,truncated,finished_at
1,25,-0.0008078178045654459,0.09485913828675813,0.0,0.0,0.0,-0.005000000000000001,0.0,-0.020195445114136148,2.371478457168953,0.0,0.0,0.0,-0.12500000000000003,0.0,0,True,False,False,1764677733.8103552
2,108,-0.0012580239674667636,0.02923467313970913,0.0,0.0,0.0,-0.005000000000000004,0.02967496538067948,-0.13586658848641048,3.157344699088586,0.0,0.0,0.0,-0.5400000000000004,3.2048962611133835,0,True,False,False,1764677761.807749
3,97,-0.0007341114605201589,0.03791123344856706,0.0,0.0,0.0,-0.005000000000000004,0.04263916869202377,-0.07120881167045541,3.677389644511005,0.0,0.0,0.0,-0.4850000000000003,4.135999363126306,0,True,False,False,1764677778.4966214
4,72,-0.0005863202083308798,0.04392926817626243,0.0,0.0,0.0,-0.005000000000000003,0.06177059799318729,-0.042215054999823344,3.1629073086908948,0.0,0.0,0.0,-0.3600000000000002,4.447483055509485,0,True,False,False,1764677803.6375854
5,90,-0.0012055886967658417,0.035602226021966416,0.0,0.0,0.0,-0.005000000000000004,0.17597217266254714,-0.10850298270892575,3.204200341976977,0.0,0.0,0.0,-0.4500000000000003,15.837495539629243,0,True,False,False,1764677819.6761966
