episode_index,steps,mean_reward_drift,mean_reward_progress,mean_reward_intrusion,mean_reward_path_efficiency,mean_reward_boundary,mean_reward_step,mean_reward_proximity,sum_reward_drift,sum_reward_progress,sum_reward_intrusion,sum_reward_path_efficiency,sum_reward_boundary,sum_reward_step,sum_reward_proximity,total_intrusions,terminated_waypoint,terminated_collision,truncated,finished_at
1,31,-0.000982546964559221,0.07910559725983024,0.0,0.0,0.0,-0.005000000000000002,0.0,-0.030458955901335853,2.4522735150547375,0.0,0.0,0.0,-0.15500000000000005,0.0,0,True,False,False,1764677734.5198743
2,143,-0.002145086670723645,0.022585863151483473,0.0,0.0,0.0,-0.005000000000000004,0.16026709176336842,-0.3067473939134812,3.2297784306621367,0.0,0.0,0.0,-0.7150000000000005,22.918194122161683,0,True,False,False,1764677765.6540847
3,130,-0.0018184999407301538,0.024730660797313585,0.0,0.0,0.0,-0.005000000000000004,0.2885971416578055,-0.23640499229491999,3.214985903650766,0.0,0.0,0.0,-0.6500000000000005,37.517628415514714,0,True,False,False,1764677782.0666707
4,33,-0.0006941514725216803,0.07655203572305479,0.0,0.0,0.0,-0.005000000000000002,0.0,-0.02290699859321545,2.526217178860808,0.0,0.0,0.0,-0.16500000000000006,0.0,0,True,False,False,1764677799.1366715
5,34,-0.0006844206229051977,0.07486825717943246,0.0,0.0,0.0,-0.005000000000000002,8.457540920293987e-06,-0.023270301178776723,2.545520744100704,0.0,0.0,0.0,-0.17000000000000007,0.00028755639128999553,0,True,False,False,1764677813.2415807
