episode_index,steps,mean_reward_drift,mean_reward_progress,mean_reward_intrusion,mean_reward_proximity,sum_reward_drift,sum_reward_progress,sum_reward_intrusion,sum_reward_proximity,total_intrusions,terminated_waypoint,truncated,finished_at
1,163,-0.0032591880836905134,-0.0042284255475532224,0.0,-0.0014360886716420264,-0.5312476576415537,-0.6892333642511753,0.0,-0.2340824534776503,0,False,True,1762869444.510282
2,400,-0.0021653969753480736,-0.00034228253063646507,-0.0075,-0.0040979153519255015,-0.8661587901392294,-0.13691301225458602,-3.0,-1.6391661407702005,1,False,True,1762869478.5166035
3,196,-0.0019519287587765695,0.0014157876782671629,-0.015306122448979591,-0.006119398753591342,-0.3825780367202076,0.27749438494036394,-3.0,-1.199402155703903,1,False,True,1762869491.9161074
