episode_index,steps,mean_reward_drift,mean_reward_progress,mean_reward_intrusion,sum_reward_drift,sum_reward_progress,sum_reward_intrusion,total_intrusions,finished_at
1,12,-0.18134496467803682,0.0,0.0,-2.1761395761364417,0.0,0.0,0,1761054784.7092109
2,31,-0.07958733767687383,0.0,-0.03225806451612903,-2.467207467983089,0.0,-1.0,1,1761054785.4940484
3,21,-0.15648886921698701,0.0,0.0,-3.286266253556727,0.0,0.0,0,1761054785.9526749
4,9,-0.13697173650294528,0.0,0.0,-1.2327456285265075,0.0,0.0,0,1761054786.5086503
5,33,-0.16690006595595172,0.0,-0.030303030303030304,-5.507702176546407,0.0,-1.0,1,1761054787.7968843
6,36,-0.2181094948019573,0.0,-0.027777777777777776,-7.8519418128704626,0.0,-1.0,1,1761054823.33765
7,86,-0.13731313367121123,0.011627906976744186,-0.023255813953488372,-11.808929495724167,1.0,-2.0,2,1761054824.7329636
