episode_index,steps,mean_reward_drift,mean_reward_progress,mean_reward_intrusion,sum_reward_drift,sum_reward_progress,sum_reward_intrusion,total_intrusions,finished_at
1,15,-0.07809221568261479,0.0,0.0,-1.171383235239222,0.0,0.0,0,1761054784.7597113
2,3,-0.11472145599393534,0.0,0.0,-0.344164367981806,0.0,0.0,0,1761054785.0204136
3,6,-0.1425108006917749,0.0,0.0,-0.8550648041506494,0.0,0.0,0,1761054785.672324
4,62,-0.2009117479362747,0.0,-0.016129032258064516,-12.456528372049032,0.0,-1.0,1,1761054787.2534478
