episode_index,steps,mean_reward_drift,mean_reward_progress,mean_reward_intrusion,sum_reward_drift,sum_reward_progress,sum_reward_intrusion,total_intrusions,finished_at
1,25,-0.150452494263898,0.0,-0.04,-3.7613123565974504,0.0,-1.0,1,1761054784.9173586
2,33,-0.21459020204977147,0.0,0.0,-7.081476667642459,0.0,0.0,0,1761054785.5226777
3,38,-0.17791808183609406,0.0,-0.02631578947368421,-6.760887109771574,0.0,-1.0,1,1761054786.2340186
4,17,-0.2322010307487411,0.0,0.0,-3.947417522728599,0.0,0.0,0,1761054786.6449034
5,26,-0.18946838473059394,0.0,0.0,-4.926178002995442,0.0,0.0,0,1761054787.7172368
6,51,-0.15005789023059513,0.0,0.0,-7.652952401760352,0.0,0.0,0,1761054823.5209725
