episode_index,steps,mean_reward_drift,mean_reward_progress,mean_reward_intrusion,mean_reward_proximity,sum_reward_drift,sum_reward_progress,sum_reward_intrusion,sum_reward_proximity,total_intrusions,terminated_waypoint,truncated,finished_at
1,142,-0.002713007939165335,-0.002078237109428894,-0.02112676056338028,-0.005189552460490597,-0.38524712736147754,-0.29510966953890294,-3.0,-0.7369164493896648,1,False,True,1762531337.359509
2,101,-0.0024331141611070384,-0.0016038735314803574,0.0,-0.03155173408712545,-0.2457445302718109,-0.1619912266795161,0.0,-3.1867251427996703,0,False,True,1762531361.4169319
3,331,-0.0025102127222740057,-0.0007897022545763124,-0.027190332326283987,-0.013609863770776831,-0.830880411072696,-0.2613914462647594,-9.0,-4.504864908127131,3,False,True,1762531502.390512
4,224,-0.0029503916015809492,-0.002413641134196043,0.0,-0.005378563764978789,-0.6608877187541327,-0.5406556140599136,0.0,-1.2047982833552486,0,False,True,1762531587.0625181
