episode_index,steps,mean_reward_drift,mean_reward_progress,mean_reward_intrusion,mean_reward_proximity,sum_reward_drift,sum_reward_progress,sum_reward_intrusion,sum_reward_proximity,total_intrusions,terminated_waypoint,truncated,finished_at
1,144,-0.002657512514757668,-0.0019967950067138317,-0.020833333333333332,-0.01681062157585023,-0.38268180212510416,-0.2875384809667918,-3.0,-2.420729506922433,1,False,True,1762531337.4112315
2,110,-0.00289506734453798,-0.002863430449353575,0.0,-0.0031141018637472757,-0.3184574078991778,-0.3149773494288932,0.0,-0.3425512050122003,0,False,True,1762531381.3839533
3,50,-0.0013832180367746316,0.00122544938464207,0.0,0.0,-0.06916090183873158,0.0612724692321035,0.0,0.0,0,False,True,1762531497.6744
4,160,-0.0018432642584668515,-0.0021658607879032703,0.0,-0.0023244510726334023,-0.2949222813546962,-0.34653772606452327,0.0,-0.3719121716213444,0,False,True,1762531635.2622423
