episode_index,steps,mean_reward_drift,mean_reward_progress,mean_reward_intrusion,sum_reward_drift,sum_reward_progress,sum_reward_intrusion,total_intrusions,finished_at
1,132,-0.14569330251939044,0.0,0.0,-19.23151593255954,0.0,0.0,0,1761051076.6643639
2,41,-0.1628794661533139,0.0,-0.024390243902439025,-6.6780581122858695,0.0,-1.0,1,1761051077.3515525
3,17,-0.1071602073507346,0.0,0.0,-1.8217235249624881,0.0,0.0,0,1761051077.644339
4,21,-0.09782015587363768,0.0,0.0,-2.054223273346391,0.0,0.0,0,1761051113.395285
5,14,-0.15243026723320827,0.0,0.0,-2.1340237412649157,0.0,0.0,0,1761051114.0590727
6,10,-0.179964081652982,0.0,0.0,-1.7996408165298199,0.0,0.0,0,1761051114.9576979
7,43,-0.12114927086372627,0.0,0.0,-5.20941864714023,0.0,0.0,0,1761051148.1774392
