episode_index,steps,mean_reward_drift,mean_reward_progress,mean_reward_intrusion,sum_reward_drift,sum_reward_progress,sum_reward_intrusion,total_intrusions,finished_at
1,13,-0.18264490673785214,0.0,0.0,-2.3743837875920777,0.0,0.0,0,1761051075.0061622
2,24,-0.15151187532869625,0.0,0.0,-3.63628500788871,0.0,0.0,0,1761051077.1114185
3,34,-0.18254972993016436,0.0,-0.058823529411764705,-6.206690817625588,0.0,-2.0,2,1761051077.8714783
4,17,-0.07431228415519364,0.0,0.0,-1.2633088306382918,0.0,0.0,0,1761051113.3263137
5,24,-0.0767438968555247,0.041666666666666664,0.0,-1.8418535245325929,1.0,0.0,0,1761051114.203954
6,11,-0.12284639245571906,0.0,-0.18181818181818182,-1.3513103170129097,0.0,-2.0,2,1761051114.9716253
7,27,-0.22260315963558203,0.0,0.0,-6.0102853101607145,0.0,0.0,0,1761051147.9406435
8,116,-0.13013164183656725,0.0,0.0,-15.095270453041802,0.0,0.0,0,1761051149.89994
9,35,-0.09718804841657981,0.0,0.0,-3.4015816945802935,0.0,0.0,0,1761051150.4987504
