episode_index,steps,mean_reward_drift,mean_reward_progress,mean_reward_intrusion,sum_reward_drift,sum_reward_progress,sum_reward_intrusion,total_intrusions,finished_at
1,22,-0.05985122239176777,0.0,0.0,-1.3167268926188909,0.0,0.0,0,1761051075.1519845
2,12,-0.24630223607032478,0.0,0.0,-2.9556268328438975,0.0,0.0,0,1761051076.899638
3,36,-0.12573004912680025,0.0,0.0,-4.526281768564809,0.0,0.0,0,1761051077.8895895
4,25,-0.08165314430793201,0.0,0.0,-2.0413286076983,0.0,0.0,0,1761051113.451891
5,50,-0.11443963491336906,0.0,0.0,-5.721981745668453,0.0,0.0,0,1761051114.5779655
6,43,-0.13256475423866199,0.0,0.0,-5.700284432262465,0.0,0.0,0,1761051115.412597
