episode_index,steps,mean_reward_drift,mean_reward_progress,mean_reward_intrusion,sum_reward_drift,sum_reward_progress,sum_reward_intrusion,total_intrusions,finished_at
1,99,-0.1653676217203802,0.0,0.0,-16.37139455031764,0.0,0.0,0,1761051076.275499
2,26,-0.16241275482584813,0.0,-0.15384615384615385,-4.2227316254720515,0.0,-4.0,4,1761051077.1459858
3,7,-0.22434918678715787,0.0,0.0,-1.570444307510105,0.0,0.0,0,1761051077.506178
4,53,-0.1472472132303481,0.0,0.0,-7.804102301208449,0.0,0.0,0,1761051113.8021095
