episode_index,steps,mean_reward_drift,mean_reward_progress,mean_reward_intrusion,sum_reward_drift,sum_reward_progress,sum_reward_intrusion,total_intrusions,finished_at
1,40,-0.19640421581691184,0.0,0.0,-7.856168632676473,0.0,0.0,0,1761051075.4017866
2,29,-0.19356929964600086,0.0,-0.13793103448275862,-5.613509689734025,0.0,-4.0,4,1761051077.1839738
3,70,-0.17508036698971557,0.0,0.0,-12.255625689280091,0.0,0.0,0,1761051112.9926283
