episode_index,steps,mean_reward_drift,mean_reward_progress,mean_reward_intrusion,sum_reward_drift,sum_reward_progress,sum_reward_intrusion,finished_at
1,54,-0.16717920836913686,0.0,0.0,-9.02767725193339,0.0,0.0,1761043112.4145129
2,18,-0.102473644564093,0.0,0.0,-1.844525602153674,0.0,0.0,1761043113.5236163
3,6,-0.1233548438946836,0.0,0.0,-0.7401290633681016,0.0,0.0,1761043114.0901012
4,23,-0.059412133970396554,0.0,0.0,-1.3664790813191208,0.0,0.0,1761043150.3062103
5,44,-0.12567451372477542,0.0,0.0,-5.529678603890119,0.0,0.0,1761043151.493663
6,67,-0.12835683277447688,0.0,-0.014925373134328358,-8.599907795889951,0.0,-1.0,1761043152.6277573
7,17,-0.15461683836214857,0.0,-0.35294117647058826,-2.6284862521565255,0.0,-6.0,1761043184.5911975
8,106,-0.13807572752849942,0.0,-0.009433962264150943,-14.63602711802094,0.0,-1.0,1761043187.0185037
