episode_index,steps,mean_reward_drift,mean_reward_progress,mean_reward_intrusion,sum_reward_drift,sum_reward_progress,sum_reward_intrusion,finished_at
1,116,-0.15084790312879923,0.0,0.0,-17.49835676294071,0.0,0.0,1761043113.1813748
2,25,-0.19237844571882293,0.0,0.0,-4.809461142970573,0.0,0.0,1761043113.6582546
3,11,-0.2048256012195302,0.0,0.0,-2.253081613414832,0.0,0.0,1761043114.154539
4,33,-0.232769796069935,0.0,-0.12121212121212122,-7.681403270307855,0.0,-4.0,1761043150.4558752
5,38,-0.11442289965760227,0.0,0.0,-4.3480701869888865,0.0,0.0,1761043151.4141364
6,28,-0.2299341203872829,0.0,-0.25,-6.438155370843921,0.0,-7.0,1761043152.073786
7,37,-0.07359334037263517,0.0,-0.02702702702702703,-2.7229535937875013,0.0,-1.0,1761043184.9200535
8,47,-0.14216262060891074,0.0,0.0,-6.6816431686188045,0.0,0.0,1761043186.2407925
9,86,-0.16764008957742726,0.0,0.0,-14.417047703658746,0.0,0.0,1761043221.9427917
