episode_index,steps,mean_reward_drift,mean_reward_progress,mean_reward_intrusion,sum_reward_drift,sum_reward_progress,sum_reward_intrusion,finished_at
1,45,-0.16363998996291612,0.0,0.0,-7.363799548331225,0.0,0.0,1761043112.298044
2,12,-0.1413827387292389,0.0,0.0,-1.6965928647508668,0.0,0.0,1761043113.4234357
3,30,-0.07738987130755409,0.0,-0.03333333333333333,-2.321696139226623,0.0,-1.0,1761043114.395604
4,25,-0.17893171074784422,0.0,0.0,-4.473292768696106,0.0,0.0,1761043150.3362532
5,14,-0.17116411266843087,0.0,0.0,-2.396297577358032,0.0,0.0,1761043150.981567
6,49,-0.08409477746825253,0.0,0.0,-4.120644095944374,0.0,0.0,1761043152.4145825
7,80,-0.13891610845110897,0.0,0.0,-11.113288676088716,0.0,0.0,1761043185.510081
