episode_index,steps,mean_reward_drift,mean_reward_progress,mean_reward_intrusion,sum_reward_drift,sum_reward_progress,sum_reward_intrusion,total_intrusions,finished_at
1,5,-0.0566330608819585,0.2,0.0,-0.2831653044097925,1.0,0.0,0,1761051074.8689485
2,8,-0.1677125839294799,0.0,0.0,-1.3417006714358393,0.0,0.0,0,1761051075.8946211
3,6,-0.0909862686971014,0.0,0.0,-0.5459176121826084,0.0,0.0,0,1761051076.5673108
4,13,-0.1807166335750327,0.0,0.0,-2.349316236475425,0.0,0.0,0,1761051077.344426
5,33,-0.20890233012358747,0.0,0.0,-6.893776894078386,0.0,0.0,0,1761051113.4458876
6,63,-0.13496622510939177,0.0,-0.031746031746031744,-8.502872181891682,0.0,-2.0,2,1761051114.4557471
