episode_index,steps,mean_reward_drift,mean_reward_progress,mean_reward_intrusion,sum_reward_drift,sum_reward_progress,sum_reward_intrusion,total_intrusions,finished_at
1,34,-0.18805170989164305,0.0,0.0,-6.3937581363158635,0.0,0.0,0,1761051075.3219566
2,43,-0.19014873487087822,0.0,0.0,-8.176395599447764,0.0,0.0,0,1761051076.420517
3,1,-0.062265242916397415,0.0,0.0,-0.062265242916397415,0.0,0.0,0,1761051076.4712315
4,82,-0.14168182154180242,0.0,0.0,-11.617909366427797,0.0,0.0,0,1761051112.9310682
