episode_index,steps,mean_reward_drift,mean_reward_progress,mean_reward_intrusion,sum_reward_drift,sum_reward_progress,sum_reward_intrusion,total_intrusions,finished_at
1,19,-0.09080713911236839,0.0,0.0,-1.7253356431349993,0.0,0.0,0,1761051075.0980692
2,24,-0.16589981072429477,0.0,0.0,-3.9815954573830745,0.0,0.0,0,1761051076.1618245
3,46,-0.1663247417918636,0.0,0.0,-7.650938122425726,0.0,0.0,0,1761051077.0863678
4,58,-0.15606100457301086,0.0,0.0,-9.05153826523463,0.0,0.0,0,1761051077.9370978
5,29,-0.15331045518218805,0.0,0.0,-4.446003200283454,0.0,0.0,0,1761051113.396552
6,4,-0.08728803451592604,0.25,0.0,-0.34915213806370415,1.0,0.0,0,1761051113.5327952
7,42,-0.1314686052327735,0.0,0.0,-5.521681419776487,0.0,0.0,0,1761051115.119549
