episode_index,steps,mean_reward_drift,mean_reward_progress,mean_reward_intrusion,mean_reward_proximity,sum_reward_drift,sum_reward_progress,sum_reward_intrusion,sum_reward_proximity,total_intrusions,terminated_waypoint,truncated,finished_at
1,138,-0.0022192198031832874,0.0007605587337475231,0.0,0.0,-0.30625233283929365,0.10495710525715818,0.0,0.0,0,False,True,1762870867.204799
2,67,-0.0029299007089331705,-0.003690946158981825,0.0,0.0,-0.1963033474985224,-0.2472933926517823,0.0,0.0,0,False,True,1762870878.2314136
3,229,-0.0023666618469959113,-0.0004713482421360725,-0.013100436681222707,-0.005379377951384497,-0.5419655629620637,-0.1079387474491606,-3.0,-1.2318775508670496,1,False,True,1762870916.0008738
