episode_index,steps,mean_reward_drift,mean_reward_progress,mean_reward_intrusion,mean_reward_path_efficiency,mean_reward_boundary,mean_reward_step,mean_reward_proximity,sum_reward_drift,sum_reward_progress,sum_reward_intrusion,sum_reward_path_efficiency,sum_reward_boundary,sum_reward_step,sum_reward_proximity,total_intrusions,terminated_waypoint,terminated_collision,truncated,finished_at
1,38,-0.006371786635643991,-0.005945361172826921,0.0,0.0,0.0,-0.005000000000000002,0.0724348131419694,-0.24212789215447167,-0.225923724567423,0.0,0.0,0.0,-0.19000000000000009,2.752522899394837,0,False,True,False,1764700203.1202989
2,50,-0.004499197647456268,-0.0020568706084464106,0.0,0.0,-0.04,-0.005000000000000002,0.06029680817142007,-0.2249598823728134,-0.10284353042232053,0.0,0.0,-2.0,-0.2500000000000001,3.0148404085710037,0,False,False,True,1764700212.083658
3,26,-0.004875246971011453,-0.0012538793604876892,0.0,0.0,-0.07692307692307693,-0.005000000000000001,0.0,-0.1267564212462978,-0.03260086337267992,0.0,0.0,-2.0,-0.13000000000000003,0.0,0,False,False,True,1764700216.8116083
4,8,-0.0011196765921829871,0.008970813304175054,-1.875,0.0,0.0,-0.005,0.40944152739320727,-0.008957412737463897,0.07176650643340043,-15.0,0.0,0.0,-0.04,3.275532219145658,1,False,True,False,1764700224.562521
5,14,-0.002075795462734208,0.007613962064892859,0.0,0.0,0.0,-0.004999999999999999,0.1341106670012724,-0.02906113647827891,0.10659546890850002,0.0,0.0,0.0,-0.06999999999999999,1.8775493380178134,0,False,True,False,1764700234.602445
