episode_index,steps,mean_reward_drift,mean_reward_progress,mean_reward_intrusion,mean_reward_path_efficiency,mean_reward_boundary,mean_reward_step,mean_reward_proximity,sum_reward_drift,sum_reward_progress,sum_reward_intrusion,sum_reward_path_efficiency,sum_reward_boundary,sum_reward_step,sum_reward_proximity,total_intrusions,terminated_waypoint,terminated_collision,truncated,finished_at
1,54,-0.002774382779810078,0.006759534565682629,0.0,0.0,-0.037037037037037035,-0.005000000000000003,0.00177776052342131,-0.14981667010974423,0.365014866546862,0.0,0.0,-2.0,-0.27000000000000013,0.09599906826475074,0,False,False,True,1764700203.9706857
2,18,-0.002459539231472228,0.009797874758184836,-0.8333333333333334,0.0,0.0,-0.005000000000000001,0.1384930385026723,-0.0442717061665001,0.17636174564732704,-15.0,0.0,0.0,-0.09000000000000001,2.4928746930481016,1,False,True,False,1764700209.9644105
3,2,-0.001579205589682266,0.006496632691618265,-7.5,0.0,0.0,-0.005,0.782604939828063,-0.003158411179364532,0.01299326538323653,-15.0,0.0,0.0,-0.01,1.565209879656126,1,False,True,False,1764700214.969574
4,42,-0.004681257637989683,4.198201486470596e-06,0.0,0.0,-0.047619047619047616,-0.005000000000000003,0.00198446947393219,-0.1966128207955667,0.00017632446243176503,0.0,0.0,-2.0,-0.2100000000000001,0.08334771790515197,0,False,False,True,1764700226.5225813
5,24,-0.004212439309381811,-2.6836287591910923e-05,0.0,0.0,-0.08333333333333333,-0.005000000000000002,0.0,-0.10109854342516347,-0.0006440709022058622,0.0,0.0,-2.0,-0.12000000000000004,0.0,0,False,False,True,1764700235.7131314
