episode_index,steps,mean_reward_drift,mean_reward_progress,mean_reward_intrusion,mean_reward_path_efficiency,mean_reward_boundary,mean_reward_step,mean_reward_proximity,sum_reward_drift,sum_reward_progress,sum_reward_intrusion,sum_reward_path_efficiency,sum_reward_boundary,sum_reward_step,sum_reward_proximity,total_intrusions,terminated_waypoint,terminated_collision,truncated,finished_at
1,116,-0.0036359234977460094,0.004874845933397454,-1.5517241379310345,0.0,-0.017241379310344827,-0.005000000000000004,0.15154420000202437,-0.4217671257385371,0.5654821282741047,-180.0,0.0,-2.0,-0.5800000000000004,17.579127200234826,12,False,False,True,1764700207.0893235
2,7,-0.0013958667874469056,0.0074344480811148195,-2.142857142857143,0.0,0.0,-0.005,0.4057631203128875,-0.00977106751212834,0.052041136567803736,-15.0,0.0,0.0,-0.035,2.8403418421902127,1,False,True,False,1764700209.331075
3,70,-0.006139548257803617,-0.007946286116195793,0.0,0.0,-0.02857142857142857,-0.005000000000000003,0.19877881832073646,-0.4297683780462532,-0.5562400281337055,0.0,0.0,-2.0,-0.3500000000000002,13.914517282451552,0,False,False,True,1764700219.7892027
4,25,-0.0057705885148069845,-0.0018980748266546321,-0.6,0.0,0.0,-0.005000000000000001,0.07783335350375284,-0.14426471287017462,-0.0474518706663658,-15.0,0.0,0.0,-0.12500000000000003,1.945833837593821,1,False,True,False,1764700225.5834372
5,3,-0.0017329810214287665,0.010041930529992213,-5.0,0.0,0.0,-0.005,0.7458252717076643,-0.0051989430642862995,0.030125791589976636,-15.0,0.0,0.0,-0.015,2.237475815122993,1,False,True,False,1764700233.0667534
