episode_index,steps,mean_reward_drift,mean_reward_progress,mean_reward_intrusion,mean_reward_path_efficiency,mean_reward_boundary,mean_reward_step,mean_reward_proximity,sum_reward_drift,sum_reward_progress,sum_reward_intrusion,sum_reward_path_efficiency,sum_reward_boundary,sum_reward_step,sum_reward_proximity,total_intrusions,terminated_waypoint,terminated_collision,truncated,finished_at
1,38,-0.003873155309199753,0.001855636108343033,0.0,0.0,0.0,-0.005000000000000002,0.0724348131419694,-0.1471799017495906,0.07051417211703526,0.0,0.0,0.0,-0.19000000000000009,2.752522899394837,0,False,True,False,1764700203.1202989
2,51,-0.00478450019768412,-0.0007445828565652013,0.0,0.0,-0.0392156862745098,-0.005000000000000002,0.0,-0.24400951008189012,-0.037973725684825266,0.0,0.0,-2.0,-0.2550000000000001,0.0,0,False,False,True,1764700212.1108427
3,26,-0.005145157803195708,0.0009161525367706271,0.0,0.0,0.0,-0.005000000000000001,0.0740508128285112,-0.1337741028830884,0.023819965956036304,0.0,0.0,0.0,-0.13000000000000003,1.925321133541291,0,False,True,False,1764700216.8116083
4,32,-0.002149275722495271,0.010359171512352251,0.0,0.0,0.0,-0.005000000000000002,0.06307054210275431,-0.06877682311984867,0.33149348839527204,0.0,0.0,0.0,-0.16000000000000006,2.018257347288138,0,False,True,False,1764700225.9054341
5,260,-0.005548600541004824,-0.003273850626692243,0.0,0.0,-0.007692307692307693,-0.0049999999999999776,0.030288925088193728,-1.4426361406612542,-0.8512011629399832,0.0,0.0,-2.0,-1.2999999999999943,7.875120522930369,0,False,False,True,1764700267.0264661
