episode_index,steps,mean_reward_drift,mean_reward_progress,mean_reward_intrusion,mean_reward_path_efficiency,mean_reward_boundary,mean_reward_step,mean_reward_proximity,sum_reward_drift,sum_reward_progress,sum_reward_intrusion,sum_reward_path_efficiency,sum_reward_boundary,sum_reward_step,sum_reward_proximity,total_intrusions,terminated_waypoint,terminated_collision,truncated,finished_at
1,40,-0.0036150705230649145,0.004551526756196119,-0.75,0.0,-0.05,-0.005000000000000003,0.21808698374723293,-0.14460282092259658,0.18206107024784476,-30.0,0.0,-2.0,-0.2000000000000001,8.723479349889317,2,False,False,True,1764700203.1674488
2,29,-0.004149978615036612,0.001611123959322514,-0.5172413793103449,0.0,0.0,-0.005000000000000002,0.06350159262448747,-0.12034937983606175,0.0467225948203529,-15.0,0.0,0.0,-0.14500000000000005,1.8415461861101368,1,False,True,False,1764700210.6330225
3,37,-0.005896047658992959,-0.0055294192814301065,0.0,0.0,-0.05405405405405406,-0.005000000000000002,0.0,-0.21815376338273948,-0.20458851341291395,0.0,0.0,-2.0,-0.18500000000000008,0.0,0,False,False,True,1764700217.569872
4,6,-0.0007268882758835076,0.010538850655604634,-2.5,0.0,0.0,-0.005,0.32642531196216645,-0.004361329655301046,0.0632331039336278,-15.0,0.0,0.0,-0.030000000000000002,1.9585518717729988,1,False,True,False,1764700224.4905488
5,59,-0.0011113117112471582,0.04945600262605307,0.0,0.0,0.0,-0.005000000000000003,0.03242158034213145,-0.06556739096358233,2.917904154937131,0.0,0.0,0.0,-0.29500000000000015,1.9128732401857553,0,True,False,False,1764700240.6308053
