episode_index,steps,mean_reward_drift,mean_reward_progress,mean_reward_intrusion,mean_reward_path_efficiency,mean_reward_boundary,mean_reward_step,mean_reward_proximity,sum_reward_drift,sum_reward_progress,sum_reward_intrusion,sum_reward_path_efficiency,sum_reward_boundary,sum_reward_step,sum_reward_proximity,total_intrusions,terminated_waypoint,terminated_collision,truncated,finished_at
1,34,-0.0028083082805832106,0.004098165325071255,-5.735294117647059,0.0,0.0,-0.005000000000000002,0.5170240796501681,-0.09548248153982916,0.13933762105242264,-195.0,0.0,0.0,-0.17000000000000007,17.578818708105715,13,False,True,False,1764700202.8388953
2,4,-0.002927813482882383,0.006460389058384225,-7.5,0.0,0.0,-0.005,0.6940149560897042,-0.011711253931529532,0.0258415562335369,-30.0,0.0,0.0,-0.02,2.776059824358817,2,False,True,False,1764700209.126378
3,30,-0.005760328850757046,-0.0020714166023703055,-0.5,0.0,0.0,-0.005000000000000002,0.19569525579871216,-0.17280986552271138,-0.062142498071109165,-15.0,0.0,0.0,-0.15000000000000005,5.870857673961365,1,False,True,False,1764700217.1267536
4,29,-0.001039192070227925,0.08153453133921325,0.0,0.0,0.0,-0.005000000000000002,0.1598666560322766,-0.030136570036609828,2.3645014088371843,0.0,0.0,0.0,-0.14500000000000005,4.636133024936021,0,True,False,False,1764700225.7615418
5,240,-0.0054824147010362045,-0.001138390987221478,-1.375,0.0,-0.008333333333333333,-0.004999999999999985,0.10122613503307057,-1.315779528248689,-0.2732138369331547,-330.0,0.0,-2.0,-1.1999999999999964,24.294272407936937,22,False,False,True,1764700263.8396018
