episode_index,steps,mean_reward_drift,mean_reward_progress,mean_reward_intrusion,mean_reward_path_efficiency,mean_reward_boundary,mean_reward_step,mean_reward_proximity,sum_reward_drift,sum_reward_progress,sum_reward_intrusion,sum_reward_path_efficiency,sum_reward_boundary,sum_reward_step,sum_reward_proximity,total_intrusions,terminated_waypoint,terminated_collision,truncated,finished_at
1,26,-0.004564769885318809,0.00022409212266434503,0.0,0.0,0.0,-0.005000000000000001,0.32077520697286704,-0.11868401701828905,0.00582639518927297,0.0,0.0,0.0,-0.13000000000000003,8.340155381294544,0,False,True,False,1764700202.3425372
2,34,-0.004778592449349554,-0.0012646251748955845,0.0,0.0,-0.058823529411764705,-0.005000000000000002,0.08522055809739928,-0.16247214327788484,-0.042997255946449875,0.0,0.0,-2.0,-0.17000000000000007,2.8974989753115756,0,False,False,True,1764700210.9991946
3,31,-0.007111811529730383,-0.009536810593540043,0.0,0.0,0.0,-0.005000000000000002,0.06554289390512766,-0.22046615742164186,-0.2956411283997413,0.0,0.0,0.0,-0.15500000000000005,2.0318297110589576,0,False,True,False,1764700217.1539512
4,31,-0.0031428464240039248,0.004242865552672238,-5.32258064516129,0.0,0.0,-0.005000000000000002,0.27525168330807875,-0.09742823914412167,0.1315288321328394,-165.0,0.0,0.0,-0.15500000000000005,8.53280218255044,11,False,True,False,1764700225.8869143
5,9,-0.0010969046270498663,0.013184552669496006,-1.6666666666666667,0.0,0.0,-0.005,0.23446106892776586,-0.009872141643448797,0.11866097402546405,-15.0,0.0,0.0,-0.045,2.1101496203498926,1,False,True,False,1764700233.928187
