episode_index,steps,mean_reward_drift,mean_reward_progress,mean_reward_intrusion,mean_reward_path_efficiency,mean_reward_boundary,mean_reward_step,mean_reward_proximity,sum_reward_drift,sum_reward_progress,sum_reward_intrusion,sum_reward_path_efficiency,sum_reward_boundary,sum_reward_step,sum_reward_proximity,total_intrusions,terminated_waypoint,terminated_collision,truncated,finished_at
1,33,-0.00584690275781479,-0.005981749663096967,-0.45454545454545453,0.0,0.0,-0.005000000000000002,0.050620520021046486,-0.1929477910078881,-0.1973977388821999,-15.0,0.0,0.0,-0.16500000000000006,1.6704771606945341,1,False,True,False,1764700202.8003473
2,12,-0.00248267885105361,0.006455400593592804,-1.25,0.0,0.0,-0.004999999999999999,0.1941080962766991,-0.029792146212643318,0.07746480712311365,-15.0,0.0,0.0,-0.05999999999999999,2.329297155320389,1,False,True,False,1764700209.59551
3,7,-0.0013321402841963584,0.01003435260106508,-2.142857142857143,0.0,0.0,-0.005,0.3173744825914736,-0.009324981989374509,0.07024046820745555,-15.0,0.0,0.0,-0.035,2.2216213781403154,1,False,True,False,1764700215.3602576
4,11,-0.0007566292015806786,0.011061375532692768,-1.3636363636363635,0.0,0.0,-0.004999999999999999,0.7152100011765726,-0.008322921217387464,0.12167513085962045,-15.0,0.0,0.0,-0.05499999999999999,7.8673100129422995,1,False,True,False,1764700224.748615
5,262,-0.005571430486123784,-0.002517466681277024,0.0,0.0,-0.007633587786259542,-0.0049999999999999776,0.004103022126751147,-1.4597147873644314,-0.6595762704945802,0.0,0.0,-2.0,-1.309999999999994,1.0749917972088006,0,False,False,True,1764700267.067638
