episode_index,steps,mean_reward_drift,mean_reward_progress,mean_reward_intrusion,mean_reward_path_efficiency,mean_reward_boundary,mean_reward_step,mean_reward_proximity,sum_reward_drift,sum_reward_progress,sum_reward_intrusion,sum_reward_path_efficiency,sum_reward_boundary,sum_reward_step,sum_reward_proximity,total_intrusions,terminated_waypoint,terminated_collision,truncated,finished_at
1,14,-0.00327123252782725,0.0031056472524513584,0.0,0.0,0.0,-0.004999999999999999,0.2447479434268604,-0.0457972553895815,0.04347906153431902,0.0,0.0,0.0,-0.06999999999999999,3.4264712079760455,0,False,True,False,1764700201.2957423
2,18,-0.001606226936563048,0.010629059186684922,0.0,0.0,0.0,-0.005000000000000001,0.1384930385026723,-0.028912084858134863,0.19132306536032861,0.0,0.0,0.0,-0.09000000000000001,2.4928746930481016,0,False,True,False,1764700209.9644105
3,38,-0.003316629536740733,0.005765973016093442,0.0,0.0,-0.05263157894736842,-0.005000000000000002,0.0014470801523499546,-0.12603192239614786,0.21910697461155082,0.0,0.0,-2.0,-0.19000000000000009,0.05498904578929827,0,False,False,True,1764700217.5879006
4,12,-0.0013845042799891507,0.010086440405190003,-1.25,0.0,0.0,-0.004999999999999999,0.15210879005780428,-0.01661405135986981,0.12103728486228005,-15.0,0.0,0.0,-0.05999999999999999,1.8253054806936513,1,False,True,False,1764700224.8526435
5,5,-0.000995665239678568,0.00815997543520457,-3.0,0.0,0.0,-0.005,0.5616901737009924,-0.00497832619839284,0.04079987717602285,-15.0,0.0,0.0,-0.025,2.808450868504962,1,False,True,False,1764700233.4409852
