episode_index,steps,mean_reward_drift,mean_reward_progress,mean_reward_intrusion,mean_reward_path_efficiency,mean_reward_boundary,mean_reward_step,mean_reward_proximity,sum_reward_drift,sum_reward_progress,sum_reward_intrusion,sum_reward_path_efficiency,sum_reward_boundary,sum_reward_step,sum_reward_proximity,total_intrusions,terminated_waypoint,terminated_collision,truncated,finished_at
1,5,-0.0006524824234504585,0.013241326174123592,-3.0,0.0,0.0,-0.005,0.4340301872406867,-0.0032624121172522926,0.06620663087061796,-15.0,0.0,0.0,-0.025,2.1701509362034335,1,False,True,False,1764700200.3963227
2,57,-0.004730287159730551,-0.0010022518547850097,0.0,0.0,-0.03508771929824561,-0.005000000000000003,0.08786263901637814,-0.2696263681046414,-0.05712835572274555,0.0,0.0,-2.0,-0.28500000000000014,5.008170423933554,0,False,False,True,1764700212.477773
3,7,-0.0034309374579202527,0.0034015181172926284,-2.142857142857143,0.0,0.0,-0.005,0.4320249571437156,-0.02401656220544177,0.023810626821048397,-15.0,0.0,0.0,-0.035,3.024174700006009,1,False,True,False,1764700215.3602576
4,93,-0.004604714366683656,0.002247101404872936,0.0,0.0,-0.021505376344086023,-0.005000000000000004,0.008921727167712726,-0.42823843610157997,0.20898043065318306,0.0,0.0,-2.0,-0.4650000000000003,0.8297206265972835,0,False,False,True,1764700229.8122222
5,3,-0.001214438097877253,0.008528056032242493,-5.0,0.0,0.0,-0.005,0.7458252717076643,-0.0036433142936317586,0.025584168096727478,-15.0,0.0,0.0,-0.015,2.237475815122993,1,False,True,False,1764700233.0667534
