episode_index,steps,mean_reward_drift,mean_reward_progress,mean_reward_intrusion,mean_reward_path_efficiency,mean_reward_boundary,mean_reward_step,mean_reward_proximity,sum_reward_drift,sum_reward_progress,sum_reward_intrusion,sum_reward_path_efficiency,sum_reward_boundary,sum_reward_step,sum_reward_proximity,total_intrusions,terminated_waypoint,terminated_collision,truncated,finished_at
1,26,-0.001678282341440451,0.013166409420017277,-0.5769230769230769,0.0,0.0,-0.005000000000000001,0.19083932201155412,-0.043635340877451724,0.3423266449204492,-15.0,0.0,0.0,-0.13000000000000003,4.961822372300407,1,False,True,False,1764700202.3425372
2,9,-0.003136771548289485,0.006450073007793742,-1.6666666666666667,0.0,0.0,-0.005,0.26341842952520533,-0.028230943934605367,0.058050657070143674,-15.0,0.0,0.0,-0.045,2.370765865726848,1,False,True,False,1764700209.4071329
3,97,-0.00613847614246567,-0.007441735997401978,-1.2371134020618557,0.0,-0.020618556701030927,-0.005000000000000004,0.12172862658738028,-0.59543218581917,-0.7218483917479919,-120.0,0.0,-2.0,-0.4850000000000003,11.807676778975887,8,False,False,True,1764700221.5091202
4,6,-0.001800196975056543,0.011599801188840186,-2.5,0.0,0.0,-0.005,0.32642531196216645,-0.010801181850339259,0.06959880713304112,-15.0,0.0,0.0,-0.030000000000000002,1.9585518717729988,1,False,True,False,1764700224.4905488
5,15,-0.001334503835038892,0.010938233508899184,-1.0,0.0,0.0,-0.005,0.12205235017880914,-0.02001755752558338,0.16407350263348774,-15.0,0.0,0.0,-0.075,1.830785252682137,1,False,True,False,1764700234.6260662
