episode_index,steps,mean_reward_drift,mean_reward_progress,mean_reward_intrusion,mean_reward_path_efficiency,mean_reward_boundary,mean_reward_step,mean_reward_proximity,sum_reward_drift,sum_reward_progress,sum_reward_intrusion,sum_reward_path_efficiency,sum_reward_boundary,sum_reward_step,sum_reward_proximity,total_intrusions,terminated_waypoint,terminated_collision,truncated,finished_at
1,14,-0.0034868485883819862,0.005151528869821398,-1.0714285714285714,0.0,0.0,-0.004999999999999999,0.24620844233156516,-0.04881588023734781,0.07212140417749957,-15.0,0.0,0.0,-0.06999999999999999,3.4469181926419123,1,False,True,False,1764700201.2957423
2,29,-0.002554241691784485,0.006802571786659761,-0.5172413793103449,0.0,0.0,-0.005000000000000002,0.06056927577270823,-0.07407300906175006,0.19727458181313307,-15.0,0.0,0.0,-0.14500000000000005,1.7565089974085386,1,False,True,False,1764700210.6330225
3,27,-0.004596793564443353,-0.0008808734898715282,0.0,0.0,-0.07407407407407407,-0.005000000000000001,0.0,-0.12411342623997054,-0.023783584226531262,0.0,0.0,-2.0,-0.13500000000000004,0.0,0,False,False,True,1764700216.9326665
4,27,-0.0026043859045061096,0.007805496095113512,-0.5555555555555556,0.0,0.0,-0.005000000000000001,0.4672165330429888,-0.07031841942166496,0.21074839456806482,-15.0,0.0,0.0,-0.13500000000000004,12.614846392160699,1,False,True,False,1764700225.7175868
5,14,-0.0012220631162803645,0.008248697654031825,0.0,0.0,0.0,-0.004999999999999999,0.1341106670012724,-0.017108883627925103,0.11548176715644554,0.0,0.0,0.0,-0.06999999999999999,1.8775493380178134,0,False,True,False,1764700234.6034334
