episode_index,steps,mean_reward_drift,mean_reward_progress,mean_reward_intrusion,mean_reward_path_efficiency,mean_reward_boundary,mean_reward_step,mean_reward_proximity,sum_reward_drift,sum_reward_progress,sum_reward_intrusion,sum_reward_path_efficiency,sum_reward_boundary,sum_reward_step,sum_reward_proximity,total_intrusions,terminated_waypoint,terminated_collision,truncated,finished_at
1,4,-0.0014208430156482537,0.007069063613684784,-3.75,0.0,0.0,-0.005,0.6216327232039307,-0.005683372062593015,0.028276254454739136,-15.0,0.0,0.0,-0.02,2.486530892815723,1,False,True,False,1764700200.2469544
2,62,-0.0008629114752396033,0.01713408740604874,-1.935483870967742,0.0,0.0,-0.005000000000000003,0.3322872870649198,-0.053500511464855405,1.0623134191750219,-120.0,0.0,0.0,-0.31000000000000016,20.601811798025025,8,False,True,False,1764700212.805939
3,97,-0.005947261817698486,-0.005234235836572557,-2.0103092783505154,0.0,-0.020618556701030927,-0.005000000000000004,0.2828102904540256,-0.5768843963167531,-0.507720876147538,-195.0,0.0,-2.0,-0.4850000000000003,27.432598174040486,13,False,False,True,1764700221.5091202
4,21,-0.0029109656180467147,0.0064701181537552,-0.7142857142857143,0.0,0.0,-0.005000000000000001,0.10154986274838455,-0.061130277978981004,0.1358724812288592,-15.0,0.0,0.0,-0.10500000000000002,2.1325471177160757,1,False,True,False,1764700225.3799589
5,28,-0.005695403065413556,-0.0029522337786889175,-0.5357142857142857,0.0,0.0,-0.005000000000000002,0.07585634056419067,-0.15947128583157955,-0.08266254580328969,-15.0,0.0,0.0,-0.14000000000000004,2.123977535797339,1,False,True,False,1764700236.1262226
