episode_index,steps,mean_reward_drift,mean_reward_progress,mean_reward_intrusion,mean_reward_path_efficiency,mean_reward_boundary,mean_reward_step,mean_reward_proximity,sum_reward_drift,sum_reward_progress,sum_reward_intrusion,sum_reward_path_efficiency,sum_reward_boundary,sum_reward_step,sum_reward_proximity,total_intrusions,terminated_waypoint,terminated_collision,truncated,finished_at
1,5,-0.0010162385608718833,0.01234437439603937,-3.0,0.0,0.0,-0.005,0.5753499948867875,-0.005081192804359416,0.06172187198019685,-15.0,0.0,0.0,-0.025,2.8767499744339373,1,False,True,False,1764700200.3963227
2,62,-0.005058619776580397,-0.0006594990990823183,0.0,0.0,0.0,-0.005000000000000003,0.09406106631557926,-0.3136344261479846,-0.040888944143103734,0.0,0.0,0.0,-0.31000000000000016,5.831786111565914,0,False,True,False,1764700212.805939
3,100,-0.005935289402601841,-0.0071722811673923135,-1.05,0.0,-0.02,-0.005000000000000004,0.19343621227101881,-0.5935289402601841,-0.7172281167392314,-105.0,0.0,-2.0,-0.5000000000000003,19.34362122710188,7,False,False,True,1764700221.6482084
4,132,-0.0030056269301816296,0.006469709400077646,0.0,0.0,0.0,-0.005000000000000004,0.32787895805873246,-0.3967427547839751,0.8540016408102493,0.0,0.0,0.0,-0.6600000000000005,43.28002246375269,0,False,True,False,1764700231.9729898
5,9,-0.0017933731130174598,0.005925858548241076,-1.6666666666666667,0.0,0.0,-0.005,0.29407863279211505,-0.016140358017157137,0.05333272693416968,-15.0,0.0,0.0,-0.045,2.6467076951290354,1,False,True,False,1764700233.92735
