episode_index,steps,mean_reward_drift,mean_reward_progress,mean_reward_intrusion,mean_reward_path_efficiency,mean_reward_boundary,mean_reward_step,mean_reward_proximity,sum_reward_drift,sum_reward_progress,sum_reward_intrusion,sum_reward_path_efficiency,sum_reward_boundary,sum_reward_step,sum_reward_proximity,total_intrusions,terminated_waypoint,terminated_collision,truncated,finished_at
1,4,-0.0024226038718866733,0.009336867464129373,-3.75,0.0,0.0,-0.005,0.6216327232039307,-0.009690415487546693,0.03734746985651749,-15.0,0.0,0.0,-0.02,2.486530892815723,1,False,True,False,1764700200.2469544
2,29,-0.006098878805269844,-0.005625603406653964,0.0,0.0,0.0,-0.005000000000000002,0.05711748104738195,-0.17686748535282548,-0.16314249879296494,0.0,0.0,0.0,-0.14500000000000005,1.6564069503740766,0,False,True,False,1764700210.6330225
3,7,-0.0009830101991073694,0.01052778964007455,-2.142857142857143,0.0,0.0,-0.005,0.2249824560211994,-0.006881071393751585,0.07369452748052185,-15.0,0.0,0.0,-0.035,1.5748771921483957,1,False,True,False,1764700215.3602576
4,34,-0.0070499370745550054,-0.01113959207227984,0.0,0.0,-0.058823529411764705,-0.005000000000000002,0.13635685367458886,-0.2396978605348702,-0.3787461304575146,0.0,0.0,-2.0,-0.17000000000000007,4.636133024936021,0,False,False,True,1764700225.995391
5,1,-0.001650674695971484,2.0,0.0,0.0,0.0,-0.005,0.0,-0.001650674695971484,2.0,0.0,0.0,0.0,-0.005,0.0,0,True,False,False,1764700232.9385908
