episode_index,steps,mean_reward_drift,mean_reward_progress,mean_reward_intrusion,mean_reward_path_efficiency,mean_reward_boundary,mean_reward_step,mean_reward_proximity,sum_reward_drift,sum_reward_progress,sum_reward_intrusion,sum_reward_path_efficiency,sum_reward_boundary,sum_reward_step,sum_reward_proximity,total_intrusions,terminated_waypoint,terminated_collision,truncated,finished_at
1,7,-0.003963259398242867,0.002209856991150822,-2.142857142857143,0.0,0.0,-0.005,0.31578876160631214,-0.02774281578770007,0.015468998938055756,-15.0,0.0,0.0,-0.035,2.210521331244185,1,False,True,False,1764700200.566494
2,12,-0.0030829201434376123,0.003929691990872823,-1.25,0.0,0.0,-0.004999999999999999,0.3923728932174387,-0.03699504172125135,0.04715630389047387,-15.0,0.0,0.0,-0.05999999999999999,4.708474718609264,1,False,True,False,1764700209.59551
3,21,-0.003156571685818524,0.003895699457450132,-0.7142857142857143,0.0,0.0,-0.005000000000000001,0.429956462790662,-0.066288005402189,0.08180968860645277,-15.0,0.0,0.0,-0.10500000000000002,9.029085718603902,1,False,True,False,1764700216.4181418
4,31,-0.0012490582975296022,0.014732985580292908,-0.4838709677419355,0.0,0.0,-0.005000000000000002,0.06962915549927048,-0.03872080722341767,0.45672255298908015,-15.0,0.0,0.0,-0.15500000000000005,2.158503820477385,1,False,True,False,1764700225.8869143
5,15,-0.0022795209390655156,0.006085849953530683,-1.0,0.0,0.0,-0.005,0.12205235017880914,-0.03419281408598274,0.09128774930296024,-15.0,0.0,0.0,-0.075,1.830785252682137,1,False,True,False,1764700234.6275916
