episode_index,steps,mean_reward_drift,mean_reward_progress,mean_reward_intrusion,mean_reward_path_efficiency,mean_reward_boundary,mean_reward_step,mean_reward_proximity,sum_reward_drift,sum_reward_progress,sum_reward_intrusion,sum_reward_path_efficiency,sum_reward_boundary,sum_reward_step,sum_reward_proximity,total_intrusions,terminated_waypoint,terminated_collision,truncated,finished_at
1,16,-0.002344391844018147,0.0075016801518564685,-0.9375,0.0,0.0,-0.005,0.15082240720018322,-0.03751026950429035,0.1200268824297035,-15.0,0.0,0.0,-0.08,2.4131585152029316,1,False,True,False,1764700201.3949196
2,14,-0.0014271766285466393,0.006590849919578645,0.0,0.0,0.0,-0.004999999999999999,0.15828102667950694,-0.01998047279965295,0.09227189887410103,0.0,0.0,0.0,-0.06999999999999999,2.215934373513097,0,False,True,False,1764700209.7397964
3,31,-0.004887160311152674,-0.0016472909068964256,0.0,0.0,0.0,-0.005000000000000002,0.10079473403123933,-0.1515019696457329,-0.05106601811378919,0.0,0.0,0.0,-0.15500000000000005,3.124636754968419,0,False,True,False,1764700217.1539512
4,148,-0.0051573702289765995,-0.002377287357879832,0.0,0.0,-0.013513513513513514,-0.005000000000000004,0.06953487364358052,-0.7632907938885367,-0.35183852896621515,0.0,0.0,-2.0,-0.7400000000000005,10.291161299249916,0,False,False,True,1764700232.8242295
