episode_index,steps,mean_reward_drift,mean_reward_progress,mean_reward_intrusion,mean_reward_path_efficiency,mean_reward_boundary,mean_reward_step,mean_reward_proximity,sum_reward_drift,sum_reward_progress,sum_reward_intrusion,sum_reward_path_efficiency,sum_reward_boundary,sum_reward_step,sum_reward_proximity,total_intrusions,terminated_waypoint,terminated_collision,truncated,finished_at
1,62,-0.003770756038663916,0.003299761997160755,-3.629032258064516,0.0,-0.03225806451612903,-0.005000000000000003,0.30714704434138485,-0.23378687439716278,0.2045852438239668,-225.0,0.0,-2.0,-0.31000000000000016,19.04311674916586,15,False,False,True,1764700204.4123855
2,12,-0.0010290286152891028,0.01355994770431393,-1.25,0.0,0.0,-0.004999999999999999,0.13675825012102982,-0.012348343383469233,0.16271937245176715,-15.0,0.0,0.0,-0.05999999999999999,1.6410990014523579,1,False,True,False,1764700209.59551
3,26,-0.005674718037259805,-0.0029451064751314436,0.0,0.0,0.0,-0.005000000000000001,0.0739660225945006,-0.14754266896875493,-0.07657276835341753,0.0,0.0,0.0,-0.13000000000000003,1.9231165874570155,0,False,True,False,1764700216.8116083
4,12,-0.003066120754817847,0.005212026903087974,-1.25,0.0,0.0,-0.004999999999999999,0.15210879005780428,-0.03679344905781416,0.06254432283705569,-15.0,0.0,0.0,-0.05999999999999999,1.8253054806936513,1,False,True,False,1764700224.8526435
5,5,-0.0016862447099385773,0.010714965538835464,-3.0,0.0,0.0,-0.005,0.5616901737009924,-0.008431223549692887,0.05357482769417732,-15.0,0.0,0.0,-0.025,2.808450868504962,1,False,True,False,1764700233.4409852
