episode_index,steps,mean_reward_drift,mean_reward_progress,mean_reward_intrusion,sum_reward_drift,sum_reward_progress,sum_reward_intrusion,total_intrusions,finished_at
1,31,-0.17185120534891243,0.0,0.0,-5.327387365816286,0.0,0.0,0,1761055477.7854917
2,75,-0.2075226117111987,0.0,0.0,-15.564195878339904,0.0,0.0,0,1761055479.212348
3,151,-0.15841295225335617,0.0,0.0,-23.92035579025678,0.0,0.0,0,1761055514.0503957
4,18,-0.06823776015784047,0.0,-0.05555555555555555,-1.2282796828411284,0.0,-1.0,1,1761055514.4442923
5,41,-0.11488864443428963,0.0,0.0,-4.710434421805875,0.0,0.0,0,1761055516.1969454
