episode_index,steps,mean_reward_drift,mean_reward_progress,mean_reward_intrusion,sum_reward_drift,sum_reward_progress,sum_reward_intrusion,total_intrusions,finished_at
1,13,-0.15805135681399624,0.0,0.0,-2.054667638581951,0.0,0.0,0,1761055477.4913926
2,61,-0.16106385630208345,0.0,0.0,-9.82489523442709,0.0,0.0,0,1761055479.0450587
3,37,-0.11791545237884414,0.0,0.0,-4.362871738017233,0.0,0.0,0,1761055479.9439292
4,90,-0.13854970762498,0.0,0.0,-12.4694736862482,0.0,0.0,0,1761055515.5797899
