episode_index,steps,mean_reward_drift,mean_reward_progress,mean_reward_intrusion,mean_reward_proximity,sum_reward_drift,sum_reward_progress,sum_reward_intrusion,sum_reward_proximity,total_intrusions,terminated_waypoint,truncated,finished_at
1,82,-0.0034515758605169066,-0.0025635739076446443,-0.036585365853658534,-0.0502798771744572,-0.28302922056238633,-0.21021306042686083,-3.0,-4.1229499283054905,1,False,True,1762869440.5175874
2,165,-0.0021127822708267474,0.00024385672825805944,-0.01818181818181818,-0.003492349973047571,-0.34860907468641333,0.04023636016257981,-3.0,-0.5762377455528492,1,False,True,1762869459.4665828
