episode_index,steps,mean_reward_drift,mean_reward_progress,mean_reward_intrusion,mean_reward_proximity,sum_reward_drift,sum_reward_progress,sum_reward_intrusion,sum_reward_proximity,total_intrusions,terminated_waypoint,truncated,finished_at
1,223,-0.0020742955690847098,0.0006897506803892583,0.0,0.0,-0.4625679119058903,0.1538144017268046,0.0,0.0,0,False,True,1762869448.3637135
2,145,-0.0024196744557018115,-0.0009353329850000055,0.0,-0.014270856352094276,-0.3508527960767627,-0.1356232828250008,0.0,-2.06927417105367,0,False,True,1762869458.0543756
3,342,-0.002390886331772502,0.0001622323178976635,0.0,0.0,-0.8176831254661956,0.055483452721000914,0.0,0.0,0,False,True,1762869482.5543733
