episode_index,steps,mean_reward_drift,mean_reward_progress,mean_reward_intrusion,mean_reward_proximity,sum_reward_drift,sum_reward_progress,sum_reward_intrusion,sum_reward_proximity,total_intrusions,terminated_waypoint,truncated,finished_at
1,76,-0.001418767002817317,0.0042640622485533115,0.0,0.0,-0.10782629221411609,0.32406873089005167,0.0,0.0,0,False,True,1762865677.2713442
2,400,-0.0024102722488138174,-0.0002094073581824568,-0.0075,-0.011789314320596732,-0.9641088995255269,-0.08376294327298273,-3.0,-4.715725728238692,1,False,True,1762865709.1006248
