episode_index,steps,mean_reward_drift,mean_reward_progress,mean_reward_intrusion,sum_reward_drift,sum_reward_progress,sum_reward_intrusion,finished_at
1,13,-0.10949797790999316,0.010571933460082134,0.0,-1.423473712829911,0.13743513498106774,0.0,1760537916.761069
2,43,-0.0921259004505723,0.011435750538504971,0.0,-3.961413719374609,0.49173727315571375,0.0,1760537917.8927524
3,5,-0.11635614444092415,0.012370790084984767,0.0,-0.5817807222046207,0.06185395042492384,0.0,1760537917.9917805
4,1,-0.3028021885405146,-0.022691584819702182,0.0,-0.3028021885405146,-0.022691584819702182,0.0,1760537918.897574
5,17,-0.07884647497378053,0.01580774212776229,0.0,-1.340390074554269,0.26873161617195895,0.0,1760537954.45403
6,85,-0.11737150007046669,0.006770524750392459,0.0,-9.976577505989669,0.575494603783359,0.0,1760537988.5188465
