episode_index,steps,mean_reward_drift,mean_reward_progress,mean_reward_intrusion,sum_reward_drift,sum_reward_progress,sum_reward_intrusion,finished_at
1,47,-0.217816247366356,-0.008808203731747321,0.0,-10.237363626218732,-0.4139855753921241,0.0,1760537917.251387
2,6,-0.1614345633278854,0.0017892607069167437,0.0,-0.9686073799673124,0.010735564241500462,0.0,1760537917.4035487
3,73,-0.18944422793233948,-0.00537096753750197,0.0,-13.829428639060781,-0.3920806302376438,0.0,1760537918.8575122
4,5,-0.07765355266727544,0.019809181373951303,0.0,-0.38826776333637725,0.09904590686975652,0.0,1760537918.9556346
5,8,-0.1010030248872706,0.015535140761780392,0.0,-0.8080241990981648,0.12428112609424313,0.0,1760537954.3213902
6,17,-0.12741519303855484,0.007326083326034651,0.0,-2.1660582816554323,0.12454341654258907,0.0,1760537954.9986358
7,110,-0.11923527345663773,0.005915060914888728,-0.00909090909090909,-13.11588008023015,0.65065670063776,-1.0,1760537990.6016192
