episode_index,steps,mean_reward_drift,mean_reward_progress,mean_reward_intrusion,mean_reward_proximity,sum_reward_drift,sum_reward_progress,sum_reward_intrusion,sum_reward_proximity,total_intrusions,terminated_waypoint,truncated,finished_at
1,32,-0.0011682725466820958,0.002336235491963299,0.0,0.0,-0.037384721493827065,0.07475953574282557,0.0,0.0,0,False,True,1762869439.646715
2,72,-0.002655626088756236,-0.0004458109591224745,-0.041666666666666664,-0.041145069802680075,-0.191205078390449,-0.032098389056818166,-3.0,-2.9624450257929653,1,False,True,1762869451.6198423
3,179,-0.0031282668449064376,-0.0030825907934375423,-0.01675977653631285,-0.016181727251248484,-0.5599597652382523,-0.55178375202532,-3.0,-2.8965291779734788,1,False,True,1762869474.3498855
4,234,-0.001638990111724391,0.002391248067224437,0.0,-0.00606037522896303,-0.38352368614350746,0.5595520477305183,0.0,-1.418127803577349,0,False,True,1762869496.6327558
