episode_index,steps,mean_reward_drift,mean_reward_progress,mean_reward_intrusion,mean_reward_proximity,sum_reward_drift,sum_reward_progress,sum_reward_intrusion,sum_reward_proximity,total_intrusions,terminated_waypoint,truncated,finished_at
1,201,-0.001954576633451507,0.0014919871171050056,0.0,-0.003485740194003142,-0.3928699033237529,0.29988941053810614,0.0,-0.7006337789946315,0,False,True,1762869446.9257395
2,235,-0.0022254303215946294,0.00041555692920664607,-0.02553191489361702,-0.009246093389241834,-0.5229761255747379,0.09765587836356182,-6.0,-2.172831946471831,2,False,True,1762869462.495993
