episode_index,steps,mean_reward_drift,mean_reward_progress,mean_reward_intrusion,sum_reward_drift,sum_reward_progress,sum_reward_intrusion,total_intrusions,finished_at
1,9,-0.05673410872685663,0.1111111111111111,0.0,-0.5106069785417097,1.0,0.0,0,1761055179.6169496
2,36,-0.09854749820758982,0.0,0.0,-3.5477099354732333,0.0,0.0,0,1761055180.864186
3,120,-0.17078380674210283,0.0,0.0,-20.49405680905234,0.0,0.0,0,1761055219.6497111
