episode_index,steps,mean_reward_drift,mean_reward_progress,mean_reward_intrusion,sum_reward_drift,sum_reward_progress,sum_reward_intrusion,total_intrusions,finished_at
1,11,-0.13975235258746382,0.0,0.0,-1.5372758784621021,0.0,0.0,0,1761049212.0351944
2,13,-0.08350756906653799,0.0,0.0,-1.085598397864994,0.0,0.0,0,1761049213.2406182
3,43,-0.19924574618137833,0.0,0.0,-8.567567085799269,0.0,0.0,0,1761049214.3201487
4,10,-0.24028204408749015,0.0,0.0,-2.4028204408749017,0.0,0.0,0,1761049214.53853
5,19,-0.1488713069300697,0.0,0.0,-2.8285548316713243,0.0,0.0,0,1761049249.526855
