episode_index,steps,mean_reward_drift,mean_reward_progress,mean_reward_intrusion,sum_reward_drift,sum_reward_progress,sum_reward_intrusion,total_intrusions,finished_at
1,5,-0.09461846253913925,0.0,0.0,-0.47309231269569624,0.0,0.0,0,1761049211.927888
2,28,-0.09033372270391239,0.0,0.0,-2.529344235709547,0.0,0.0,0,1761049213.4290836
3,28,-0.1574545854643898,0.0,0.0,-4.408728393002915,0.0,0.0,0,1761049214.1048946
4,16,-0.1090984205206782,0.0,-0.25,-1.7455747283308511,0.0,-4.0,4,1761049214.6253002
5,5,-0.14967285199257682,0.0,0.0,-0.7483642599628841,0.0,0.0,0,1761049249.321829
6,92,-0.1704518643045041,0.0,0.0,-15.681571516014376,0.0,0.0,0,1761049250.8649838
