episode_index,steps,mean_reward_drift,mean_reward_progress,mean_reward_intrusion,sum_reward_drift,sum_reward_progress,sum_reward_intrusion,total_intrusions,finished_at
1,45,-0.1895429216889083,0.0,-0.022222222222222223,-8.529431476000873,0.0,-1.0,1,1761051075.497059
2,44,-0.13589200572263838,0.0,-0.045454545454545456,-5.979248251796088,0.0,-2.0,2,1761051076.2555034
3,17,-0.12060455960589302,0.0,0.0,-2.0502775133001814,0.0,0.0,0,1761051076.7270615
4,94,-0.1830056684014477,0.0,0.0,-17.202532829736082,0.0,0.0,0,1761051112.8250961
5,83,-0.17960009501990434,0.0,0.0,-14.90680788665206,0.0,0.0,0,1761051114.0059657
