episode_index,steps,mean_reward_drift,mean_reward_progress,mean_reward_intrusion,sum_reward_drift,sum_reward_progress,sum_reward_intrusion,total_intrusions,finished_at
1,8,-0.12662167215314335,0.0,0.0,-1.0129733772251468,0.0,0.0,0,1761051074.9293678
2,25,-0.21568219278104309,0.0,0.0,-5.392054819526077,0.0,0.0,0,1761051075.9477582
3,26,-0.1997810533079129,0.0,-0.038461538461538464,-5.194307386005735,0.0,-1.0,1,1761051076.866872
4,10,-0.16356469334943885,0.0,0.0,-1.6356469334943886,0.0,0.0,0,1761051077.0703592
5,31,-0.12079325510863707,0.0,0.0,-3.744590908367749,0.0,0.0,0,1761051113.32832
6,11,-0.11738501847933729,0.0,0.0,-1.2912352032727101,0.0,0.0,0,1761051114.2186162
7,40,-0.09479504135774942,0.0,-0.1,-3.791801654309977,0.0,-4.0,4,1761051115.038673
8,12,-0.13701526530423902,0.0,0.0,-1.6441831836508682,0.0,0.0,0,1761051115.235646
9,35,-0.08059389876487501,0.0,0.0,-2.8207864567706253,0.0,0.0,0,1761051148.9550042
