episode_index,steps,mean_reward_drift,mean_reward_progress,mean_reward_intrusion,sum_reward_drift,sum_reward_progress,sum_reward_intrusion,total_intrusions,finished_at
1,33,-0.10412308528127207,0.0,-0.06060606060606061,-3.4360618142819783,0.0,-2.0,2,1761055477.7459214
2,37,-0.07059460978695474,0.0,-0.02702702702702703,-2.6120005621173252,0.0,-1.0,1,1761055478.374233
3,25,-0.12924714674100457,0.0,0.0,-3.2311786685251143,0.0,0.0,0,1761055479.4750092
4,47,-0.18569914511000563,0.0,0.0,-8.727859820170265,0.0,0.0,0,1761055514.3973324
