episode_index,steps,mean_reward_drift,mean_reward_progress,mean_reward_intrusion,mean_reward_path_efficiency,mean_reward_boundary,mean_reward_step,mean_reward_proximity,sum_reward_drift,sum_reward_progress,sum_reward_intrusion,sum_reward_path_efficiency,sum_reward_boundary,sum_reward_step,sum_reward_proximity,total_intrusions,terminated_waypoint,truncated,finished_at
1,64,-0.002151483986221741,0.013656394528346633,0.0,0.0,-0.015625,-0.02000000000000001,0.03792879249711222,-0.13769497511819143,0.8740092498141845,0.0,0.0,-1.0,-1.2800000000000007,2.4274427198151822,0,False,True,1764576768.5390635
2,79,-0.0009342978293278199,0.042261915132304394,0.0,0.0,0.0,-0.02000000000000001,0.2079421340277437,-0.07380952851689777,3.338691295452047,0.0,0.0,0.0,-1.580000000000001,16.427428588191752,0,True,False,1764576786.7452362
