episode_index,steps,mean_reward_drift,mean_reward_progress,mean_reward_intrusion,mean_reward_path_efficiency,mean_reward_boundary,mean_reward_step,mean_reward_proximity,sum_reward_drift,sum_reward_progress,sum_reward_intrusion,sum_reward_path_efficiency,sum_reward_boundary,sum_reward_step,sum_reward_proximity,total_intrusions,terminated_waypoint,truncated,finished_at
1,70,-0.0012602259730226416,0.043134916599218594,-2.4285714285714284,0.0,0.0,-0.02000000000000001,0.2930534057374864,-0.08821581811158491,3.0194441619453016,-170.0,0.0,0.0,-1.4000000000000008,20.513738401624046,17,True,False,1764576769.2516408
2,73,-0.0016015250271991985,0.015290033203599113,0.0,0.0,-0.0136986301369863,-0.02000000000000001,0.060591921614381684,-0.11691132698554149,1.1161724238627353,0.0,0.0,-1.0,-1.4600000000000009,4.423210277849863,0,False,True,1764576786.029395
