episode_index,steps,mean_reward_drift,mean_reward_progress,mean_reward_intrusion,mean_reward_proximity,sum_reward_drift,sum_reward_progress,sum_reward_intrusion,sum_reward_proximity,total_intrusions,terminated_waypoint,truncated,finished_at
1,23,-0.0018372045938005032,0.00037280677940048945,-0.13043478260869565,-0.08685620183813801,-0.042255705657411574,0.008574555926211258,-3.0,-1.9976926422771741,1,False,True,1762870863.660068
2,136,-0.0035429003793000084,-0.0058871542718716315,-0.022058823529411766,-0.010123657297673018,-0.48183445158480115,-0.8006529809745419,-3.0,-1.3768173924835303,1,False,True,1762870882.9895499
