episode_index,steps,mean_reward_drift,mean_reward_progress,mean_reward_intrusion,mean_reward_proximity,sum_reward_drift,sum_reward_progress,sum_reward_intrusion,sum_reward_proximity,total_intrusions,terminated_waypoint,truncated,finished_at
1,144,-0.002012743098268353,-2.5492705971665803e-05,0.0,0.0,-0.28983500615064284,-0.0036709496599198754,0.0,0.0,0,False,True,1762870867.6019406
2,112,-0.0016060408952419526,0.0031000965240721426,0.0,-0.014539733919297122,-0.17987658026709868,0.34721081069607995,0.0,-1.6284501989612776,0,False,True,1762870881.2148473
3,90,-0.002542393948674263,-0.0007595670721765159,0.0,-0.005210639395537537,-0.22881545538068365,-0.06836103649588643,0.0,-0.4689575455983784,0,False,True,1762870889.1150606
4,344,-0.0025076827219289097,-0.00043319250084956147,0.0,-0.0015463347735785223,-0.862642856343545,-0.14901822029224915,0.0,-0.5319391621110117,0,False,True,1762870917.080708
