episode_index,steps,mean_reward_drift,mean_reward_progress,mean_reward_intrusion,mean_reward_proximity,sum_reward_drift,sum_reward_progress,sum_reward_intrusion,sum_reward_proximity,total_intrusions,terminated_waypoint,truncated,finished_at
1,44,-0.0023232249818093496,-0.0014185352730198301,0.0,0.0,-0.10222189919961139,-0.06241555201287252,0.0,0.0,0,False,True,1762870444.7808595
2,197,-0.002479452835610326,-0.0009452946724226878,-0.015228426395939087,-0.0063511450276464675,-0.48845220861523425,-0.1862230504672695,-3.0,-1.251175570446354,1,False,True,1762870474.6392972
