episode_index,steps,mean_reward_drift,mean_reward_progress,mean_reward_intrusion,sum_reward_drift,sum_reward_progress,sum_reward_intrusion,total_intrusions,finished_at
1,12,-0.17829989488925532,0.0,0.0,-2.1395987386710638,0.0,0.0,0,1761054471.9006355
2,13,-0.050810319093511684,0.0,-0.07692307692307693,-0.6605341482156519,0.0,-1.0,1,1761054472.684326
3,98,-0.16975961967158773,0.0,-0.01020408163265306,-16.6364427278156,0.0,-1.0,1,1761054474.8941216
4,42,-0.10359601959479402,0.0,-0.023809523809523808,-4.351032822981349,0.0,-1.0,1,1761054511.8244705
