episode_index,steps,mean_reward_drift,mean_reward_progress,mean_reward_intrusion,sum_reward_drift,sum_reward_progress,sum_reward_intrusion,total_intrusions,finished_at
1,37,-0.20625818307139238,0.0,-0.05405405405405406,-7.631552773641518,0.0,-2.0,2,1761054472.2566178
2,45,-0.15682880198143279,0.0,0.0,-7.057296089164476,0.0,0.0,0,1761054473.1308131
3,79,-0.14824877709580703,0.0,-0.012658227848101266,-11.711653390568754,0.0,-1.0,1,1761054474.6510198
4,42,-0.1236098445607683,0.023809523809523808,0.0,-5.191613471552269,1.0,0.0,0,1761054511.8244705
5,65,-0.1863177670024474,0.0,0.0,-12.110654855159082,0.0,0.0,0,1761054512.8766968
