episode_index,steps,mean_reward_drift,mean_reward_progress,mean_reward_intrusion,mean_reward_proximity,sum_reward_drift,sum_reward_progress,sum_reward_intrusion,sum_reward_proximity,total_intrusions,terminated_waypoint,truncated,finished_at
1,175,-0.0018004988930616517,-0.0020947715194696167,-0.03428571428571429,-0.045700557850048555,-0.31508730628578907,-0.36658501590718295,-6.0,-7.997597623758497,2,False,True,1762851836.1760912
2,175,-0.001366489063276169,0.003102083013834086,-0.017142857142857144,-0.007640273220873269,-0.23913558607332958,0.542864527420965,-3.0,-1.337047813652822,1,False,True,1762851955.834629
3,179,-0.002582932978792064,-0.0013648180013487638,0.0,-0.0008436998475331234,-0.46234500320377947,-0.24430242224142873,0.0,-0.15102227270842908,0,False,True,1762852104.2584581
