episode_index,steps,mean_reward_drift,mean_reward_progress,mean_reward_intrusion,mean_reward_proximity,sum_reward_drift,sum_reward_progress,sum_reward_intrusion,sum_reward_proximity,total_intrusions,terminated_waypoint,truncated,finished_at
1,101,-0.0006649841154453886,0.16467267339255737,0.0,0.0,-0.06716339565998425,16.631940012648293,0.0,0.0,0,True,False,1763728223.7089734
2,37,-0.0003748852065252235,0.3684509138774587,0.0,0.0,-0.01387075264143327,13.632683813465972,0.0,0.0,0,True,False,1763728227.834579
3,108,-0.0015459391795704792,0.1543743505395843,0.0,0.0,-0.16696143139361175,16.672429858275102,0.0,0.0,0,True,False,1763728245.6733327
4,87,-0.000667357169874881,0.18401564923208766,-1.1494252873563218,-0.147344062682414,-0.05806007377911465,16.009361483191626,-100.0,-12.81893345337002,10,True,False,1763728256.272487
5,74,-0.0006909249159245496,0.20804407695294921,-0.8108108108108109,-0.04856491674516758,-0.051128443778416674,15.395261694518242,-60.0,-3.5938038391424008,6,True,False,1763728269.0351949
