episode_index,steps,mean_reward_drift,mean_reward_progress,mean_reward_intrusion,mean_reward_proximity,sum_reward_drift,sum_reward_progress,sum_reward_intrusion,sum_reward_proximity,total_intrusions,terminated_waypoint,truncated,finished_at
1,75,-0.0015757445952937342,0.20268487233578408,0.0,-0.1335624757807187,-0.11818084464703008,15.201365425183806,0.0,-10.017185683553903,0,True,False,1763728220.9402037
2,54,-0.00202205766125247,0.2622822815410661,0.0,0.0,-0.10919111370763339,14.163243203217569,0.0,0.0,0,True,False,1763728229.6558568
3,119,-0.0019856299951253984,0.14204477165383703,0.0,0.0,-0.23628996941992242,16.903327826806606,0.0,0.0,0,True,False,1763728246.853351
