episode_index,steps,mean_reward_drift,mean_reward_progress,mean_reward_intrusion,mean_reward_proximity,sum_reward_drift,sum_reward_progress,sum_reward_intrusion,sum_reward_proximity,total_intrusions,terminated_waypoint,truncated,finished_at
1,359,-0.002579481778603425,0.0010021124427720771,-0.008356545961002786,-0.0023450084466482566,-0.9260339585186296,0.35975836695517566,-3.0,-0.8418580323467242,1,False,True,1762531382.6937828
2,172,-0.0014106283953136318,0.004389395472137288,0.0,-0.0051156768974567465,-0.24262808399394467,0.7549760212076135,0.0,-0.8798964263625604,0,False,True,1762531434.2365282
3,121,-0.001991910078464551,0.00029477764249122637,0.0,-0.0045402463100376635,-0.24102111949421068,0.035668094741438394,0.0,-0.5493698035145573,0,False,True,1762531480.1691492
4,152,-0.001565581876958771,0.0028191448594700862,0.0,0.0,-0.23796844529773317,0.4285100186394531,0.0,0.0,0,False,True,1762531543.8996828
5,71,-0.00356037624409811,-0.0027164600919103075,0.0,0.0,-0.2527867133309658,-0.19286866652563184,0.0,0.0,0,False,True,1762531614.8697064
6,161,-0.0029745147065017344,-0.0021120367418897127,0.0,-0.003200528565232319,-0.47889686774677925,-0.3400379154442438,0.0,-0.5152850990024034,0,False,True,1762531791.167655
7,180,-0.002917520676567697,-0.003049142546981875,0.0,-0.005018766841054121,-0.5251537217821854,-0.5488456584567375,0.0,-0.9033780313897418,0,False,True,1762531933.2990596
