episode_index,steps,mean_reward_drift,mean_reward_progress,mean_reward_intrusion,sum_reward_drift,sum_reward_progress,sum_reward_intrusion,total_intrusions,finished_at
1,40,-0.10517007303207546,0.0,0.0,-4.2068029212830185,0.0,0.0,0,1761049212.535772
2,23,-0.15697878309663096,0.0,0.0,-3.610512011222512,0.0,0.0,0,1761049213.2199895
3,64,-0.1588869388638853,0.0,0.0,-10.16876408728866,0.0,0.0,0,1761049249.732255
4,71,-0.1446865736059789,0.0,0.0,-10.2727467260245,0.0,0.0,0,1761049250.7957416
