episode_index,steps,mean_reward_drift,mean_reward_progress,mean_reward_intrusion,sum_reward_drift,sum_reward_progress,sum_reward_intrusion,total_intrusions,finished_at
1,16,-0.08587199005018134,0.0,0.0,-1.3739518408029014,0.0,0.0,0,1761049212.1340435
2,6,-0.06557500999942674,0.0,0.0,-0.39345005999656046,0.0,0.0,0,1761049212.9831228
3,52,-0.1309448067975688,0.0,-0.019230769230769232,-6.809129953473578,0.0,-1.0,1,1761049249.5860057
4,31,-0.0666523801870166,0.0,-0.06451612903225806,-2.0662237857975145,0.0,-2.0,2,1761049250.2419977
5,65,-0.12286289525097294,0.0,0.0,-7.986088191313241,0.0,0.0,0,1761049251.8284287
