episode_index,steps,mean_reward_drift,mean_reward_progress,mean_reward_intrusion,mean_reward_proximity,sum_reward_drift,sum_reward_progress,sum_reward_intrusion,sum_reward_proximity,total_intrusions,terminated_waypoint,truncated,finished_at
1,96,-0.0012291472803953993,0.0047164991238824675,0.0,0.0,-0.11799813891795832,0.4527839158927169,0.0,0.0,0,False,True,1762852342.13495
2,119,-0.001089979751725895,0.004427799100677651,0.0,-0.01707451546826259,-0.12970759045538152,0.5269080929806405,0.0,-2.0318673407232484,0,False,True,1762852345.8035107
3,207,-0.0018695085027669951,-0.0018507548161301659,-0.014492753623188406,-0.0046567195048569454,-0.386988260072768,-0.38310624693894435,-3.0,-0.9639409375053877,1,False,True,1762852395.0409117
4,260,-0.00199016610362686,-0.0014631020873408878,-0.023076923076923078,-0.019622803085335153,-0.5174431869429836,-0.38040654270863083,-6.0,-5.10192880218714,2,False,True,1762852454.5351942
