episode_index,steps,mean_reward_drift,mean_reward_progress,mean_reward_intrusion,mean_reward_proximity,sum_reward_drift,sum_reward_progress,sum_reward_intrusion,sum_reward_proximity,total_intrusions,terminated_waypoint,truncated,finished_at
1,146,-0.002932827182049437,-0.0032090230944768127,-0.02054794520547945,-0.004169049991782065,-0.4281927685792178,-0.46851737179361463,-3.0,-0.6086812988001814,1,False,True,1762852343.1255553
2,86,-0.001894005360767602,0.0025823208435248506,0.0,0.0,-0.16288446102601378,0.22207959254313714,0.0,0.0,0,False,True,1762852344.7814207
3,82,-0.0012702291841353666,0.004595527106251069,0.0,0.0,-0.10415879309910006,0.3768332227125877,0.0,0.0,0,False,True,1762852370.3798008
4,161,-0.002604991674744914,-0.0013475616060755478,0.0,-0.010016252123544477,-0.41940365963393117,-0.2169574185781632,0.0,-1.6126165918906608,0,False,True,1762852447.9565756
5,210,-0.002612376056885024,-0.0013368131249272778,-0.02857142857142857,-0.024286166353974174,-0.548598971945855,-0.2807307562347283,-6.0,-5.100094934334576,2,False,True,1762852494.9808197
6,309,-0.002579107493520222,0.0014581226866725882,-0.019417475728155338,-0.019572552555289877,-0.7969442154977485,0.4505599101818297,-6.0,-6.047918739584572,2,False,True,1762852544.821402
