episode_index,steps,mean_reward_drift,mean_reward_progress,mean_reward_intrusion,mean_reward_proximity,sum_reward_drift,sum_reward_progress,sum_reward_intrusion,sum_reward_proximity,total_intrusions,terminated_waypoint,truncated,finished_at
1,153,-0.0023073858603802856,9.321343074344503e-05,0.0,0.0,-0.3530300366381837,0.01426165490374709,0.0,0.0,0,False,True,1762852343.2503238
2,99,-0.0012549732448171181,0.004820460401660066,-0.030303030303030304,-0.012797867224866661,-0.1242423512368947,0.4772255797643465,-3.0,-1.2669888552617994,1,False,True,1762852344.9910805
3,259,-0.002678340500193508,-0.0017826191385107832,-0.011583011583011582,-0.007706283232099135,-0.6936901895501186,-0.46169835687429284,-3.0,-1.9959273571136757,1,False,True,1762852398.5779793
4,111,-0.0023767540821822116,-0.001232041716917696,0.0,-0.02149466515060855,-0.26381970312222547,-0.13675663057786425,0.0,-2.385907831717549,0,False,True,1762852430.2873065
5,269,-0.002868158347067739,-0.002468231833840083,-0.011152416356877323,-0.017867538289615337,-0.7715345953612218,-0.6639543633029823,-3.0,-4.806367799906526,1,False,True,1762852498.8272903
6,191,-0.0028116667089222547,-0.0025603517953262664,-0.015706806282722512,-0.03163202246943593,-0.5370283414041507,-0.4890271929073169,-3.0,-6.041716291662263,1,False,True,1762852523.8187416
7,280,-0.002338406666225928,-0.0013398643819228402,0.0,0.0,-0.6547538665432598,-0.3751620269383953,0.0,0.0,0,False,True,1762852575.2953582
