episode_index,steps,mean_reward_drift,mean_reward_progress,mean_reward_intrusion,sum_reward_drift,sum_reward_progress,sum_reward_intrusion,total_intrusions,finished_at
1,19,-0.07574587428782777,0.0,-0.42105263157894735,-1.4391716114687276,0.0,-8.0,8,1761054472.0307665
2,39,-0.19919768348453187,0.0,-0.02564102564102564,-7.768709655896743,0.0,-1.0,1,1761054472.8590696
3,24,-0.20360649684909995,0.0,0.0,-4.886555924378399,0.0,0.0,0,1761054474.1432357
4,96,-0.15382652369776637,0.0,0.0,-14.767346274985572,0.0,0.0,0,1761054512.3481145
