episode_index,steps,mean_reward_drift,mean_reward_progress,mean_reward_intrusion,sum_reward_drift,sum_reward_progress,sum_reward_intrusion,finished_at
1,62,-0.19597898253357565,-0.005615002698486367,0.0,-12.15069691708169,-0.34813016730615476,0.0,1760609099.3351336
2,20,-0.192824180179606,-0.004147850925512236,0.0,-3.85648360359212,-0.08295701851024473,0.0,1760609100.1877503
3,23,-0.12751654944464813,0.0065769390781282334,0.0,-2.9328806372269067,0.15126959879694937,0.0,1760609101.6261652
4,21,-0.2181546258833655,-0.010161498818762191,0.0,-4.581247143550676,-0.21339147519400603,0.0,1760609137.0295162
5,25,-0.17608723887281724,-0.002665285470980381,0.0,-4.402180971820431,-0.06663213677450952,0.0,1760609137.9867985
6,44,-0.1354746731814812,0.005048333869485175,0.0,-5.960885619985173,0.22212669025734771,0.0,1760609139.2314267
7,73,-0.14082039601456475,0.003698108540535661,0.0,-10.279888909063226,0.26996192345910325,0.0,1760609173.8299756
