episode_index,steps,mean_reward_drift,mean_reward_progress,mean_reward_intrusion,mean_reward_path_efficiency,sum_reward_drift,sum_reward_progress,sum_reward_intrusion,sum_reward_path_efficiency,total_intrusions,terminated_waypoint,truncated,finished_at
1,73,-0.009480545081665582,-0.0025797325810045435,0.0,0.0,-0.6920797909615874,-0.1883204784133317,0.0,0.0,0,False,True,1764321064.7139132
2,116,-0.0033215357179411454,0.07605988946061032,-0.10344827586206896,0.0,-0.38529814328117284,8.822947177430796,-12.0,0.0,1,True,False,1764321098.8361845
3,98,-0.00415191861840689,0.030615456085915285,0.0,0.0,-0.40688802460387524,3.000314696419698,0.0,0.0,0,False,True,1764321157.9948235
4,108,-0.010684059662994598,-0.008649985172438257,-0.7777777777777778,0.0,-1.1538784436034166,-0.9341983986233318,-84.0,0.0,7,False,True,1764321191.5978189
5,26,-0.012145560144442496,-0.004009609119307611,0.0,0.0,-0.3157845637555049,-0.10424983710199787,0.0,0.0,0,False,True,1764321204.289124
