episode_index,steps,mean_reward_drift,mean_reward_progress,mean_reward_intrusion,mean_reward_path_efficiency,sum_reward_drift,sum_reward_progress,sum_reward_intrusion,sum_reward_path_efficiency,total_intrusions,terminated_waypoint,truncated,finished_at
1,30,-0.012420562170897285,-0.017551887356232854,-1.2,0.0,-0.37261686512691855,-0.5265566206869856,-36.0,0.0,3,False,True,1764321060.2995493
2,102,-0.013234487443949507,-0.023967814217306076,-0.8235294117647058,0.0,-1.3499177192828498,-2.44471705016522,-84.0,0.0,7,False,True,1764321097.6118455
3,110,-0.0062393137051581175,0.018061101783891954,-0.32727272727272727,0.0,-0.6863245075673929,1.986721196228115,-36.0,0.0,3,False,True,1764321159.2607021
4,72,-0.010019897942148557,-0.010799965185628915,-0.5,0.0,-0.7214326518346961,-0.7775974933652818,-36.0,0.0,3,False,True,1764321187.3851225
5,35,-0.0046396507087096165,0.028522795819143937,0.0,0.0,-0.16238777480483657,0.9982978536700378,0.0,0.0,0,False,True,1764321205.477647
