episode_index,steps,mean_reward_drift,mean_reward_progress,mean_reward_intrusion,mean_reward_path_efficiency,sum_reward_drift,sum_reward_progress,sum_reward_intrusion,sum_reward_path_efficiency,total_intrusions,terminated_waypoint,truncated,finished_at
1,105,-0.01143446802698412,-0.010159738724404219,-1.1428571428571428,0.0,-1.2006191428333326,-1.066772566062443,-120.0,0.0,10,False,True,1764321067.9130278
2,201,-0.010755528661105993,-0.009325136882020914,-0.8955223880597015,0.0,-2.1618612608823047,-1.8743525132862038,-180.0,0.0,15,False,True,1764321109.1993
