episode_index,steps,mean_reward_drift,mean_reward_progress,mean_reward_intrusion,mean_reward_path_efficiency,sum_reward_drift,sum_reward_progress,sum_reward_intrusion,sum_reward_path_efficiency,total_intrusions,terminated_waypoint,truncated,finished_at
1,90,-0.007916697104377497,0.008048547426306348,-0.4,0.0,-0.7125027393939747,0.7243692683675712,-36.0,0.0,3,False,True,1764321066.6202712
2,156,-0.01079854901156327,-0.008323831831578095,-1.0,0.0,-1.6845736458038703,-1.2985177657261828,-156.0,0.0,13,False,True,1764321103.5685854
3,51,-0.012353258722886257,-0.015116775885986403,-0.23529411764705882,0.0,-0.6300161948671991,-0.7709555701853066,-12.0,0.0,1,False,True,1764321116.3658314
4,119,-0.009427687281635956,-0.0016885986865511965,-0.8067226890756303,0.0,-1.1218947865146789,-0.20094324369959238,-96.0,0.0,8,False,True,1764321193.3658774
5,47,-0.006104418629305403,0.013007868511523997,0.0,0.0,-0.28690767557735397,0.6113698200416279,0.0,0.0,0,False,True,1764321207.004965
