episode_index,steps,mean_reward_drift,mean_reward_progress,mean_reward_intrusion,mean_reward_path_efficiency,sum_reward_drift,sum_reward_progress,sum_reward_intrusion,sum_reward_path_efficiency,total_intrusions,terminated_waypoint,truncated,finished_at
1,81,-0.011526109736910775,-0.006436715504648799,-0.8888888888888888,0.0,-0.9336148886897727,-0.5213739558765528,-72.0,0.0,6,False,True,1764321065.770251
2,107,-0.01200559727293748,-0.008502384347673019,-1.6822429906542056,0.0,-1.2845989082043103,-0.909755125201013,-180.0,0.0,15,False,True,1764321097.9773586
3,2,-0.0028150542640928236,0.02510801679957375,0.0,0.0,-0.005630108528185647,0.0502160335991475,0.0,0.0,0,False,True,1764321109.4054163
4,40,-0.004391020250736945,0.025236535443927243,0.0,0.0,-0.1756408100294778,1.0094614177570898,0.0,0.0,0,False,True,1764321183.1205688
5,100,-0.0076518417578899335,0.006159423932869536,0.0,0.0,-0.7651841757889933,0.6159423932869535,0.0,0.0,0,False,True,1764321213.4961116
