episode_index,steps,mean_reward_drift,mean_reward_progress,mean_reward_intrusion,mean_reward_path_efficiency,sum_reward_drift,sum_reward_progress,sum_reward_intrusion,sum_reward_path_efficiency,total_intrusions,terminated_waypoint,truncated,finished_at
1,146,-0.012876880626335512,-0.022600145802657227,0.0,0.0,-1.8800245714449848,-3.2996212871879553,0.0,0.0,0,False,True,1764321074.3050537
2,73,-0.01209795857215616,-0.01482825890199742,0.0,0.0,-0.8831509757673996,-1.0824628998458117,0.0,0.0,0,False,True,1764321094.3707318
3,28,-0.01236729030068265,-0.014938711155831242,0.0,0.0,-0.3462841284191142,-0.4182839123632748,0.0,0.0,0,False,True,1764321113.2566056
4,136,-0.006188644487730945,0.05265729605017868,-0.4411764705882353,0.0,-0.8416556503314085,7.1613922628243,-60.0,0.0,5,True,False,1764321195.1684973
5,37,-0.012175315295483049,-0.019268269294383297,-1.2972972972972974,0.0,-0.4504866659328728,-0.712925963892182,-48.0,0.0,4,False,True,1764321205.577313
