episode_index,steps,mean_reward_drift,mean_reward_progress,mean_reward_intrusion,mean_reward_path_efficiency,sum_reward_drift,sum_reward_progress,sum_reward_intrusion,sum_reward_path_efficiency,total_intrusions,terminated_waypoint,truncated,finished_at
1,106,-0.005633306141331588,0.018838782580968327,-0.7924528301886793,0.0,-0.5971304509811484,1.9969109535826428,-84.0,0.0,7,False,True,1764321067.9617212
2,63,-0.012646268150721498,-0.013134327816145965,0.0,0.0,-0.7967148934954544,-0.8274626524171957,0.0,0.0,0,False,True,1764321093.3022382
3,82,-0.009575907595722898,-0.001099381260747189,-0.7317073170731707,0.0,-0.7852244228492776,-0.0901492633812695,-60.0,0.0,5,False,True,1764321156.3400662
4,38,-0.013622940877070645,-0.02322718784904488,-1.5789473684210527,0.0,-0.5176717533286845,-0.8826331382637054,-60.0,0.0,5,False,True,1764321183.0203052
5,28,-0.0072170076789703705,0.008468003651097705,0.0,0.0,-0.20207621501117037,0.23710410223073575,0.0,0.0,0,False,True,1764321204.387188
