episode_index,steps,mean_reward_drift,mean_reward_progress,mean_reward_intrusion,mean_reward_path_efficiency,sum_reward_drift,sum_reward_progress,sum_reward_intrusion,sum_reward_path_efficiency,total_intrusions,terminated_waypoint,truncated,finished_at
1,107,-0.0035571507841103073,0.024097698710543517,0.0,0.0,-0.3806151338998029,2.5784537620281562,0.0,0.0,0,False,True,1764321068.118318
2,59,-0.002997439986306805,0.11628887975494301,0.0,0.0,-0.1768489591921015,6.861043905541638,0.0,0.0,0,True,False,1764321092.686702
3,187,-0.008101622998455163,0.0038395950915716902,0.0,0.0,-1.5150035007111156,0.7180042821239061,0.0,0.0,0,False,True,1764321168.603644
4,75,-0.012967668348676057,-0.022975596554264677,0.0,0.0,-0.9725751261507043,-1.7231697415698508,0.0,0.0,0,False,True,1764321187.7185862
5,57,-0.003963230364342265,0.11910064227357854,-0.8421052631578947,0.0,-0.2259041307675091,6.788736609593977,-48.0,0.0,4,True,False,1764321208.1506157
