episode_index,steps,mean_reward_drift,mean_reward_progress,mean_reward_intrusion,mean_reward_path_efficiency,sum_reward_drift,sum_reward_progress,sum_reward_intrusion,sum_reward_path_efficiency,total_intrusions,terminated_waypoint,truncated,finished_at
1,145,-0.012562103914691078,-0.016375237081529513,-0.08275862068965517,0.0,-1.8215050676302063,-2.3744093768217795,-12.0,0.0,1,False,True,1764321074.0223181
2,52,-0.010318839356841041,-0.009124735598270685,-0.9230769230769231,0.0,-0.5365796465557341,-0.4744862511100756,-48.0,0.0,4,False,True,1764321091.9159803
3,70,-0.00901604829523331,0.0011029787710191777,-1.0285714285714285,0.0,-0.6311233806663318,0.07720851397134243,-72.0,0.0,6,False,True,1764321155.0249548
4,3,-0.0023910033115375666,0.024056171945752252,0.0,0.0,-0.0071730099346127,0.07216851583725675,0.0,0.0,0,False,True,1764321178.326311
5,74,-0.005364381949770249,0.021672436468468125,0.0,0.0,-0.3969642642829984,1.6037602986666413,0.0,0.0,0,False,True,1764321210.3583198
