episode_index,steps,mean_reward_drift,mean_reward_progress,mean_reward_intrusion,mean_reward_proximity,sum_reward_drift,sum_reward_progress,sum_reward_intrusion,sum_reward_proximity,total_intrusions,terminated_waypoint,truncated,finished_at
1,254,-0.002576723892505843,-0.001739779003945501,0.0,-0.00037964343487459465,-0.6544878686964841,-0.4419038670021572,0.0,-0.09642943245814704,0,False,True,1762531340.5839267
2,95,-0.002457592000461928,-0.00154143581844787,0.0,0.0,-0.23347124004388317,-0.14643640275254766,0.0,0.0,0,False,True,1762531388.7741883
3,223,-0.0016633902648636768,0.002418434337788498,0.0,0.0,-0.37093602906459994,0.539310857326835,0.0,0.0,0,False,True,1762531570.1253593
4,141,-0.003605021373845662,-0.005431886071072755,0.0,-0.04072201943801704,-0.5083080137122383,-0.7658959360212584,0.0,-5.7418047407604025,0,False,True,1762531618.4499044
5,139,-0.0029018475683348774,-0.0020881630649257034,0.0,0.0,-0.40335681199854795,-0.29025466602467276,0.0,0.0,0,False,True,1762531677.9168024
6,75,-0.002299564051614517,-0.0004681662186717883,0.0,0.0,-0.17246730387108877,-0.035112466400384124,0.0,0.0,0,False,True,1762531725.32608
7,166,-0.002921550814112739,-0.002008197854196799,0.0,0.0,-0.4849774351427147,-0.33336084379666864,0.0,0.0,0,False,True,1762531816.1586077
8,123,-0.0022544056100748744,-0.00016343925737202759,0.0,0.0,-0.27729189003920957,-0.020103028656759392,0.0,0.0,0,False,True,1762531948.1486564
9,199,-0.0027129262978505685,-0.0017429541284021501,0.0,-0.004596757069824235,-0.5398723332722631,-0.3468478715520279,0.0,-0.9147546568950227,0,False,True,1762532025.543738
