episode_index,steps,mean_reward_drift,mean_reward_progress,mean_reward_intrusion,mean_reward_proximity,sum_reward_drift,sum_reward_progress,sum_reward_intrusion,sum_reward_proximity,total_intrusions,terminated_waypoint,truncated,finished_at
1,52,-0.003707283832290873,-0.005719157297751161,0.0,0.0,-0.19277875927912538,-0.2973961794830604,0.0,0.0,0,False,True,1762531335.0962183
2,114,-0.001907440878127103,0.0014750676946114817,-0.02631578947368421,-0.010923627557005142,-0.21744826010648974,0.1681577171857089,-3.0,-1.2452935414985862,1,False,True,1762531403.4907823
3,205,-0.0021924791378811273,0.000871200309049796,0.0,0.0,-0.4494582232656311,0.17859606335520817,0.0,0.0,0,False,True,1762531567.0096018
4,75,-0.0029625606667286817,-0.0028008888539797043,0.0,-0.01966712773660475,-0.22219205000465111,-0.21006666404847782,0.0,-1.4750345802453562,0,False,True,1762531594.9451342
5,194,-0.00328468754843121,-0.004760235110614827,0.0,0.0,-0.6372293843956547,-0.9234856114592764,0.0,0.0,0,False,True,1762531697.93971
