episode_index,steps,mean_reward_drift,mean_reward_progress,mean_reward_intrusion,mean_reward_path_efficiency,mean_reward_boundary,mean_reward_step,mean_reward_proximity,sum_reward_drift,sum_reward_progress,sum_reward_intrusion,sum_reward_path_efficiency,sum_reward_boundary,sum_reward_step,sum_reward_proximity,total_intrusions,terminated_waypoint,terminated_collision,truncated,finished_at
1,89,-0.0042272422148398135,0.0017021475975743,0.0,0.0,-0.02247191011235955,-0.005000000000000004,0.10931480291136994,-0.37622455712074343,0.1514911361841127,0.0,0.0,-2.0,-0.4450000000000003,9.729017459111924,0,False,False,True,1764586781.3895512
2,87,-0.006634011822898063,-0.00904532275201371,0.0,0.0,-0.022988505747126436,-0.005000000000000004,0.0,-0.5771590285921314,-0.7869430794251927,0.0,0.0,-2.0,-0.4350000000000003,0.0,0,False,False,True,1764586788.459019
