episode_index,steps,mean_reward_drift,mean_reward_progress,mean_reward_intrusion,sum_reward_drift,sum_reward_progress,sum_reward_intrusion,total_intrusions,finished_at
1,28,-0.2078199671596232,0.0,-0.03571428571428571,-5.818959080469449,0.0,-1.0,1,1761055179.886017
2,47,-0.11282742115235206,0.0,-0.0425531914893617,-5.3028887941605465,0.0,-2.0,2,1761055180.9115145
3,92,-0.1248110390449485,0.010869565217391304,0.0,-11.482615592135263,1.0,0.0,0,1761055219.0773463
