episode_index,steps,mean_reward_drift,mean_reward_progress,mean_reward_intrusion,sum_reward_drift,sum_reward_progress,sum_reward_intrusion,total_intrusions,finished_at
1,40,-0.14615260460445018,0.0,-0.225,-5.846104184178007,0.0,-9.0,9,1761055180.0329716
2,101,-0.17263487559195356,0.0,0.0,-17.43612243478731,0.0,0.0,0,1761055181.608914
3,23,-0.20273581928047332,0.0,-0.043478260869565216,-4.662923843450886,0.0,-1.0,1,1761055182.002966
4,90,-0.17748587322553402,0.0,0.0,-15.973728590298062,0.0,0.0,0,1761055220.3710718
