episode_index,steps,mean_reward_drift,mean_reward_progress,mean_reward_intrusion,sum_reward_drift,sum_reward_progress,sum_reward_intrusion,total_intrusions,finished_at
1,27,-0.16217369312200433,0.0,-0.037037037037037035,-4.378689714294117,0.0,-1.0,1,1761055179.8730059
2,31,-0.1988043473649769,0.0,-0.03225806451612903,-6.162934768314284,0.0,-1.0,1,1761055180.7104442
3,24,-0.23351382708516719,0.0,0.0,-5.604331850044012,0.0,0.0,0,1761055182.0179727
4,20,-0.12523100433544757,0.0,0.0,-2.504620086708951,0.0,0.0,0,1761055219.4435809
5,47,-0.15764719519609996,0.0,-0.23404255319148937,-7.409418174216698,0.0,-11.0,11,1761055221.1077964
