episode_index,steps,mean_reward_drift,mean_reward_progress,mean_reward_intrusion,sum_reward_drift,sum_reward_progress,sum_reward_intrusion,total_intrusions,finished_at
1,27,-0.1807141999429024,0.0,0.0,-4.879283398458364,0.0,0.0,0,1761051075.2521412
2,11,-0.2201857695762996,0.0,0.0,-2.4220434653392955,0.0,0.0,0,1761051075.7296813
3,2,-0.11770573942010622,0.0,0.0,-0.23541147884021243,0.0,0.0,0,1761051113.2275245
4,11,-0.1636750021101754,0.0,0.0,-1.8004250232119294,0.0,0.0,0,1761051114.1142392
5,6,-0.06707722112628654,0.16666666666666666,0.0,-0.40246332675771923,1.0,0.0,0,1761051114.8501835
6,1,-0.2716094320656905,1.0,0.0,-0.2716094320656905,1.0,0.0,0,1761051115.427128
7,31,-0.10067711957495751,0.0,0.0,-3.1209907068236826,0.0,0.0,0,1761051148.4977608
8,108,-0.1438375896078343,0.0,0.0,-15.534459677646105,0.0,0.0,0,1761051150.5473483
