episode_index,steps,mean_reward_drift,mean_reward_progress,mean_reward_intrusion,sum_reward_drift,sum_reward_progress,sum_reward_intrusion,total_intrusions,finished_at
1,15,-0.144755902025996,0.0,-0.06666666666666667,-2.17133853038994,0.0,-1.0,1,1761051075.0427253
2,55,-0.1434358979946897,0.0,-0.03636363636363636,-7.888974389707934,0.0,-2.0,2,1761051076.3272924
3,45,-0.1680386031594949,0.0,-0.044444444444444446,-7.561737142177271,0.0,-2.0,2,1761051113.8684325
4,13,-0.05820895383296495,0.0,0.0,-0.7567163998285443,0.0,0.0,0,1761051114.1437888
5,41,-0.193786974275887,0.0,-0.04878048780487805,-7.945265945311368,0.0,-2.0,2,1761051115.3819616
