episode_index,steps,mean_reward_drift,mean_reward_progress,mean_reward_intrusion,sum_reward_drift,sum_reward_progress,sum_reward_intrusion,total_intrusions,finished_at
1,26,-0.1717377472473777,0.0,-0.038461538461538464,-4.46518142843182,0.0,-1.0,1,1761051075.2346482
2,6,-0.215446476731754,0.0,0.0,-1.292678860390524,0.0,0.0,0,1761051075.6533194
3,38,-0.20135442693454492,0.0,0.0,-7.6514682235127065,0.0,0.0,0,1761051113.7793956
4,59,-0.12579055137576503,0.0,0.0,-7.421642531170137,0.0,0.0,0,1761051114.7199607
