episode_index,steps,mean_reward_drift,mean_reward_progress,mean_reward_intrusion,sum_reward_drift,sum_reward_progress,sum_reward_intrusion,total_intrusions,finished_at
1,2,-0.12482338726467869,0.0,0.0,-0.24964677452935738,0.0,0.0,0,1761051074.8295248
2,200,-0.16689278595480553,0.0,-0.01,-33.378557190961104,0.0,-2.0,2,1761051113.159322
3,19,-0.1086050801415706,0.0,-0.05263157894736842,-2.0634965226898414,0.0,-1.0,1,1761051113.5006685
4,7,-0.10269898844757261,0.0,0.0,-0.7188929191330082,0.0,0.0,0,1761051114.0430324
5,39,-0.2193271488675795,0.0,0.0,-8.553758805835601,0.0,0.0,0,1761051115.3584301
6,20,-0.23873278898317257,0.0,-0.05,-4.774655779663451,0.0,-1.0,1,1761051115.7288396
7,60,-0.15530694726445063,0.0,-0.016666666666666666,-9.318416835867037,0.0,-1.0,1,1761051148.898856
