episode_index,steps,mean_reward_drift,mean_reward_progress,mean_reward_intrusion,mean_reward_proximity,sum_reward_drift,sum_reward_progress,sum_reward_intrusion,sum_reward_proximity,total_intrusions,terminated_waypoint,truncated,finished_at
1,88,-0.0036976436167862033,-0.0062239596004926,0.0,-0.007259015409587389,-0.3253926382771859,-0.5477084448433488,0.0,-0.6387933560436903,0,False,True,1762531336.010653
2,24,-0.002312351227895347,8.716901273203512e-05,-0.125,-0.03678444030131755,-0.05549642946948832,0.002092056305568843,-3.0,-0.8828265672316211,1,False,True,1762531337.4587321
3,50,-0.002032041900518562,0.00027511083192245043,0.0,0.0,-0.10160209502592811,0.013755541596122522,0.0,0.0,0,False,True,1762531389.588015
4,123,-0.0008875639240595477,0.007365867825874336,-0.024390243902439025,-0.006281512807885328,-0.10917036265932437,0.9060017425825433,-3.0,-0.7726260753698952,1,True,False,1762531476.6277766
5,233,-0.002436818790583974,-0.0001962514630728244,0.0,-0.014164088631721842,-0.5677787782060659,-0.04572659089596809,0.0,-3.3002326511911892,0,False,True,1762531593.3747654
6,58,-0.0023924904989114423,0.00020712526727777994,0.0,0.0,-0.13876444893686365,0.012013265502111237,0.0,0.0,0,False,True,1762531615.5898368
7,120,-0.0026654381684811097,-0.001912306640048709,0.0,-0.009482560275082659,-0.31985258021773316,-0.2294767968058451,0.0,-1.1379072330099191,0,False,True,1762531727.2740746
8,291,-0.0024860430455787624,-0.0010554702576840219,0.0,0.0,-0.7234385262634199,-0.30714184498605035,0.0,0.0,0,False,True,1762531883.8148553
9,234,-0.0024577517399142898,0.0005395684123632428,-0.01282051282051282,-0.0052686853990517625,-0.5751139071399438,0.12625900849299881,-3.0,-1.2328723833781123,1,False,True,1762531957.4693067
