episode_index,steps,mean_reward_drift,mean_reward_progress,mean_reward_intrusion,mean_reward_proximity,sum_reward_drift,sum_reward_progress,sum_reward_intrusion,sum_reward_proximity,total_intrusions,finished_at
1,141,-0.04666785818722671,-0.010082983885348727,0.0,0.0,-6.580168004398967,-1.4217007278341705,0.0,0.0,0,1761290467.7601938
2,40,-0.028272054574739653,0.0036495081185362378,0.0,0.0,-1.130882182989586,0.1459803247414495,0.0,0.0,0,1761290468.4513729
3,33,-0.00607672602665398,0.04864032650070789,0.0,0.0,-0.20053195887958136,1.6051307745233603,0.0,0.0,0,1761290469.0158396
4,70,-0.03758676928978347,-0.003945090550004078,-3.257142857142857,-0.04875369280665896,-2.6310738502848428,-0.2761563385002854,-228.0,-3.4127584964661275,38,1761290471.0775945
5,28,-0.013414379627575496,0.013729300943983752,0.0,0.0,-0.3756026295721139,0.38442042643154506,0.0,0.0,0,1761290471.615636
6,227,-0.03445583143560656,-0.0018539781856641334,-0.2643171806167401,-0.02744063799655342,-7.821473735882688,-0.4208530481457583,-60.0,-6.229024825217627,10,1761290474.197855
