episode_index,steps,mean_reward_drift,mean_reward_progress,mean_reward_intrusion,mean_reward_proximity,sum_reward_drift,sum_reward_progress,sum_reward_intrusion,sum_reward_proximity,total_intrusions,finished_at
1,88,-0.02693405415427214,0.003542747572151339,0.0,0.0,-2.3701967655759484,0.31176178634931784,0.0,0.0,0,1761290467.4512966
2,99,-0.04322571539575391,-0.00738672840927516,0.0,0.0,-4.279345824179637,-0.7312861125182408,0.0,0.0,0,1761290468.7436361
3,32,-0.023634504161221204,0.006801309528536276,0.0,0.0,-0.7563041331590785,0.21764190491316082,0.0,0.0,0,1761290469.006826
4,141,-0.02584384348187479,0.003268893162686499,0.0,0.0,-3.6439819309443453,0.46091393593879637,0.0,0.0,0,1761290471.3867617
5,141,-0.03507713580650406,-0.0017809038503130952,0.0,-0.011852402538372116,-4.945876148717073,-0.25110744289414644,0.0,-1.6711887579104683,0,1761290472.633964
