episode_index,steps,mean_reward_drift,mean_reward_progress,mean_reward_intrusion,mean_reward_proximity,sum_reward_drift,sum_reward_progress,sum_reward_intrusion,sum_reward_proximity,total_intrusions,finished_at
1,220,-0.03202450562332794,0.0004890201470879056,-0.2727272727272727,-0.029180521859416768,-7.045391237132146,0.10758443235933923,-60.0,-6.419714809071689,10,1761290468.1230514
2,56,-0.0419114160239867,-0.006679636895227706,0.0,0.0,-2.3470392973432554,-0.37405966613275154,0.0,0.0,0,1761290468.54319
3,324,-0.030775505752020697,0.0015467161192350043,0.0,0.0,-9.971263863654706,0.5011360226321414,0.0,0.0,0,1761290470.5420468
4,44,-0.017029270547904082,0.012701364809262473,0.0,0.0,-0.7492879041077796,0.5588600516075488,0.0,0.0,0,1761290470.9055197
5,107,-0.02092892457680943,0.00740868471357113,0.0,-0.01561858652252774,-2.239394929718609,0.7927292643521109,0.0,-1.6711887579104683,0,1761290472.491208
6,205,-0.022669103715207643,0.005166636543289345,-0.17560975609756097,-0.019120376345397764,-4.647166261617567,1.0591604913743158,-36.0,-3.9196771508065416,6,1761290474.1016476
7,304,-0.03283727055035803,-0.0009387935983876263,0.0,-0.016286136498499092,-9.98253024730884,-0.2853932539098384,0.0,-4.9509854955437245,0,1761290475.948584
