episode_index,steps,mean_reward_drift,mean_reward_progress,mean_reward_intrusion,mean_reward_proximity,sum_reward_drift,sum_reward_progress,sum_reward_intrusion,sum_reward_proximity,total_intrusions,terminated_waypoint,truncated,finished_at
1,400,-0.002547868043244686,-0.00048220656935311175,0.0,-0.0008645526314678395,-1.0191472172978744,-0.1928826277412447,0.0,-0.3458210525871358,0,False,True,1762865698.5598397
2,84,-0.0029770418925404315,-0.0038211975271351447,0.0,0.0,-0.25007151897339625,-0.32098059227935216,0.0,0.0,0,False,True,1762865704.2268405
3,186,-0.0029507820900784775,0.0031962955858152284,0.0,0.0,-0.5488454687545968,0.5945109789616325,0.0,0.0,0,False,True,1762865729.9801042
