episode_index,steps,mean_reward_drift,mean_reward_progress,mean_reward_intrusion,sum_reward_drift,sum_reward_progress,sum_reward_intrusion,total_intrusions,finished_at
1,36,-0.13432926285160557,0.0,0.0,-4.8358534626578,0.0,0.0,0,1761054472.1963303
2,40,-0.20991231182474399,0.0,0.0,-8.39649247298976,0.0,0.0,0,1761054472.8176758
3,30,-0.19263246255883168,0.0,0.0,-5.77897387676495,0.0,0.0,0,1761054473.4945364
4,88,-0.18186631410885326,0.0,0.0,-16.004235641579086,0.0,0.0,0,1761054511.527618
