episode_index,steps,mean_reward_drift,mean_reward_progress,mean_reward_intrusion,sum_reward_drift,sum_reward_progress,sum_reward_intrusion,total_intrusions,finished_at
1,15,-0.21301562331325996,0.0,0.0,-3.1952343496988993,0.0,0.0,0,1761054471.9146423
2,48,-0.1693035787895049,0.0,0.0,-8.126571781896235,0.0,0.0,0,1761054472.926161
3,1,-0.05227074193366911,0.0,0.0,-0.05227074193366911,0.0,0.0,0,1761054472.9813921
4,54,-0.15803883197180987,0.0,-0.037037037037037035,-8.534096926477734,0.0,-2.0,2,1761054474.8221352
5,109,-0.17901881451507645,0.0,0.0,-19.513050782143335,0.0,0.0,0,1761054513.1378806
