episode_index,steps,mean_reward_drift,mean_reward_progress,mean_reward_intrusion,sum_reward_drift,sum_reward_progress,sum_reward_intrusion,total_intrusions,finished_at
1,20,-0.19184550846576703,0.0,0.0,-3.8369101693153405,0.0,0.0,0,1761054784.8011553
2,37,-0.14146910809876276,0.0,0.0,-5.2343569996542225,0.0,0.0,0,1761054785.5803874
3,6,-0.03343559393601253,0.16666666666666666,0.0,-0.20061356361607519,1.0,0.0,0,1761054785.7219918
4,66,-0.15917762319354692,0.0,-0.030303030303030304,-10.505723130774097,0.0,-2.0,2,1761054787.4690917
