episode_index,steps,mean_reward_drift,mean_reward_progress,mean_reward_intrusion,sum_reward_drift,sum_reward_progress,sum_reward_intrusion,total_intrusions,finished_at
1,10,-0.080318195702754,0.0,-0.1,-0.80318195702754,0.0,-1.0,1,1761054784.646294
2,1,-0.10517186037542055,1.0,0.0,-0.10517186037542055,1.0,0.0,0,1761054785.0842957
3,16,-0.12293646599988425,0.0,0.0,-1.966983455998148,0.0,0.0,0,1761054785.8652034
4,18,-0.20393135672760124,0.0,-0.1111111111111111,-3.6707644210968224,0.0,-2.0,2,1761054786.7197616
5,25,-0.0705118994902219,0.0,-0.08,-1.7627974872555474,0.0,-2.0,2,1761054822.4369998
6,78,-0.14918885566930876,0.0,0.0,-11.636730742206083,0.0,0.0,0,1761054824.1184244
