episode_index,steps,mean_reward_drift,mean_reward_progress,mean_reward_intrusion,mean_reward_proximity,sum_reward_drift,sum_reward_progress,sum_reward_intrusion,sum_reward_proximity,total_intrusions,terminated_waypoint,truncated,finished_at
1,345,-0.0023356045098381303,5.540753478687456e-05,-0.008695652173913044,-0.004290540153847794,-0.805783555894155,0.019115599501471722,-3.0,-1.4802363530774887,1,False,True,1762616142.1749892
2,374,-0.0024664166125534354,0.0005515401145683099,0.0,0.0,-0.9224398130949849,0.2062760028485479,0.0,0.0,0,False,True,1762616300.6443923
