episode_index,steps,mean_reward_drift,mean_reward_progress,mean_reward_intrusion,mean_reward_proximity,sum_reward_drift,sum_reward_progress,sum_reward_intrusion,sum_reward_proximity,total_intrusions,terminated_waypoint,truncated,finished_at
1,180,-0.003107026729005396,-0.004065883139118219,-0.016666666666666666,-0.011023487964678233,-0.5592648112209713,-0.7318589650412793,-3.0,-1.984227833642082,1,False,True,1762865682.8880558
2,91,-0.002620993099937531,-0.0008220842555647477,0.0,-0.0281023702095841,-0.23851037209431533,-0.07480966725639204,0.0,-2.557315689072153,0,False,True,1762865693.7810082
3,224,-0.002527342175726131,-0.0008121981842313322,0.0,-0.009139225969141159,-0.5661246473626533,-0.1819323932678184,0.0,-2.0471866170876196,0,False,True,1762865722.6098962
