episode_index,steps,mean_reward_drift,mean_reward_progress,mean_reward_intrusion,mean_reward_proximity,sum_reward_drift,sum_reward_progress,sum_reward_intrusion,sum_reward_proximity,total_intrusions,terminated_waypoint,truncated,finished_at
1,203,-0.0015884110106384847,0.002964506452748271,0.0,-0.03238809961411061,-0.3224474351596124,0.601794809907899,0.0,-6.574784221664454,0,False,True,1762865684.584737
2,272,-0.00222798452770877,-0.0007666535762468389,0.0,0.0,-0.6060117915367854,-0.2085297727391402,0.0,0.0,0,False,True,1762865706.6172059
