episode_index,steps,mean_reward_drift,mean_reward_progress,mean_reward_intrusion,mean_reward_proximity,sum_reward_drift,sum_reward_progress,sum_reward_intrusion,sum_reward_proximity,total_intrusions,terminated_waypoint,truncated,finished_at
1,112,-0.0031058724890540893,-0.003712680691683357,0.0,0.0,-0.347857718774058,-0.415820237468536,0.0,0.0,0,False,True,1762531336.58462
2,191,-0.0023186421293492974,-0.00024081746394401547,-0.015706806282722512,-0.0039530074524221125,-0.44286064670571584,-0.045996135613306954,-3.0,-0.7550244234126235,1,False,True,1762531404.4588583
3,90,-0.0029130727736497867,-0.001830642823203072,0.0,0.0,-0.2621765496284808,-0.16475785408827648,0.0,0.0,0,False,True,1762531454.4447563
4,96,-0.002777657936753016,-0.002128919103330574,0.0,0.0,-0.26665516192828953,-0.2043762339197351,0.0,0.0,0,False,True,1762531585.7342489
5,182,-0.0034708768547242028,-0.004826917551629891,0.0,0.0,-0.6316995875598049,-0.8784989943966403,0.0,0.0,0,False,True,1762531685.4762175
