episode_index,steps,mean_reward_drift,mean_reward_progress,mean_reward_intrusion,mean_reward_proximity,sum_reward_drift,sum_reward_progress,sum_reward_intrusion,sum_reward_proximity,total_intrusions,terminated_waypoint,truncated,finished_at
1,162,-0.03195615097351926,-5.6777615309485426e-05,0.0,0.0,-5.176896457710121,-0.00919797368013664,0.0,0.0,0,False,True,1761568939.1608348
2,400,-0.030702737333514946,0.0006077111781900867,-0.015,-0.01548408968489863,-12.281094933405978,0.24308447127603472,-6.0,-6.193635873959452,1,False,True,1761568941.6312506
3,202,-0.041913824142389165,-0.0018800266293245225,-0.0891089108910891,-0.5422161402958141,-8.466592476762612,-0.37976537912355357,-18.0,-109.52766033975445,3,False,True,1761568943.1378968
