episode_index,steps,mean_reward_drift,mean_reward_progress,mean_reward_intrusion,sum_reward_drift,sum_reward_progress,sum_reward_intrusion,total_intrusions,finished_at
1,20,-0.07180543192244776,0.0,0.0,-1.4361086384489552,0.0,0.0,0,1761054784.7587066
2,25,-0.19111029781509345,0.0,-0.16,-4.777757445377336,0.0,-4.0,4,1761054785.1958773
3,14,-0.2326732423660757,0.0,0.0,-3.2574253931250596,0.0,0.0,0,1761054785.7431612
4,45,-0.11285641379025903,0.0,0.0,-5.078538620561656,0.0,0.0,0,1761054786.5378852
5,6,-0.060539670201985425,0.0,0.0,-0.36323802121191257,0.0,0.0,0,1761054786.649902
6,63,-0.10974671584887082,0.015873015873015872,0.0,-6.914043098478861,1.0,0.0,0,1761054822.820457
7,7,-0.14487954760801958,0.0,0.0,-1.014156833256137,0.0,0.0,0,1761054822.9601302
8,48,-0.13762307772204124,0.0,0.0,-6.60590773065798,0.0,0.0,0,1761054824.5700433
9,43,-0.18669924329749873,0.0,0.0,-8.028067461792446,0.0,0.0,0,1761054825.281468
