episode_index,steps,mean_reward_drift,mean_reward_progress,mean_reward_intrusion,sum_reward_drift,sum_reward_progress,sum_reward_intrusion,total_intrusions,finished_at
1,24,-0.18873583711592634,0.0,0.0,-4.529660090782232,0.0,0.0,0,1761054784.805157
2,49,-0.15961546694478615,0.0,-0.08163265306122448,-7.821157880294521,0.0,-4.0,4,1761054785.4757028
3,22,-0.183643989399652,0.0,0.0,-4.040167766792345,0.0,0.0,0,1761054785.8682044
