episode_index,steps,mean_reward_drift,mean_reward_progress,mean_reward_intrusion,sum_reward_drift,sum_reward_progress,sum_reward_intrusion,total_intrusions,finished_at
1,9,-0.11702128488598255,0.0,0.0,-1.053191563973843,0.0,0.0,0,1761054784.6073432
2,11,-0.10281148627523132,0.0,0.0,-1.1309263490275445,0.0,0.0,0,1761054785.0154176
3,17,-0.13236934836438322,0.0,0.0,-2.2502789221945148,0.0,0.0,0,1761054785.7893894
4,20,-0.2288969176778838,0.0,0.0,-4.577938353557676,0.0,0.0,0,1761054786.2151437
5,47,-0.2021493009461885,0.0,0.0,-9.50101714447086,0.0,0.0,0,1761054787.279457
6,20,-0.06196634988478063,0.05,0.0,-1.2393269976956125,1.0,0.0,0,1761054787.6766098
7,58,-0.15167607944209371,0.0,0.0,-8.797212607641436,0.0,0.0,0,1761054823.7067134
