episode_index,steps,mean_reward_drift,mean_reward_progress,mean_reward_intrusion,mean_reward_proximity,sum_reward_drift,sum_reward_progress,sum_reward_intrusion,sum_reward_proximity,total_intrusions,finished_at
1,19,-0.0015333157555580817,0.07297775188884677,0.0,0.0,-0.029132999355603553,1.3865772858880887,0.0,0.0,0,1761292957.330812
2,22,-0.0018452006193126523,0.0656550785788632,0.0,0.0,-0.04059441362487835,1.4444117287349902,0.0,0.0,0,1761292969.1211905
3,28,-0.001892366422421179,0.05573867696418009,0.0,0.0,-0.05298625982779301,1.5606829549970425,0.0,0.0,0,1761292980.955467
4,100,-0.008621667315663186,0.027134937612657353,-3.0,0.0,-0.8621667315663186,2.7134937612657355,-300.0,0.0,104,1761292997.6560915
5,20,-0.005104705235679897,0.06944074410424303,-0.6,-0.07386772277708951,-0.10209410471359794,1.3888148820848607,-12.0,-1.4773544555417903,4,1761293000.6348884
6,71,-0.0008680071055041013,0.03375006781859065,0.0,-0.015711458795651105,-0.06162850449079119,2.396254815119936,0.0,-1.1155135744912283,0,1761293016.841952
7,21,-0.009384663602472431,0.06605885680766069,0.0,0.0,-0.19707793565192105,1.3872359929608744,0.0,0.0,0,1761293020.3236315
8,59,-0.002372740781229143,0.036495399536713526,0.0,0.0,-0.13999170609251943,2.153228572666098,0.0,0.0,0,1761293034.679542
