episode_index,steps,mean_reward_drift,mean_reward_progress,mean_reward_intrusion,mean_reward_proximity,sum_reward_drift,sum_reward_progress,sum_reward_intrusion,sum_reward_proximity,total_intrusions,finished_at
1,48,-0.0013940950686777088,0.04058799849429467,0.0,0.0,-0.06691656329653002,1.948223927726144,0.0,0.0,0,1761292960.4225597
2,87,-0.003288641490747917,0.030855590034821,0.0,0.0,-0.2861118096950688,2.684436333029427,0.0,0.0,0,1761292975.9091282
3,72,-0.001813795820497881,0.033469979549491796,0.0,0.0,-0.13059329907584744,2.4098385275634095,0.0,0.0,0,1761292985.6451354
4,95,-0.003052296969615534,0.02967977611889967,0.0,-0.029739245291750267,-0.28996821211347573,2.8195787312954685,0.0,-2.8252283027162752,0,1761292997.1229603
5,51,-0.004682384142999615,0.03869448452588591,-0.47058823529411764,-0.02602807808875838,-0.23880159129298037,1.9734187108201815,-24.0,-1.3274319825266774,8,1761293003.9455712
6,37,-0.0024520287367618917,0.046814536592204276,0.0,0.0,-0.09072506326018999,1.7321378539115582,0.0,0.0,0,1761293013.300627
7,64,-0.00286697140455089,0.035033141924123906,0.0,0.0,-0.18348616989125696,2.24212108314393,0.0,0.0,0,1761293024.8451433
8,10,-0.004986663627903112,0.12071959755789052,0.0,0.0,-0.049866636279031124,1.2071959755789052,0.0,0.0,0,1761293029.4765656
9,22,-0.0024999554458275896,0.06555294537185562,0.0,0.0,-0.05499901980820697,1.4421647981808237,0.0,0.0,0,1761293041.2289047
