episode_index,steps,mean_reward_drift,mean_reward_progress,mean_reward_intrusion,mean_reward_proximity,sum_reward_drift,sum_reward_progress,sum_reward_intrusion,sum_reward_proximity,total_intrusions,finished_at
1,82,-0.0031962685086380557,0.03160584184029411,0.0,-0.0030650976897258716,-0.2620940177083206,2.591679030904117,0.0,-0.2513380105575215,0,1761292963.994233
2,106,-0.0057671334205575625,0.02766930431333078,-0.14150943396226415,-0.024233882205396243,-0.6113161425791016,2.9329462572130627,-15.0,-2.568791513772002,5,1761292977.8840353
3,84,-0.0029886400854573945,0.03130074350990285,0.0,-0.04856738204582946,-0.25104576717842114,2.6292624548318395,0.0,-4.079660091849674,0,1761292986.9225504
4,44,-0.00170814299020305,0.042495662002702356,-0.2727272727272727,-0.040235710836648945,-0.0751582915689342,1.8698091281189035,-12.0,-1.7703712768125537,7,1761292991.7119274
5,94,-0.004183286703374272,0.029760829968160665,-0.1276595744680851,-0.015716536761082877,-0.39322895011718156,2.7975180170071026,-12.0,-1.4773544555417903,4,1761293008.4994125
6,7,-0.0005798636222797782,0.16499400127100047,0.0,-0.1593590820701755,-0.0040590453559584475,1.1549580088970033,0.0,-1.1155135744912283,0,1761293010.168441
7,52,-0.006576219309190678,0.037963744081050396,0.0,-0.017896603079206333,-0.34196340407791526,1.9741146922146207,0.0,-0.9306233601187294,0,1761293023.5899801
8,53,-0.002884888985690425,0.038378553976602864,0.0,-0.0094856207368274,-0.15289911624159253,2.034063360759952,0.0,-0.5027378990518522,0,1761293034.0452683
