episode_index,steps,mean_reward_drift,mean_reward_progress,mean_reward_intrusion,mean_reward_proximity,sum_reward_drift,sum_reward_progress,sum_reward_intrusion,sum_reward_proximity,total_intrusions,finished_at
1,108,-0.008655122153794105,0.026792284105003537,-0.05555555555555555,-0.08144112037710373,-0.9347531926097633,2.893566683340382,-6.0,-8.795641000727203,2,1761292966.7073429
2,75,-0.0037207604190880473,0.03251198177448901,0.0,0.0,-0.27905703143160354,2.438398633086676,0.0,0.0,0,1761292974.659242
3,43,-0.004722692127580735,0.04256506501828479,0.0,-0.0948758160895273,-0.2030757614859716,1.8302977957862459,0.0,-4.079660091849674,0,1761292982.567233
4,52,-0.0023308296434778938,0.038867092731112246,0.0,0.0,-0.12120314146085048,2.0210888220178367,0.0,0.0,0,1761292992.553726
5,65,-0.0031182560675533746,0.03479445887896124,0.0,0.0,-0.20268664439096934,2.2616398271324805,0.0,0.0,0,1761293005.4307573
6,82,-0.005636844645779622,0.031037445532258838,0.0,0.0,-0.46222126095392896,2.545070533645225,0.0,0.0,0,1761293017.9860578
7,90,-0.0039040601502758777,0.03019806599607953,0.0,-0.04953481252841838,-0.351365413524829,2.717825939647158,0.0,-4.458133127557654,0,1761293027.5746107
8,39,-0.003186408380300337,0.04509928270999035,0.0,-0.012890715360303902,-0.12426992683171315,1.7588720256896235,0.0,-0.5027378990518522,0,1761293032.5707114
