episode_index,steps,mean_reward_drift,mean_reward_progress,mean_reward_intrusion,mean_reward_proximity,sum_reward_drift,sum_reward_progress,sum_reward_intrusion,sum_reward_proximity,total_intrusions,finished_at
1,85,-0.00372052405675678,0.03085843695427206,0.0,-0.05399889456076147,-0.3162445448243263,2.6229671411131252,0.0,-4.589906037664725,0,1761292964.3071818
2,93,-0.0059556754422667715,0.029208194276056677,-0.16129032258064516,-0.07481394534916125,-0.5538778161308098,2.716362067673271,-15.0,-6.957696917471996,5,1761292976.5339558
3,46,-0.0036384068922022004,0.0412188729962042,0.0,0.0,-0.1673667170413012,1.896068157825393,0.0,0.0,0,1761292982.8879397
4,107,-0.009221543041998823,0.025465259662639926,-2.8878504672897196,-0.028629805452134494,-0.986705105493874,2.724782783902472,-309.0,-3.063389183378391,106,1761292998.395645
5,102,-0.0024258022030849225,0.029154838508890828,0.0,0.0,-0.2474318247146621,2.9737935279068646,0.0,0.0,0,1761293009.3281395
6,42,-0.0025162520374965905,0.04353178677707098,0.0,0.0,-0.1056825855748568,1.828335044636981,0.0,0.0,0,1761293013.827966
7,78,-0.0030848285964995593,0.03224689347804287,0.0,0.0,-0.24061663052696564,2.5152576912873434,0.0,0.0,0,1761293026.3233106
8,66,-0.002796259327964395,0.03461054164607555,0.0,0.0,-0.18455311564565008,2.2842957486409863,0.0,0.0,0,1761293035.4214196
