episode_index,steps,mean_reward_drift,mean_reward_progress,mean_reward_intrusion,mean_reward_proximity,sum_reward_drift,sum_reward_progress,sum_reward_intrusion,sum_reward_proximity,total_intrusions,terminated_waypoint,truncated,finished_at
1,100,-0.0011393853050752998,0.004505042098863572,0.0,0.0,-0.11393853050752997,0.45050420988635714,0.0,0.0,0,False,True,1762851834.4239054
2,107,-0.001709240086391124,0.0022453770011282804,0.0,0.0,-0.18288868924385027,0.240255339120726,0.0,0.0,0,False,True,1762851879.1924775
3,115,-0.0016099176985456855,0.0031854183309041194,0.0,0.0,-0.18514053533275382,0.3663231080539737,0.0,0.0,0,False,True,1762851989.9464989
