episode_index,steps,mean_reward_drift,mean_reward_progress,mean_reward_intrusion,mean_reward_proximity,sum_reward_drift,sum_reward_progress,sum_reward_intrusion,sum_reward_proximity,total_intrusions,terminated_waypoint,truncated,finished_at
1,202,-0.0030050694139397084,-0.0027214350017891248,0.0,0.0,-0.6070240216158211,-0.5497298703614032,0.0,0.0,0,False,True,1762851836.8097782
2,85,-0.002272847406524985,-0.00046846334152386135,0.0,-0.03991027060425278,-0.1931920295546237,-0.03981938402952821,0.0,-3.392373001361486,0,False,True,1762851863.5905864
3,47,-0.003502054908876371,-0.003939286842296107,0.0,-0.00416815905987351,-0.16459658071718944,-0.18514648158791702,0.0,-0.19590347581405496,0,False,True,1762851951.7400525
4,147,-0.0026458436642837996,-9.810810326007472e-05,0.0,0.0,-0.3889390186497185,-0.014421891179230983,0.0,0.0,0,False,True,1762852075.4467447
