episode_index,steps,mean_reward_drift,mean_reward_progress,mean_reward_intrusion,sum_reward_drift,sum_reward_progress,sum_reward_intrusion,finished_at
1,37,-0.17169082757964757,-0.0019459038962204923,-0.08108108108108109,-6.35256062044696,-0.07199844416015821,-3.0,1760947063.9304347
2,12,-0.09995846368930004,0.012384153981336557,0.0,-1.1995015642716005,0.1486098477760387,0.0,1760947064.2624955
3,118,-0.16247592385066745,-0.00024522442781871464,-0.05084745762711865,-19.17215901437876,-0.028936482482608328,-6.0,1760947066.895982
4,4,-0.04770725589203089,0.024159690362210766,0.0,-0.19082902356812356,0.09663876144884306,0.0,1760947066.977886
5,40,-0.06999770259994806,0.015889513510797808,0.0,-2.7999081039979226,0.6355805404319124,0.0,1760947136.069316
6,5,-0.08583237093423893,0.016447042255465383,0.0,-0.4291618546711946,0.08223521127732691,0.0,1760947136.375635
7,1,-0.15516774555010446,5.0,0.0,-0.15516774555010446,5.0,0.0,1760947137.1533916
8,38,-0.08953284681633111,0.012275990428202918,0.0,-3.4022481790205825,0.46648763627171086,0.0,1760947138.131705
9,70,-0.13807795879252094,0.0034313257713014735,0.0,-9.665457115476466,0.24019280399110315,0.0,1760947139.5659173
