episode_index,steps,mean_reward_drift,mean_reward_progress,mean_reward_intrusion,sum_reward_drift,sum_reward_progress,sum_reward_intrusion,finished_at
1,45,-0.17501244825422405,-0.0025817681408187064,-0.06666666666666667,-7.875560171440082,-0.11617956633684179,-3.0,1760947064.0413563
2,40,-0.19457719870919638,-0.006722976875085368,-0.075,-7.783087948367855,-0.2689190750034147,-3.0,1760947064.6451902
3,29,-0.11238046561914211,0.009080467009810522,-0.41379310344827586,-3.259033502955121,0.26333354328450514,-12.0,1760947065.737804
4,163,-0.1580738820260818,1.8696180925447474e-05,-0.0736196319018405,-25.76604277025133,0.0030474774908479385,-12.0,1760947069.0693831
5,41,-0.11637131382006102,0.008119173991009263,0.0,-4.771223866622502,0.33288613363137975,0.0,1760947136.0814047
6,25,-0.1415947699310296,0.0033608812991787595,0.0,-3.53986924827574,0.08402203247946899,0.0,1760947136.74055
7,10,-0.0980689606358108,0.013557605082495938,0.0,-0.9806896063581081,0.13557605082495938,0.0,1760947137.3106003
8,52,-0.2220908513076803,-0.011022474997071654,0.0,-11.548724267999376,-0.573168699847726,0.0,1760947138.341488
