episode_index,steps,mean_reward_drift,mean_reward_progress,mean_reward_intrusion,mean_reward_proximity,sum_reward_drift,sum_reward_progress,sum_reward_intrusion,sum_reward_proximity,total_intrusions,terminated_waypoint,truncated,finished_at
1,232,-0.002689590234546708,-0.0011295070527548357,-0.01293103448275862,-0.0030875165659533027,-0.6239849344148363,-0.2620456362391219,-3.0,-0.7163038433011663,1,False,True,1762851837.4838667
2,103,-0.0028931913699641676,-0.0031103154090906344,-0.02912621359223301,-0.018816853483517994,-0.29799871110630927,-0.32036248713633536,-3.0,-1.9381359088023535,1,False,True,1762851862.2767258
3,54,-0.002986556900867608,-0.0014724762199040706,0.0,0.0,-0.16127407264685084,-0.07951371587481981,0.0,0.0,0,False,True,1762851904.0808873
4,228,-0.0020098277122349234,0.0013740949120987953,-0.013157894736842105,-0.01268632333519481,-0.45824071838956254,0.3132936399585253,-3.0,-2.8924817204244166,1,False,True,1762852128.4249063
