episode_index,steps,mean_reward_drift,mean_reward_progress,mean_reward_intrusion,mean_reward_proximity,sum_reward_drift,sum_reward_progress,sum_reward_intrusion,sum_reward_proximity,total_intrusions,terminated_waypoint,truncated,finished_at
1,203,-0.0028429834532510646,-0.002940319236515146,0.0,-0.010107716411910392,-0.5771256410099661,-0.5968848050125746,0.0,-2.0518664316178095,0,False,True,1762851836.8313065
2,146,-0.0012411413180912169,0.004420617845939367,0.0,-0.00263366787233755,-0.18120663244131766,0.6454102055071476,0.0,-0.3845155093612823,0,False,True,1762851881.6856928
3,258,-0.0027584365263436375,-0.0014748880628514044,0.0,-0.005532551384910708,-0.7116766237966584,-0.3805211202156623,0.0,-1.4273982573069626,0,False,True,1762851993.9419453
