episode_index,steps,mean_reward_drift,mean_reward_progress,mean_reward_intrusion,sum_reward_drift,sum_reward_progress,sum_reward_intrusion,total_intrusions,finished_at
1,37,-0.1292372489476979,0.0,-0.08108108108108109,-4.781778211064822,0.0,-3.0,3,1761054472.2357292
2,26,-0.13515216627096877,0.0,-0.038461538461538464,-3.5139563230451882,0.0,-1.0,1,1761054472.6673121
3,23,-0.22783316319356267,0.0,0.0,-5.2401627534519415,0.0,0.0,0,1761054473.5854263
4,43,-0.15197043527312148,0.0,-0.046511627906976744,-6.534728716744223,0.0,-2.0,2,1761054474.6731594
5,41,-0.17432206867524133,0.0,0.0,-7.147204815684895,0.0,0.0,0,1761054512.4506345
