episode_index,steps,mean_reward_drift,mean_reward_progress,mean_reward_intrusion,sum_reward_drift,sum_reward_progress,sum_reward_intrusion,total_intrusions,finished_at
1,16,-0.10674714677745561,0.0,-0.125,-1.7079543484392898,0.0,-2.0,2,1761054471.93065
2,61,-0.18059319570062785,0.0,-0.01639344262295082,-11.016184937738299,0.0,-1.0,1,1761054473.1203034
3,6,-0.0738258486687939,0.0,0.0,-0.4429550920127634,0.0,0.0,0,1761054473.2703354
4,113,-0.15054926532054633,0.0,0.0,-17.012066981221736,0.0,0.0,0,1761054511.8450701
5,2,-0.0563923849149548,0.5,0.0,-0.1127847698299096,1.0,0.0,0,1761054511.899634
6,35,-0.1818527470347164,0.0,0.0,-6.364846146215074,0.0,0.0,0,1761054512.9952524
