episode_index,steps,mean_reward_drift,mean_reward_progress,mean_reward_intrusion,sum_reward_drift,sum_reward_progress,sum_reward_intrusion,total_intrusions,finished_at
1,23,-0.14730830420722188,0.0,-0.043478260869565216,-3.3880909967661035,0.0,-1.0,1,1761054472.0397666
2,40,-0.1700564669889652,0.0,0.0,-6.802258679558609,0.0,0.0,0,1761054472.8406858
3,11,-0.16098560009682214,0.0,0.0,-1.7708416010650434,0.0,0.0,0,1761054473.3691437
4,79,-0.1794684835591062,0.0,0.0,-14.17801020116939,0.0,0.0,0,1761054511.3804736
5,21,-0.16532040949565202,0.0,0.0,-3.471728599408692,0.0,0.0,0,1761054512.1668916
6,14,-0.2121034416706094,0.0,0.0,-2.969448183388532,0.0,0.0,0,1761054512.7125897
7,72,-0.14949888919556253,0.0,-0.027777777777777776,-10.763920022080503,0.0,-2.0,2,1761054513.989841
