episode_index,steps,mean_reward_drift,mean_reward_progress,mean_reward_intrusion,mean_reward_proximity,sum_reward_drift,sum_reward_progress,sum_reward_intrusion,sum_reward_proximity,total_intrusions,finished_at
1,170,-0.035847818650184146,-0.002981570854851939,0.0,0.0,-6.094129170531304,-0.5068670453248296,0.0,0.0,0,1761290467.8371298
2,77,-0.02137761893724893,0.008094519761437017,0.0,0.0,-1.6460766581681674,0.6232780216306503,0.0,0.0,0,1761290468.6896834
3,153,-0.04130578495432323,-0.006796953833464112,-0.23529411764705882,-0.003957241468023614,-6.3197850980114545,-1.039933936520009,-36.0,-0.6054579446076129,6,1761290469.9825716
4,83,-0.01587821148705224,0.011774097119438179,-0.43373493975903615,-0.02642415187224262,-1.317891553425336,0.9772500609133689,-36.0,-2.1932046053961374,6,1761290471.2075367
5,142,-0.03698416551231745,-0.004296568732623138,0.0,0.0,-5.251751502749078,-0.6101127600324856,0.0,0.0,0,1761290472.4474037
