episode_index,steps,mean_reward_drift,mean_reward_progress,mean_reward_intrusion,mean_reward_proximity,sum_reward_drift,sum_reward_progress,sum_reward_intrusion,sum_reward_proximity,total_intrusions,finished_at
1,227,-0.03995263017926654,-0.005136784236305604,0.0,0.0,-9.069247050693505,-1.166050021641372,0.0,0.0,0,1761290468.0928407
2,58,-0.03400691148744674,-0.001739762380597407,0.0,-0.0029975663748360317,-1.9724008662719106,-0.10090621807464961,0.0,-0.17385884974048985,0,1761290468.5611904
3,83,-0.02529352220676509,0.004129474105352892,0.0,0.0,-2.0993623431615025,0.34274635074429005,0.0,0.0,0,1761290469.5458357
4,108,-0.03765612469401263,-0.004414033763159345,-0.2777777777777778,-0.027932632666962512,-4.066861466953364,-0.4767156464212092,-30.0,-3.0167243280319513,8,1761290471.360116
5,73,-0.032473852474481646,-0.0004747853728633464,-0.3287671232876712,-0.017067307396831603,-2.37059123063716,-0.034659332219024286,-24.0,-1.245913439968707,4,1761290472.030552
6,85,-0.02353206559613679,0.005619524367060373,-1.0588235294117647,-0.013971780366321272,-2.000225575671627,0.4776595712001317,-90.0,-1.1876013311373081,15,1761290473.1602585
7,140,-0.028537476717508437,0.002541289532097217,-0.34285714285714286,-0.017189712533324953,-3.995246740451181,0.35578053449361036,-48.0,-2.4065597546654933,8,1761290474.7772849
