episode_index,steps,mean_reward_drift,mean_reward_progress,mean_reward_intrusion,mean_reward_proximity,sum_reward_drift,sum_reward_progress,sum_reward_intrusion,sum_reward_proximity,total_intrusions,finished_at
1,100,-0.025814052901391563,0.004513514720118069,0.0,0.0,-2.5814052901391564,0.4513514720118069,0.0,0.0,0,1761290467.4273622
2,111,-0.03260559081316944,5.7806164084642854e-05,0.0,0.0,-3.619220580261808,0.006416484213395357,0.0,0.0,0,1761290468.8330984
3,130,-0.024022650267396573,0.006254641666877728,-0.27692307692307694,-0.004657368804673946,-3.1229445347615545,0.8131034166941047,-36.0,-0.6054579446076129,6,1761290469.8640544
4,112,-0.01879767004345776,0.00864363706548689,0.0,0.0,-2.1053390448672693,0.9680873513345316,0.0,0.0,0,1761290471.3847601
5,116,-0.025760094255796947,0.004254659316000773,-0.20689655172413793,-0.010740633103178509,-2.988170933672446,0.4935404806560897,-24.0,-1.245913439968707,4,1761290472.3249342
6,216,-0.023662600993266086,0.0031211504984189867,-0.2777777777777778,-0.010882436453481735,-5.111121814545474,0.6741685076585011,-60.0,-2.350606273952055,10,1761290473.855937
