episode_index,steps,mean_reward_drift,mean_reward_progress,mean_reward_intrusion,mean_reward_proximity,sum_reward_drift,sum_reward_progress,sum_reward_intrusion,sum_reward_proximity,total_intrusions,finished_at
1,167,-0.03895874623849878,-0.004360510379818313,0.0,0.0,-6.506110621829296,-0.7282052334296583,0.0,0.0,0,1761290467.8220956
2,38,-0.03027678704256572,0.0015508490221638471,0.0,0.0,-1.1505179076174974,0.05893226284222619,0.0,0.0,0,1761290468.4288487
3,41,-0.007843761445568257,0.041234862755659345,0.0,0.0,-0.3215942192682985,1.6906293729820332,0.0,0.0,0,1761290469.2129424
4,154,-0.04044198755582486,-0.005662559089796419,-0.6623376623376623,-0.002659580498440614,-6.228066083597028,-0.8720340998286484,-102.0,-0.4095753967598545,22,1761290471.571049
