episode_index,steps,mean_reward_drift,mean_reward_progress,mean_reward_intrusion,sum_reward_drift,sum_reward_progress,sum_reward_intrusion,finished_at
1,30,-0.07634128353326528,0.015725386447983183,0.0,-2.290238505997958,0.4717615934394955,0.0,1760947063.9148414
2,19,-0.22030864234008346,-0.009370642285926151,0.0,-4.185864204461586,-0.17804220343259686,0.0,1760947064.603456
3,84,-0.1880088208340927,-0.0049379765249087555,-0.07142857142857142,-15.792740950063788,-0.41479002809233545,-6.0,1760947066.1011677
4,26,-0.18355155035527038,-0.004348075669734181,0.0,-4.77234030923703,-0.1130499674130887,0.0,1760947066.5424783
5,60,-0.16344220655484573,-0.0015922670775413816,-0.1,-9.806532393290745,-0.0955360246524829,-6.0,1760947067.6548183
6,14,-0.11689422301859916,0.008413773854657533,0.0,-1.636519122260388,0.11779283396520546,0.0,1760947067.9315922
7,31,-0.17740888901368357,-0.0011488749116235532,-0.0967741935483871,-5.49967555942419,-0.035615122260330145,-3.0,1760947069.1733506
8,18,-0.1571325309543125,0.0021747549751981424,0.0,-2.8283855571776253,0.03914558955356656,0.0,1760947135.9445412
9,44,-0.20631231766375652,-0.007682040288427166,0.0,-9.077741977205287,-0.3380097726907953,0.0,1760947137.676292
