episode_index,steps,mean_reward_drift,mean_reward_progress,mean_reward_intrusion,sum_reward_drift,sum_reward_progress,sum_reward_intrusion,finished_at
1,58,-0.189737231956909,-0.0055565274176005985,0.0,-11.004759453500721,-0.3222785902208347,0.0,1760947064.264495
2,18,-0.2318375587114246,-0.012626921540603797,0.0,-4.173076056805643,-0.22728458773086835,0.0,1760947064.5898833
3,14,-0.18245535914428063,-0.0029228888307367856,-0.42857142857142855,-2.554375028019929,-0.040920443630314995,-6.0,1760947065.1345942
4,38,-0.19699982752407977,-0.005959613109091164,0.0,-7.485993445915031,-0.22646529814546423,0.0,1760947066.7310753
5,45,-0.19912749573915664,-0.007417954742390978,-0.2,-8.960737308262049,-0.333807963407594,-9.0,1760947067.4655218
6,64,-0.21549056024679972,-0.01105452900982925,-0.046875,-13.791395855795182,-0.707489856629072,-3.0,1760947068.593718
7,31,-0.14285119296482476,0.00360153555697955,-0.0967741935483871,-4.428386981909568,0.11164760226636605,-3.0,1760947069.1733506
8,81,-0.14700305696252453,0.0028721101272988487,0.0,-11.907247613964486,0.23264092031120676,0.0,1760947136.8569236
