episode_index,steps,mean_reward_drift,mean_reward_progress,mean_reward_intrusion,mean_reward_proximity,sum_reward_drift,sum_reward_progress,sum_reward_intrusion,sum_reward_proximity,total_intrusions,terminated_waypoint,truncated,finished_at
1,201,-0.0024266296847632006,-0.0009642689664690925,0.0,0.0,-0.4877525666374033,-0.19381806226028758,0.0,0.0,0,False,True,1762865684.3635938
2,57,-0.0016656490591973484,0.0019728876125580707,-0.05263157894736842,-0.03194378511253733,-0.09494199637424885,0.11245459391581003,-3.0,-1.8207957514146276,1,False,True,1762865688.3485732
3,198,-0.0018339785054107896,0.0026217064808120743,0.0,-0.00899185428715929,-0.36312774407133636,0.5190978832007908,0.0,-1.7803871488575396,0,False,True,1762865714.8443582
