episode_index,steps,mean_reward_drift,mean_reward_progress,mean_reward_intrusion,mean_reward_proximity,sum_reward_drift,sum_reward_progress,sum_reward_intrusion,sum_reward_proximity,total_intrusions,terminated_waypoint,truncated,finished_at
1,135,-0.002544800495384736,-0.0016166015742126402,0.0,0.0,-0.3435480668769394,-0.21824121251870643,0.0,0.0,0,False,True,1762865679.8564827
2,233,-0.0022503388234899786,0.0004383462469963614,-0.012875536480686695,-0.010320886792939129,-0.524328945873165,0.10213467555015221,-3.0,-2.404766622754817,1,False,True,1762865700.9878118
