episode_index,steps,mean_reward_drift,mean_reward_progress,mean_reward_intrusion,mean_reward_proximity,sum_reward_drift,sum_reward_progress,sum_reward_intrusion,sum_reward_proximity,total_intrusions,terminated_waypoint,truncated,finished_at
1,155,-0.0016018782212073373,0.0025180722218378286,-0.01935483870967742,-0.008235722489299145,-0.2482911242871373,0.39030119438486344,-3.0,-1.2765369858413675,1,False,True,1762852343.302856
2,400,-0.0019629401928124754,0.0006385737759273277,0.0,0.0,-0.7851760771249902,0.2554295103709311,0.0,0.0,0,False,True,1762852422.6470535
3,217,-0.0016163564695026453,0.002550527920448182,0.0,0.0,-0.350749353882074,0.5534645587372555,0.0,0.0,0,False,True,1762852451.5557554
4,187,-0.0018841153012195103,-0.0016867564612091104,0.0,-0.0007440350454920428,-0.35232956132804844,-0.3154234582461036,0.0,-0.139134553507012,0,False,True,1762852476.6813562
5,163,-0.002570109012778593,-0.0013953014901215304,0.0,-0.004250141600576382,-0.4189277690829107,-0.22743414288980945,0.0,-0.6927730808939502,0,False,True,1762852526.4306326
6,154,-0.0013476980248269363,-0.0033810438168076474,0.0,0.0,-0.2075454958233482,-0.5206807477883777,0.0,0.0,0,False,True,1762852566.1388328
