episode_index,steps,mean_reward_drift,mean_reward_progress,mean_reward_intrusion,mean_reward_proximity,sum_reward_drift,sum_reward_progress,sum_reward_intrusion,sum_reward_proximity,total_intrusions,terminated_waypoint,truncated,finished_at
1,67,-0.003411589873073642,-0.00458986957980311,0.0,0.0,-0.22857652149593402,-0.3075212618468084,0.0,0.0,0,False,True,1762852341.6548557
2,181,-0.002938397960827269,-0.0036655089775143508,-0.016574585635359115,-0.036869834004305706,-0.5318500309097357,-0.6634571249300975,-3.0,-6.673439954779333,1,False,True,1762852393.3149126
3,70,-0.0024915478287003737,-0.0021806881727367113,0.0,0.0,-0.17440834800902616,-0.15264817209156978,0.0,0.0,0,False,True,1762852427.4105606
4,379,-0.0027958083024920382,-0.001688448032532356,0.0,-0.00922509346519542,-1.0596113466444825,-0.639921804329763,0.0,-3.4963104233090645,0,False,True,1762852503.1120903
