episode_index,steps,mean_reward_drift,mean_reward_progress,mean_reward_intrusion,mean_reward_path_efficiency,mean_reward_boundary,mean_reward_step,mean_reward_proximity,sum_reward_drift,sum_reward_progress,sum_reward_intrusion,sum_reward_path_efficiency,sum_reward_boundary,sum_reward_step,sum_reward_proximity,total_intrusions,terminated_waypoint,terminated_collision,truncated,finished_at
1,20,-0.0019238306377417397,0.009999926294799063,-4.5,0.0,0.0,-0.005000000000000001,0.38044254130023214,-0.03847661275483479,0.19999852589598127,-90.0,0.0,0.0,-0.10000000000000002,7.608850826004643,6,False,True,False,1764700201.78241
2,9,-0.004851113972239697,-0.0002297234846494837,-1.6666666666666667,0.0,0.0,-0.005,0.3371278977039806,-0.043660025750157275,-0.0020675113618453533,-15.0,0.0,0.0,-0.045,3.0341510793358255,1,False,True,False,1764700216.2152302
3,21,-0.005374124627352201,-0.0019081031404299107,-0.7142857142857143,0.0,0.0,-0.005000000000000001,0.4584802046678848,-0.11285661717439621,-0.040070165949028125,-15.0,0.0,0.0,-0.10500000000000002,9.62808429802558,1,False,True,False,1764700229.5735307
4,39,-0.004299577714677396,0.002009888759139322,-0.38461538461538464,0.0,0.0,-0.005000000000000003,0.23941455033509293,-0.16768353087241844,0.07838566160643357,-15.0,0.0,0.0,-0.1950000000000001,9.337167463068624,1,False,True,False,1764700249.855865
5,10,-0.00104537113970145,0.005423336236533238,-1.5,0.0,0.0,-0.004999999999999999,0.3705968190956542,-0.0104537113970145,0.05423336236533238,-15.0,0.0,0.0,-0.049999999999999996,3.7059681909565416,1,False,True,False,1764700302.1946967
