episode_index,steps,mean_reward_drift,mean_reward_progress,mean_reward_intrusion,mean_reward_path_efficiency,mean_reward_boundary,mean_reward_step,mean_reward_proximity,sum_reward_drift,sum_reward_progress,sum_reward_intrusion,sum_reward_path_efficiency,sum_reward_boundary,sum_reward_step,sum_reward_proximity,total_intrusions,terminated_waypoint,terminated_collision,truncated,finished_at
1,19,-0.0016371140250643085,0.008680321606452567,-0.7894736842105263,0.0,0.0,-0.005000000000000001,0.1487596892575933,-0.03110516647622186,0.16492611052259876,-15.0,0.0,0.0,-0.09500000000000001,2.826434095894273,1,False,True,False,1764700201.630144
2,9,-0.0017833102467147918,0.009499519681195433,-1.6666666666666667,0.0,0.0,-0.005,0.3189632016619639,-0.016049792220433127,0.0854956771307589,-15.0,0.0,0.0,-0.045,2.8706688149576753,1,False,True,False,1764700216.2152302
3,17,-0.0030087962405602746,0.006913794473137277,0.0,0.0,0.0,-0.005,0.20309710580216914,-0.05114953608952467,0.11753450604333371,0.0,0.0,0.0,-0.085,3.4526507986368755,0,False,True,False,1764700229.4008749
4,106,-0.0058627753790443824,-0.0014522829170809475,0.0,0.0,-0.018867924528301886,-0.005000000000000004,0.0014049540838701458,-0.6214541901787045,-0.15394198921058044,0.0,0.0,-2.0,-0.5300000000000004,0.14892513289023546,0,False,False,True,1764700259.0183313
5,3,-0.0017385800723023618,0.005696436927595065,-5.0,0.0,0.0,-0.005,0.6510688614811747,-0.005215740216907085,0.017089310782785194,-15.0,0.0,0.0,-0.015,1.953206584443524,1,False,True,False,1764700301.3317194
