episode_index,steps,mean_reward_drift,mean_reward_progress,mean_reward_intrusion,mean_reward_path_efficiency,mean_reward_boundary,mean_reward_step,mean_reward_proximity,sum_reward_drift,sum_reward_progress,sum_reward_intrusion,sum_reward_path_efficiency,sum_reward_boundary,sum_reward_step,sum_reward_proximity,total_intrusions,terminated_waypoint,terminated_collision,truncated,finished_at
1,3,-0.0013597232301991275,0.007352288120099508,-5.0,0.0,0.0,-0.005,0.7017877877977875,-0.004079169690597383,0.022056864360298523,-15.0,0.0,0.0,-0.015,2.1053633633933626,1,False,True,False,1764700200.1419048
2,5,-0.0010699270068782007,0.007764633246708508,-3.0,0.0,0.0,-0.005,0.6284361810379696,-0.005349635034391003,0.03882316623354254,-15.0,0.0,0.0,-0.025,3.142180905189848,1,False,True,False,1764700215.8813927
3,29,-0.0022150625169962347,0.005729996826018062,0.0,0.0,-0.06896551724137931,-0.005000000000000002,0.0,-0.0642368129928908,0.1661699079545238,0.0,0.0,-2.0,-0.14500000000000005,0.0,0,False,False,True,1764700230.0486305
4,400,-0.005299090294568472,-0.00025878753959136303,0.0,0.0,0.0,-0.004999999999999948,0.0573403947903084,-2.119636117827389,-0.10351501583654521,0.0,0.0,0.0,-1.9999999999999793,22.93615791612336,0,False,False,True,1764700300.2621965
