episode_index,steps,mean_reward_drift,mean_reward_progress,mean_reward_intrusion,mean_reward_path_efficiency,mean_reward_boundary,mean_reward_step,mean_reward_proximity,sum_reward_drift,sum_reward_progress,sum_reward_intrusion,sum_reward_path_efficiency,sum_reward_boundary,sum_reward_step,sum_reward_proximity,total_intrusions,terminated_waypoint,terminated_collision,truncated,finished_at
1,4,-0.001058939720081637,0.007441489551627323,-3.75,0.0,0.0,-0.005,0.6108004689500452,-0.004235758880326548,0.02976595820650929,-15.0,0.0,0.0,-0.02,2.443201875800181,1,False,True,False,1764700200.23425
2,9,-0.004890028385137678,-0.0009383208811034605,-1.6666666666666667,0.0,0.0,-0.005,0.2557538983661975,-0.0440102554662391,-0.008444887929931144,-15.0,0.0,0.0,-0.045,2.3017850852957773,1,False,True,False,1764700216.2152302
3,81,-0.0028015853978981243,0.008297593528106833,0.0,0.0,0.0,-0.005000000000000003,0.21965995976772307,-0.22692841722974808,0.6721050757766535,0.0,0.0,0.0,-0.40500000000000025,17.792456741185568,0,False,True,False,1764700232.8292751
4,34,-0.003941349389510858,0.0013193955320843448,-0.4411764705882353,0.0,0.0,-0.005000000000000002,0.11083107944918998,-0.13400587924336915,0.044859448090867726,-15.0,0.0,0.0,-0.17000000000000007,3.7682567012724593,1,False,True,False,1764700249.3022168
5,9,-0.0011590169302472077,0.005347285515124657,-1.6666666666666667,0.0,0.0,-0.005,0.28609163307253627,-0.01043115237222487,0.04812556963612191,-15.0,0.0,0.0,-0.045,2.5748246976528266,1,False,True,False,1764700302.1318738
