episode_index,steps,mean_reward_drift,mean_reward_progress,mean_reward_intrusion,mean_reward_path_efficiency,mean_reward_boundary,mean_reward_step,mean_reward_proximity,sum_reward_drift,sum_reward_progress,sum_reward_intrusion,sum_reward_path_efficiency,sum_reward_boundary,sum_reward_step,sum_reward_proximity,total_intrusions,terminated_waypoint,terminated_collision,truncated,finished_at
1,20,-0.004339028884177892,0.0002741623786462921,0.0,0.0,0.0,-0.005000000000000001,0.09552241757754096,-0.08678057768355785,0.005483247572925842,0.0,0.0,0.0,-0.10000000000000002,1.9104483515508193,0,False,True,False,1764700201.78241
2,60,-0.005847807725373159,-0.004606103623641189,-0.25,0.0,-0.03333333333333333,-0.005000000000000003,0.4721990601300835,-0.35086846352238954,-0.27636621741847134,-15.0,0.0,-2.0,-0.30000000000000016,28.33194360780501,1,False,False,True,1764700219.7680554
3,10,-0.002940214446523411,0.004723184253241408,-1.5,0.0,0.0,-0.004999999999999999,0.1989945265813618,-0.029402144465234113,0.04723184253241408,-15.0,0.0,0.0,-0.049999999999999996,1.9899452658136179,1,False,True,False,1764700228.9388974
4,142,-0.005779074822753846,-0.0015028711804470857,0.0,0.0,-0.014084507042253521,-0.005000000000000004,0.05818220024634466,-0.8206286248310461,-0.21340770762348615,0.0,0.0,-2.0,-0.7100000000000005,8.261872434980942,0,False,False,True,1764700263.504777
5,47,-0.00526993738805835,-0.0007032857737623087,0.0,0.0,0.0,-0.005000000000000003,0.08285593121581264,-0.24768705723874246,-0.03305443136682851,0.0,0.0,0.0,-0.23500000000000013,3.8942287671431943,0,False,True,False,1764700307.2314293
