episode_index,steps,mean_reward_drift,mean_reward_progress,mean_reward_intrusion,mean_reward_path_efficiency,mean_reward_boundary,mean_reward_step,mean_reward_proximity,sum_reward_drift,sum_reward_progress,sum_reward_intrusion,sum_reward_path_efficiency,sum_reward_boundary,sum_reward_step,sum_reward_proximity,total_intrusions,terminated_waypoint,terminated_collision,truncated,finished_at
1,9,-0.0041146805826191265,0.001433192060203117,-1.6666666666666667,0.0,0.0,-0.005,0.20685961988938015,-0.03703212524357214,0.012898728541828053,-15.0,0.0,0.0,-0.045,1.8617365790044214,1,False,True,False,1764700200.7880008
2,5,-0.003548969563367252,0.003793380418461112,-3.0,0.0,0.0,-0.005,0.5519103711398317,-0.01774484781683626,0.01896690209230556,-15.0,0.0,0.0,-0.025,2.7595518556991583,1,False,True,False,1764700215.8813927
3,10,-0.0012131021540404269,0.010518958758708558,-1.5,0.0,0.0,-0.004999999999999999,0.3831243797889311,-0.012131021540404269,0.10518958758708558,-15.0,0.0,0.0,-0.049999999999999996,3.8312437978893112,1,False,True,False,1764700228.9388974
4,44,-0.005620213362230708,-0.0007210030658134535,0.0,0.0,-0.045454545454545456,-0.005000000000000003,0.0,-0.24728938793815114,-0.031724134895791956,0.0,0.0,-2.0,-0.2200000000000001,0.0,0,False,False,True,1764700250.592852
5,111,-0.003450726761966089,0.0018354506153631645,-0.13513513513513514,0.0,0.0,-0.005000000000000004,0.041985029034217275,-0.38303067057823587,0.20373501830531127,-15.0,0.0,0.0,-0.5550000000000004,4.660338222798117,1,False,True,False,1764700315.9515882
