episode_index,steps,mean_reward_drift,mean_reward_progress,mean_reward_intrusion,mean_reward_path_efficiency,mean_reward_boundary,mean_reward_step,mean_reward_proximity,sum_reward_drift,sum_reward_progress,sum_reward_intrusion,sum_reward_path_efficiency,sum_reward_boundary,sum_reward_step,sum_reward_proximity,total_intrusions,terminated_waypoint,terminated_collision,truncated,finished_at
1,98,-0.004577318389387291,-0.0015487848284292892,0.0,0.0,-0.02040816326530612,-0.005000000000000004,0.37260169336562354,-0.4485772021599545,-0.15178091318607034,0.0,0.0,-2.0,-0.4900000000000003,36.51496594983111,0,False,False,True,1764700206.1016655
2,5,-0.0025562676277448627,0.006459481814155832,-3.0,0.0,0.0,-0.005,0.6284361810379696,-0.012781338138724313,0.03229740907077916,-15.0,0.0,0.0,-0.025,3.142180905189848,1,False,True,False,1764700215.8813927
3,30,-0.0025336344505452937,0.008490595901411657,0.0,0.0,-0.06666666666666667,-0.005000000000000002,0.0,-0.0760090335163588,0.2547178770423497,0.0,0.0,-2.0,-0.15000000000000005,0.0,0,False,False,True,1764700230.0656369
4,33,-0.005357320279347478,-0.0005063201350560097,-0.45454545454545453,0.0,0.0,-0.005000000000000002,0.09247382946376491,-0.17679156921846678,-0.016708564456848318,-15.0,0.0,0.0,-0.16500000000000006,3.051636372304242,1,False,True,False,1764700249.0025954
5,75,-0.0029290263247375905,0.002021650903386479,0.0,0.0,0.0,-0.005000000000000003,0.21233893376450522,-0.2196769743553193,0.15162381775398592,0.0,0.0,0.0,-0.3750000000000002,15.925420032337891,0,False,True,False,1764700311.1796484
