episode_index,steps,mean_reward_drift,mean_reward_progress,mean_reward_intrusion,mean_reward_path_efficiency,mean_reward_boundary,mean_reward_step,mean_reward_proximity,sum_reward_drift,sum_reward_progress,sum_reward_intrusion,sum_reward_path_efficiency,sum_reward_boundary,sum_reward_step,sum_reward_proximity,total_intrusions,terminated_waypoint,terminated_collision,truncated,finished_at
1,7,-0.001771682792195307,0.008393853242733704,-2.142857142857143,0.0,0.0,-0.005,0.26561806034201196,-0.012401779545367149,0.058756972699135934,-15.0,0.0,0.0,-0.035,1.8593264223940837,1,False,True,False,1764586777.837607
2,5,-0.0020537628178676796,0.007933847215999346,-3.0,0.0,0.0,-0.005,0.3881073166360153,-0.010268814089338399,0.03966923607999673,-15.0,0.0,0.0,-0.025,1.9405365831800765,1,False,True,False,1764586781.5895925
3,112,-0.0032670892059272366,0.005042482669762032,0.0,0.0,0.0,-0.005000000000000004,0.2491653170679041,-0.3659139910638505,0.5647580590133476,0.0,0.0,0.0,-0.5600000000000004,27.90651551160526,0,False,True,False,1764586795.0996068
