episode_index,steps,mean_reward_drift,mean_reward_progress,mean_reward_intrusion,mean_reward_path_efficiency,mean_reward_boundary,mean_reward_step,mean_reward_proximity,sum_reward_drift,sum_reward_progress,sum_reward_intrusion,sum_reward_path_efficiency,sum_reward_boundary,sum_reward_step,sum_reward_proximity,total_intrusions,terminated_waypoint,terminated_collision,truncated,finished_at
1,81,-0.007522529215748184,-0.010159786425805955,-1.4814814814814814,0.0,-0.024691358024691357,-0.005000000000000003,0.12030709750165831,-0.6093248664756029,-0.8229427004902824,-120.0,0.0,-2.0,-0.40500000000000025,9.744874897634324,8,False,False,True,1764586781.0122285
2,159,-0.0061998475632070085,-0.006919379641676715,0.0,0.0,-0.012578616352201259,-0.005000000000000004,0.050541968396317645,-0.9857757625499144,-1.1001813630265977,0.0,0.0,-2.0,-0.7950000000000006,8.036172975014505,0,False,False,True,1764586793.752829
