episode_index,steps,mean_reward_drift,mean_reward_progress,mean_reward_intrusion,mean_reward_proximity,sum_reward_drift,sum_reward_progress,sum_reward_intrusion,sum_reward_proximity,total_intrusions,terminated_waypoint,truncated,finished_at
1,80,-0.002721416125731375,-0.001545863654552812,0.0,0.0,-0.21771329005850998,-0.12366909236422496,0.0,0.0,0,False,True,1762852341.8911047
2,187,-0.0025902739270417534,-0.0019932942891417453,-0.016042780748663103,-0.004627391058762682,-0.48438122435680786,-0.3727460320695064,-3.0,-0.8653221279886215,1,False,True,1762852365.0786479
3,119,-0.0020364939879891513,0.000882167347845289,0.0,0.0,-0.242342784570709,0.10497791439358939,0.0,0.0,0,False,True,1762852397.2330978
4,107,-0.002711747133981406,-0.0015862402548642502,0.0,-0.0013453963570681318,-0.29015694333601044,-0.16972770727047476,0.0,-0.1439574102062901,0,False,True,1762852421.8083124
5,78,-0.003028504408806251,-0.002862032310398096,0.0,0.0,-0.2362233438868876,-0.2232385202110515,0.0,0.0,0,False,True,1762852430.0672233
6,48,-0.0026756433567625168,-0.003093722480348629,0.0,0.0,-0.1284308811246008,-0.1484986790567342,0.0,0.0,0,False,True,1762852452.5429933
7,106,-0.00347139699636445,-0.004800590976913814,-0.05660377358490566,-0.005568574991033347,-0.3679680816146317,-0.5088626435528643,-6.0,-0.5902689490495348,2,False,True,1762852521.6983664
8,285,-0.0019051120422936578,0.002142119147241159,0.0,-0.0030894204476425804,-0.5429569320536924,0.6105039569637303,0.0,-0.8804848275781354,0,False,True,1762852572.8014464
