episode_index,steps,mean_reward_drift,mean_reward_progress,mean_reward_intrusion,mean_reward_proximity,sum_reward_drift,sum_reward_progress,sum_reward_intrusion,sum_reward_proximity,total_intrusions,terminated_waypoint,truncated,finished_at
1,144,-0.002910475549901135,-0.0033941282314765525,-0.020833333333333332,-0.01915572151316293,-0.41910847918576344,-0.48875446533262357,-3.0,-2.7584238978954616,1,False,True,1762852343.08461
2,307,-0.0023322915777711493,-0.00027497480311987755,-0.009771986970684038,-0.002818638853383132,-0.7160135143757429,-0.08441726455780241,-3.0,-0.8653221279886215,1,False,True,1762852372.9491143
3,118,-0.0027804957606164986,-0.002583365874119998,0.0,0.0,-0.32809849975274685,-0.30483717314615977,0.0,0.0,0,False,True,1762852397.220315
4,90,-0.0023854521324429313,-0.0012306968297425651,0.0,0.0,-0.2146906919198638,-0.11076271467683085,0.0,0.0,0,False,True,1762852420.573905
5,154,-0.0026259944205647592,-0.0012959907536469776,-0.01948051948051948,-0.006968224887442954,-0.4044031407669729,-0.19958257606163454,-3.0,-1.0731066326662149,1,False,True,1762852449.3194847
