episode_index,steps,mean_reward_drift,mean_reward_progress,mean_reward_intrusion,mean_reward_proximity,sum_reward_drift,sum_reward_progress,sum_reward_intrusion,sum_reward_proximity,total_intrusions,terminated_waypoint,truncated,finished_at
1,56,-0.001578227824096934,-0.0018514810217986105,0.0,0.0,-0.08838075814942829,-0.1036829372207222,0.0,0.0,0,False,True,1762852341.4808636
2,201,-0.002678452891906293,-0.0018855421902460108,0.0,0.0,-0.5383690312731649,-0.3789939802394482,0.0,0.0,0,False,True,1762852365.885217
3,160,-0.0021867866319614103,-0.00017383193993501523,0.0,0.0,-0.34988586111382564,-0.027813110389602436,0.0,0.0,0,False,True,1762852399.9985833
