episode_index,steps,mean_reward_drift,mean_reward_progress,mean_reward_intrusion,mean_reward_proximity,sum_reward_drift,sum_reward_progress,sum_reward_intrusion,sum_reward_proximity,total_intrusions,terminated_waypoint,truncated,finished_at
1,70,-0.002643774823303328,6.576671996960818e-05,0.0,0.0,-0.18506423763123298,0.004603670397872572,0.0,0.0,0,False,True,1762863819.8798492
2,67,-0.0016094046740972989,-0.0022899494934291898,0.0,0.0,-0.10783011316451903,-0.15342661605975572,0.0,0.0,0,False,True,1762863827.030733
3,78,-0.0021229585503461665,0.0009664496313113855,-0.038461538461538464,-0.009989217976703714,-0.165590766927001,0.07538307124228807,-3.0,-0.7791590021828897,1,False,True,1762863838.593388
4,20,-0.001274781982119248,0.001366603131380781,0.0,0.0,-0.025495639642384958,0.027332062627615616,0.0,0.0,0,False,True,1762863852.655631
5,152,-0.001905031820421391,0.000996332796194958,0.0,0.0,-0.2895648367040514,0.15144258502163363,0.0,0.0,0,False,True,1762863876.264703
6,332,-0.0019242834010221427,-0.001958402519660661,0.0,0.0,-0.6388620891393514,-0.6501896365273394,0.0,0.0,0,False,True,1762863913.0875628
7,354,-0.002494735387626474,0.0003236872621009,0.0,0.0,-0.8831363272197719,0.1145852907837186,0.0,0.0,0,False,True,1762863941.7864935
