episode_index,steps,mean_reward_drift,mean_reward_progress,mean_reward_intrusion,mean_reward_proximity,sum_reward_drift,sum_reward_progress,sum_reward_intrusion,sum_reward_proximity,total_intrusions,terminated_waypoint,truncated,finished_at
1,112,-0.003064038277476515,-0.0015557486490790768,-0.026785714285714284,-0.01785001218418519,-0.3431722870773697,-0.1742438486968566,-3.0,-1.9992013646287412,1,False,True,1762616108.5555222
2,78,-0.0014390776377007715,0.0032814543504826456,0.0,0.0,-0.11224805574066017,0.25595343933764636,0.0,0.0,0,False,True,1762616115.479048
3,218,-0.002358556663905466,-0.0008072059265345967,0.0,-0.0005068125507428649,-0.5141653527313916,-0.17597089198454208,0.0,-0.11048513606194453,0,False,True,1762616259.6228302
