episode_index,steps,mean_reward_drift,mean_reward_progress,mean_reward_intrusion,mean_reward_proximity,sum_reward_drift,sum_reward_progress,sum_reward_intrusion,sum_reward_proximity,total_intrusions,terminated_waypoint,truncated,finished_at
1,107,-0.0031427250891131694,-0.004094223814717556,-0.028037383177570093,-0.013075848676776424,-0.33627158453510914,-0.43808194817477847,-3.0,-1.3991158084150774,1,False,True,1762616108.4390519
2,255,-0.0019942319735278065,0.0012736952566177935,0.0,-0.0005645301099497529,-0.5085291532495907,0.3247922904375373,0.0,-0.143955178037187,0,False,True,1762616185.8827927
