episode_index,steps,mean_reward_drift,mean_reward_progress,mean_reward_intrusion,mean_reward_proximity,sum_reward_drift,sum_reward_progress,sum_reward_intrusion,sum_reward_proximity,total_intrusions,terminated_waypoint,truncated,finished_at
1,90,-0.002612612787369959,-0.002047212898263662,0.0,0.0,-0.2351351508632963,-0.18424916084372955,0.0,0.0,0,False,True,1762616108.0536373
2,247,-0.0019020367053862912,-0.0014302763306726512,0.0,-0.0011576093087763938,-0.46980306623041396,-0.35327825367614485,0.0,-0.2859294992677693,0,False,True,1762616184.5737245
3,189,-0.003100601349594303,-0.0022710504055985714,0.0,0.0,-0.5860136550733233,-0.42922852665813,0.0,0.0,0,False,True,1762616254.336306
4,175,-0.0023002442265687008,-0.0007402897544035301,0.0,-0.0020288037804972758,-0.40254273964952264,-0.12955070702061777,0.0,-0.35504066158702324,0,False,True,1762616325.1007714
