episode_index,steps,mean_reward_drift,mean_reward_progress,mean_reward_intrusion,sum_reward_drift,sum_reward_progress,sum_reward_intrusion,finished_at
1,27,-0.16687489911855713,-0.0004698512094492589,0.0,-4.505622276201042,-0.01268598265512999,0.0,1760538820.7501142
2,27,-0.1601046325701762,0.00114457183543748,0.0,-4.322825079394757,0.030903439556811962,0.0,1760538821.9342117
3,38,-0.1473220172119624,0.0025974670097249106,0.0,-5.5982366540545705,0.0987037463695466,0.0,1760538822.7805543
4,80,-0.12553711734852072,0.005836633345090604,0.0,-10.042969387881657,0.4669306676072483,0.0,1760538862.621435
