episode_index,steps,mean_reward_drift,mean_reward_progress,mean_reward_intrusion,mean_reward_proximity,sum_reward_drift,sum_reward_progress,sum_reward_intrusion,sum_reward_proximity,total_intrusions,terminated_waypoint,truncated,finished_at
1,47,-0.002772556805040837,-0.002505349162463373,-0.06382978723404255,-0.013853233277904678,-0.13031016983691934,-0.11775141063577854,-3.0,-0.6511019640615199,1,False,True,1762852341.3081913
2,54,-0.0016698077386855246,0.001999214613214311,0.0,0.0,-0.09016961788901832,0.10795758911357278,0.0,0.0,0,False,True,1762852349.2743506
3,234,-0.0015605753199816337,0.0018706445542919282,-0.02564102564102564,-0.0037009726654769174,-0.3651746248757023,0.4377308257043112,-6.0,-0.8660276037215987,2,False,True,1762852427.7651813
4,144,-0.0033279982740467414,-0.004681283912060253,-0.020833333333333332,-0.01599366752257382,-0.4792317514627308,-0.6741048833366765,-3.0,-2.30308812325063,1,False,True,1762852453.1565213
5,245,-0.0027098932799477318,-0.0019291716399368354,0.0,0.0,-0.6639238535871943,-0.4726470517845247,0.0,0.0,0,False,True,1762852501.0056386
