episode_index,steps,mean_reward_drift,mean_reward_progress,mean_reward_intrusion,mean_reward_proximity,sum_reward_drift,sum_reward_progress,sum_reward_intrusion,sum_reward_proximity,total_intrusions,terminated_waypoint,truncated,finished_at
1,68,-0.0013682102042747945,-0.0004368780493716775,0.0,0.0,-0.09303829389068602,-0.02970770735727407,0.0,0.0,0,False,True,1762852341.687459
2,90,-0.0024592759154917626,-8.67944804418464e-05,0.0,0.0,-0.22133483239425863,-0.0078115032397661766,0.0,0.0,0,False,True,1762852364.926871
3,255,-0.0018430475797506527,0.0020738056039385096,-0.011764705882352941,-0.006666747842935525,-0.4699771328364164,0.5288204290043199,-3.0,-1.700020699948559,1,False,True,1762852429.186275
4,224,-0.0024460456238757896,-0.001368971715928464,0.0,-0.004308498479257122,-0.5479142197481769,-0.3066496643679759,0.0,-0.9651036593535953,0,False,True,1762852471.0138214
5,28,-0.0033403095769720427,-0.0045386766238252885,0.0,0.0,-0.0935286681552172,-0.12708294546710808,0.0,0.0,0,False,True,1762852473.0355341
6,208,-0.0022698107498210643,-0.0006626484292215168,0.0,-0.005794654684811954,-0.47212063596278137,-0.1378308732780755,0.0,-1.2052881744408865,0,False,True,1762852527.2930558
