episode_index,steps,mean_reward_drift,mean_reward_progress,mean_reward_intrusion,mean_reward_proximity,sum_reward_drift,sum_reward_progress,sum_reward_intrusion,sum_reward_proximity,total_intrusions,terminated_waypoint,truncated,finished_at
1,45,-0.0027615046012096113,-0.0018070111895422463,0.0,0.0,-0.1242677070544325,-0.08131550352940109,0.0,0.0,0,False,True,1762866194.701064
2,157,-0.00144683081617441,0.0036556158025428925,-0.01910828025477707,-0.009150350195072973,-0.22715243813938238,0.5739316809992341,-3.0,-1.436604980626457,1,False,True,1762866214.1981533
3,262,-0.002459879749556579,-0.0014177313768732962,-0.011450381679389313,-0.0036439123717843134,-0.6444884943838237,-0.3714456207408036,-3.0,-0.9547050414074901,1,False,True,1762866242.5623236
