episode_index,steps,mean_reward_drift,mean_reward_progress,mean_reward_intrusion,mean_reward_proximity,sum_reward_drift,sum_reward_progress,sum_reward_intrusion,sum_reward_proximity,total_intrusions,terminated_waypoint,truncated,finished_at
1,109,-0.0030187254219434293,-0.003058285039390194,0.0,0.0,-0.3290410709918338,-0.33335306929353115,0.0,0.0,0,False,True,1762522465.573527
2,400,-0.0023237099254958997,-0.0002194575575496835,-0.0075,-0.005243437728079001,-0.9294839701983598,-0.0877830230198734,-3.0,-2.0973750912316005,1,False,True,1762522649.8551686
