episode_index,steps,mean_reward_drift,mean_reward_progress,mean_reward_intrusion,mean_reward_proximity,sum_reward_drift,sum_reward_progress,sum_reward_intrusion,sum_reward_proximity,total_intrusions,terminated_waypoint,truncated,finished_at
1,16,-0.0019408544296510676,0.0006918520634862438,0.0,0.0,-0.031053670874417082,0.0110696330157799,0.0,0.0,0,False,True,1762522436.2952235
2,101,-0.0026511715917126493,-0.0026258063903795066,0.0,0.0,-0.26776833076297757,-0.26520644542833016,0.0,0.0,0,False,True,1762522516.1647158
3,188,-0.0017761713290516247,0.002563984564110952,-0.015957446808510637,-0.0059696942437401325,-0.33392020986170545,0.482029098052859,-3.0,-1.122302517823145,1,False,True,1762522719.5485766
