episode_index,steps,mean_reward_drift,mean_reward_progress,mean_reward_intrusion,sum_reward_drift,sum_reward_progress,sum_reward_intrusion,finished_at
1,33,-0.10238030863215614,0.0,0.0,-3.3785501848611523,0.0,0.0,1761043112.0861177
2,204,-0.1768321374735899,0.0,0.0,-36.07375604461234,0.0,0.0,1761043150.8627374
