episode_index,steps,mean_reward_drift,mean_reward_progress,mean_reward_intrusion,sum_reward_drift,sum_reward_progress,sum_reward_intrusion,finished_at
1,7,-0.1896402864357802,0.0,0.0,-1.3274820050504614,0.0,0.0,1761043111.7099097
2,2,-0.13541016187163674,0.0,0.0,-0.27082032374327347,0.0,0.0,1761043113.1448224
3,64,-0.1666628871311916,0.0,0.0,-10.666424776396262,0.0,0.0,1761043151.8494995
