episode_index,steps,mean_reward_drift,mean_reward_progress,mean_reward_intrusion,sum_reward_drift,sum_reward_progress,sum_reward_intrusion,finished_at
1,16,-0.06840964630701768,0.0,0.0,-1.0945543409122829,0.0,0.0,1761043111.8511896
2,64,-0.12701931614765197,0.0,0.0,-8.129236233449726,0.0,0.0,1761043113.9858437
3,14,-0.1955498837932399,0.0,0.0,-2.7376983731053586,0.0,0.0,1761043151.126634
4,50,-0.10403311289552361,0.0,0.0,-5.201655644776181,0.0,0.0,1761043184.4354393
5,154,-0.13811225863168788,0.0,-0.012987012987012988,-21.269287829279932,0.0,-2.0,1761043221.3675861
