episode_index,steps,mean_reward_drift,mean_reward_progress,mean_reward_intrusion,sum_reward_drift,sum_reward_progress,sum_reward_intrusion,finished_at
1,93,-0.15170011830999602,0.0,0.0,-14.10811100282963,0.0,0.0,1761043112.8450227
2,16,-0.20119991629039466,0.0,0.0,-3.2191986606463145,0.0,0.0,1761043113.361453
3,33,-0.1514574397170331,0.0,0.0,-4.998095510662092,0.0,0.0,1761043151.4430041
4,21,-0.09184912343341309,0.0,0.0,-1.9288315921016748,0.0,0.0,1761043152.2966554
5,16,-0.12216335753390734,0.0,0.0,-1.9546137205425174,0.0,0.0,1761043185.7761517
6,53,-0.10491457614665063,0.0,-0.07547169811320754,-5.560472535772483,0.0,-4.0,1761043222.222912
7,38,-0.08226326372487233,0.0,0.0,-3.126004021545149,0.0,0.0,1761043222.9378204
