episode_index,steps,mean_reward_drift,mean_reward_progress,mean_reward_intrusion,sum_reward_drift,sum_reward_progress,sum_reward_intrusion,finished_at
1,114,-0.16670340408916173,0.0,0.0,-19.00418806616444,0.0,0.0,1761043113.0849292
2,9,-0.13109785442926283,0.0,0.0,-1.1798806898633656,0.0,0.0,1761043113.2692485
3,49,-0.10103106916973326,0.0,0.0,-4.950522389316929,0.0,0.0,1761043151.6530614
4,122,-0.1536828383867502,0.0,0.0,-18.749306283183525,0.0,0.0,1761043185.4413905
