episode_index,steps,mean_reward_drift,mean_reward_progress,mean_reward_intrusion,sum_reward_drift,sum_reward_progress,sum_reward_intrusion,finished_at
1,49,-0.2003185839749354,0.0,0.0,-9.815610614771835,0.0,0.0,1761040920.4815402
2,153,-0.15503040085925632,0.0,-0.013071895424836602,-23.719651331466217,0.0,-2.0,1761040922.6431715
