episode_index,steps,mean_reward_drift,mean_reward_progress,mean_reward_intrusion,sum_reward_drift,sum_reward_progress,sum_reward_intrusion,total_intrusions,finished_at
1,45,-0.18010265538227377,0.0,0.0,-8.10461949220232,0.0,0.0,0,1761053491.3159206
2,64,-0.1662466159412154,0.0,-0.015625,-10.639783420237785,0.0,-1.0,1,1761053492.4088607
3,10,-0.09527373687162785,0.0,0.0,-0.9527373687162786,0.0,0.0,0,1761053492.578075
4,5,-0.07456804328178993,0.0,0.0,-0.3728402164089496,0.0,0.0,0,1761053493.0607529
5,79,-0.1810213403295278,0.0,0.0,-14.300685886032696,0.0,0.0,0,1761053530.0833535
6,63,-0.17863896724570133,0.0,0.0,-11.254254936479184,0.0,0.0,0,1761053531.1344924
