episode_index,steps,mean_reward_drift,mean_reward_progress,mean_reward_intrusion,sum_reward_drift,sum_reward_progress,sum_reward_intrusion,total_intrusions,finished_at
1,39,-0.1538015364539149,0.0,-0.05128205128205128,-5.998259921702681,0.0,-2.0,2,1761053491.2323904
2,38,-0.1963570164022382,0.0,0.0,-7.461566623285052,0.0,0.0,0,1761053492.0249088
3,23,-0.08704595516063336,0.0,0.0,-2.0020569686945673,0.0,0.0,0,1761053492.7392576
4,61,-0.1679168594184395,0.0,0.0,-10.24292842452481,0.0,0.0,0,1761053493.7949994
5,41,-0.13593958176229565,0.0,0.0,-5.573522852254122,0.0,0.0,0,1761053529.5657437
6,38,-0.17613829818796886,0.0,-0.02631578947368421,-6.693255331142817,0.0,-1.0,1,1761053530.7845068
7,27,-0.1049474108032525,0.0,0.0,-2.8335800916878173,0.0,0.0,0,1761053531.6215594
