episode_index,steps,mean_reward_drift,mean_reward_progress,mean_reward_intrusion,mean_reward_proximity,sum_reward_drift,sum_reward_progress,sum_reward_intrusion,sum_reward_proximity,total_intrusions,terminated_waypoint,truncated,finished_at
1,108,-0.0010135313813848551,0.006801179039720562,0.0,0.0,-0.10946138918956436,0.7345273362898207,0.0,0.0,0,True,False,1762852342.3166842
2,110,-0.003196891485220993,-0.004595081153649021,0.0,-0.026903599551160055,-0.3516580633743092,-0.5054589269013923,0.0,-2.959395950627606,0,False,True,1762852350.600675
3,155,-0.003109708579154422,-0.0026771650766914614,0.0,0.0,-0.4820048297689354,-0.4149605868871765,0.0,0.0,0,False,True,1762852401.962051
