episode_index,steps,mean_reward_drift,mean_reward_progress,mean_reward_intrusion,mean_reward_proximity,sum_reward_drift,sum_reward_progress,sum_reward_intrusion,sum_reward_proximity,total_intrusions,terminated_waypoint,truncated,finished_at
1,239,-0.0020551709712342135,0.0001661784675451308,0.0,0.0,-0.49118586212497706,0.039716653743286257,0.0,0.0,0,False,True,1762852344.7753513
2,96,-0.0021774115516667745,8.389389865345875e-05,0.0,-0.0230280114739955,-0.20903150896001035,0.00805381427073204,0.0,-2.210689101503568,0,False,True,1762852349.8286784
3,45,-0.0007712958048826515,0.003974816435450247,0.0,0.0,-0.03470831121971932,0.17886673959526111,0.0,0.0,0,False,True,1762852394.4858358
4,164,-0.00143197749341091,0.003833350557708495,0.0,0.0,-0.23484430891938926,0.6286694914641932,0.0,0.0,0,False,True,1762852427.7671804
