episode_index,steps,mean_reward_drift,mean_reward_progress,mean_reward_intrusion,sum_reward_drift,sum_reward_progress,sum_reward_intrusion,total_intrusions,finished_at
1,31,-0.17091906393730424,0.0,0.0,-5.298490982056432,0.0,0.0,0,1761051075.2286494
2,23,-0.09470370683011695,0.0,0.0,-2.17818525709269,0.0,0.0,0,1761051076.3680756
3,67,-0.17286984674409106,0.0,-0.014925373134328358,-11.5822797318541,0.0,-1.0,1,1761051077.7128875
4,75,-0.15476818088281172,0.0,0.0,-11.60761356621088,0.0,0.0,0,1761051113.4594083
5,108,-0.14659547501235956,0.0,0.0,-15.832311301334833,0.0,0.0,0,1761051114.9228864
6,18,-0.09386169428162501,0.0,0.0,-1.6895104970692503,0.0,0.0,0,1761051115.25016
7,33,-0.12119648266162532,0.0,0.0,-3.9994839278336354,0.0,0.0,0,1761051149.0312932
8,112,-0.1695011166411177,0.0,0.0,-18.98412506380518,0.0,0.0,0,1761051151.1225302
