episode_index,steps,mean_reward_drift,mean_reward_progress,mean_reward_intrusion,sum_reward_drift,sum_reward_progress,sum_reward_intrusion,total_intrusions,finished_at
1,45,-0.1614705122695926,0.0,0.0,-7.266173052131667,0.0,0.0,0,1761051075.4067857
2,5,-0.10330720487709318,0.0,0.0,-0.5165360243854659,0.0,0.0,0,1761051076.0691917
3,31,-0.18284161334067575,0.0,0.0,-5.668090013560948,0.0,0.0,0,1761051077.2239566
4,5,-0.08858439342226762,0.0,0.0,-0.44292196711133813,0.0,0.0,0,1761051077.8208568
5,5,-0.0832699018929887,0.2,0.0,-0.41634950946494353,1.0,0.0,0,1761051113.5613413
6,77,-0.14694498207307682,0.0,0.0,-11.314763619626916,0.0,0.0,0,1761051148.3748791
