episode_index,steps,mean_reward_drift,mean_reward_progress,mean_reward_intrusion,mean_reward_proximity,sum_reward_drift,sum_reward_progress,sum_reward_intrusion,sum_reward_proximity,total_intrusions,terminated_waypoint,truncated,finished_at
1,135,-0.0023758499926203273,-0.0007622620564419416,0.0,0.0,-0.3207397490037442,-0.10290537761966212,0.0,0.0,0,False,True,1762852342.9406738
2,329,-0.0022094052534616443,-3.361057503350632e-05,0.0,-0.005735060946526289,-0.7268943283888809,-0.011057879186023578,0.0,-1.886835051407149,0,False,True,1762852372.7612212
3,153,-0.0021390321729425664,0.0018582768703049777,0.0,0.0,-0.32727192246021264,0.2843163611566616,0.0,0.0,0,False,True,1762852399.3883717
4,42,-0.002551911398264187,-0.0017289058784365776,0.0,0.0,-0.10718027872709585,-0.07261404689433626,0.0,0.0,0,False,True,1762852446.7648256
5,300,-0.002317605007919158,-0.0004885142656702802,0.0,0.0,-0.6952815023757474,-0.14655427970108403,0.0,0.0,0,False,True,1762852519.4871774
