episode_index,steps,mean_reward_drift,mean_reward_progress,mean_reward_intrusion,mean_reward_proximity,sum_reward_drift,sum_reward_progress,sum_reward_intrusion,sum_reward_proximity,total_intrusions,terminated_waypoint,truncated,finished_at
1,75,-0.002911672198456856,-0.002660061927925977,0.0,0.0,-0.2183754148842642,-0.19950464459444828,0.0,0.0,0,False,True,1762852341.7997382
2,175,-0.002628962145128852,-0.001054415805621255,0.0,-0.0014901008319318206,-0.4600683753975491,-0.18452276598371964,0.0,-0.2607676455880686,0,False,True,1762852349.45754
3,41,-0.0023193520981014833,-0.0010211214479330715,0.0,0.0,-0.09509343602216082,-0.041865979365255934,0.0,0.0,0,False,True,1762852375.5837483
4,255,-0.001980560296523178,0.00042989895518248867,0.0,-0.005496727287805919,-0.5050428756134104,0.10962423357153461,0.0,-1.4016654583905093,0,False,True,1762852473.6323886
