episode_index,steps,mean_reward_drift,mean_reward_progress,mean_reward_intrusion,mean_reward_proximity,sum_reward_drift,sum_reward_progress,sum_reward_intrusion,sum_reward_proximity,total_intrusions,terminated_waypoint,truncated,finished_at
1,154,-0.003039796489327316,-0.0026047940600966765,0.0,0.0,-0.4681286593564067,-0.4011382852548882,0.0,0.0,0,False,True,1762852343.2543232
2,283,-0.0031299614880445762,-0.003235043460103886,0.0,-0.003880692275656851,-0.8857791011166151,-0.9155172992093997,0.0,-1.0982359140108888,0,False,True,1762852369.775438
3,88,-0.001571380927107429,0.0028866523191007493,0.0,0.0,-0.13828152158545376,0.25402540408086594,0.0,0.0,0,False,True,1762852394.8757083
4,202,-0.0025811593405496267,-0.0004499951376149926,0.0,0.0,-0.5213941867910246,-0.09089901779822851,0.0,0.0,0,False,True,1762852470.045563
5,156,-0.0027848117641707743,-0.0018152782443079459,0.0,-0.005056620684535511,-0.4344306352106408,-0.28318340611203957,0.0,-0.7888328267875397,0,False,True,1762852497.6458693
6,321,-0.002119343961306295,-0.0008385530283324024,0.0,-0.007696335904294688,-0.6803094115793207,-0.2691755220947012,0.0,-2.470523825278595,0,False,True,1762852554.5264587
