episode_index,steps,mean_reward_drift,mean_reward_progress,mean_reward_intrusion,mean_reward_proximity,sum_reward_drift,sum_reward_progress,sum_reward_intrusion,sum_reward_proximity,total_intrusions,terminated_waypoint,truncated,finished_at
1,95,-0.0024915945893337382,-0.001899417417242293,0.0,0.0,-0.23670148598670515,-0.18044465463801784,0.0,0.0,0,False,True,1762852342.1279488
2,68,-0.00334465977549515,-0.00369702835283038,0.0,0.0,-0.2274368647336702,-0.25139792799246585,0.0,0.0,0,False,True,1762852344.46662
3,383,-0.0021056377360880742,-0.0007197223334099487,-0.015665796344647518,-0.006010160999717125,-0.8064592529217325,-0.27565365369601036,-6.0,-2.301891662891659,2,False,True,1762852429.6390786
