episode_index,steps,mean_reward_drift,mean_reward_progress,mean_reward_intrusion,mean_reward_proximity,sum_reward_drift,sum_reward_progress,sum_reward_intrusion,sum_reward_proximity,total_intrusions,terminated_waypoint,truncated,finished_at
1,106,-0.015017750238417836,0.004833876110759713,-0.18867924528301888,-0.5201893107410348,-1.5918815252722907,0.5123908677405296,-20.0,-55.14006693854969,2,False,True,1761664352.4242284
2,2,-0.0029498459551143006,0.7566082643824599,0.0,0.0,-0.005899691910228601,1.5132165287649197,0.0,0.0,0,True,False,1761664353.6850207
3,33,-0.004429272202991208,0.05460424226286286,0.0,0.0,-0.14616598269870987,1.8019399946744743,0.0,0.0,0,True,False,1761664370.2051556
4,60,-0.006348208305371262,0.008642500991732725,0.0,-0.4170815630077295,-0.38089249832227573,0.5185500595039635,0.0,-25.02489378046377,0,False,True,1761664391.8384082
5,86,-0.020939026880665092,0.01900318576155736,-0.11627906976744186,-2.2005556378418465,-1.800756311737198,1.634273975493933,-10.0,-189.24778485439882,1,True,False,1761664404.6026313
6,87,-0.005863687851786767,0.02615409562111573,0.0,0.0,-0.5101408431054487,2.2754063190370686,0.0,0.0,0,True,False,1761664420.5659592
7,77,-0.0052152619113047536,0.009045173409806092,0.0,0.0,-0.40157516717046604,0.6964783525550691,0.0,0.0,0,False,True,1761664430.502611
8,124,-0.015636459583147622,0.015850716772380345,-0.16129032258064516,-0.596923460271677,-1.9389209883103051,1.9654888797751628,-20.0,-74.01850907368795,2,True,False,1761664446.7043796
