episode_index,steps,mean_reward_drift,mean_reward_progress,mean_reward_intrusion,mean_reward_proximity,sum_reward_drift,sum_reward_progress,sum_reward_intrusion,sum_reward_proximity,total_intrusions,terminated_waypoint,truncated,finished_at
1,115,-0.014979434519985466,0.004337793012876965,-0.08695652173913043,-0.35365450069463794,-1.7226349697983285,0.49884619648085093,-10.0,-40.670267579883365,1,False,True,1761664353.3674667
2,82,-0.007911536770419864,0.02625769885226711,0.0,0.0,-0.6487460151744288,2.153131305885903,0.0,0.0,0,True,False,1761664362.1258593
3,85,-0.006885979439118575,0.02589546092640213,0.0,0.0,-0.5853082523250789,2.2011141787441812,0.0,0.0,0,True,False,1761664375.6776462
4,94,-0.009869304161550407,0.022407943116152313,0.0,0.0,-0.9277145911857383,2.1063466529183175,0.0,0.0,0,True,False,1761664395.3913321
5,49,-0.005414970179221448,0.03927494117902517,-0.20408163265306123,-0.2797431954640158,-0.26533353878185095,1.9244721177722335,-10.0,-13.707416577736776,1,True,False,1761664400.6919887
6,50,-0.0019331828824785116,0.039532684345113846,0.0,0.0,-0.09665914412392558,1.9766342172556923,0.0,0.0,0,True,False,1761664416.6894772
7,106,-0.008803530435802223,0.02154277923545522,0.0,-0.18971224400017658,-0.9331742261950356,2.283534598958253,0.0,-20.109497864018717,0,True,False,1761664433.5423021
