episode_index,steps,mean_reward_drift,mean_reward_progress,mean_reward_intrusion,sum_reward_drift,sum_reward_progress,sum_reward_intrusion,total_intrusions,finished_at
1,30,-0.0966125015569615,0.03333333333333333,-0.13333333333333333,-2.898375046708845,1.0,-4.0,4,1761054784.9253576
2,25,-0.16271991315297224,0.0,-0.04,-4.067997828824306,0.0,-1.0,1,1761054785.6169825
3,11,-0.11628194964107531,0.0,0.0,-1.2791014460518284,0.0,0.0,0,1761054786.1540449
4,101,-0.17029189832520006,0.0,0.0,-17.199481730845207,0.0,0.0,0,1761054823.2818148
5,67,-0.12994183835476042,0.0,-0.029850746268656716,-8.706103169768948,0.0,-2.0,2,1761054824.4771743
