episode_index,steps,mean_reward_drift,mean_reward_progress,mean_reward_intrusion,sum_reward_drift,sum_reward_progress,sum_reward_intrusion,total_intrusions,finished_at
1,18,-0.18845681936384062,0.0,0.0,-3.392222748549131,0.0,0.0,0,1761049212.091971
2,53,-0.1615922196216947,0.0,0.0,-8.56438763994982,0.0,0.0,0,1761049213.071754
3,15,-0.109610805291286,0.0,0.0,-1.64416207936929,0.0,0.0,0,1761049213.7245839
4,73,-0.1932346660767894,0.0,0.0,-14.106130623605626,0.0,0.0,0,1761049249.4454722
