episode_index,steps,mean_reward_drift,mean_reward_progress,mean_reward_intrusion,sum_reward_drift,sum_reward_progress,sum_reward_intrusion,total_intrusions,finished_at
1,5,-0.12769424750371766,0.0,0.0,-0.6384712375185884,0.0,0.0,0,1761049211.9178796
2,83,-0.1679820554202294,0.0,0.0,-13.94251059987904,0.0,0.0,0,1761049213.42208
3,12,-0.08701574887509583,0.0,0.0,-1.04418898650115,0.0,0.0,0,1761049213.6751747
4,5,-0.0981889631510885,0.0,0.0,-0.4909448157554425,0.0,0.0,0,1761049214.2471097
5,78,-0.15254725452873713,0.0,0.0,-11.898685853241496,0.0,0.0,0,1761049250.6249006
