episode_index,steps,mean_reward_drift,mean_reward_progress,mean_reward_intrusion,sum_reward_drift,sum_reward_progress,sum_reward_intrusion,total_intrusions,finished_at
1,12,-0.03795423555785669,0.08333333333333333,0.0,-0.4554508266942802,1.0,0.0,0,1761054784.7042122
2,16,-0.0506947696169469,0.0625,0.0,-0.8111163138711504,1.0,0.0,0,1761054785.4284286
3,6,-0.07529542836512894,0.16666666666666666,0.0,-0.4517725701907736,1.0,0.0,0,1761054785.7385874
4,37,-0.22737435586676213,0.0,0.0,-8.4128511670702,0.0,0.0,0,1761054786.6270812
5,18,-0.20523855629890994,0.0,0.0,-3.6942940133803788,0.0,0.0,0,1761054787.009342
6,11,-0.13465322128780752,0.0,0.0,-1.4811854341658826,0.0,0.0,0,1761054787.302495
7,26,-0.17638123362345273,0.0,-0.07692307692307693,-4.585912074209771,0.0,-2.0,2,1761054822.5275843
8,55,-0.17811124846639445,0.0,-0.01818181818181818,-9.796118665651695,0.0,-1.0,1,1761054824.4494812
