episode_index,steps,mean_reward_drift,mean_reward_progress,mean_reward_intrusion,sum_reward_drift,sum_reward_progress,sum_reward_intrusion,total_intrusions,finished_at
1,7,-0.20418834896539043,0.0,0.0,-1.429318442757733,0.0,0.0,0,1761054784.6153505
2,3,-0.1380419509467765,0.0,0.0,-0.4141258528403295,0.0,0.0,0,1761054785.1988778
3,10,-0.20932771179965176,0.0,0.0,-2.0932771179965175,0.0,0.0,0,1761054785.8045132
4,23,-0.21386669481108883,0.0,0.0,-4.918933980655043,0.0,0.0,0,1761054786.427651
5,21,-0.1611432343321526,0.0,0.0,-3.384007920975205,0.0,0.0,0,1761054787.0545833
6,1,-0.08942815391756814,0.0,0.0,-0.08942815391756814,0.0,0.0,0,1761054787.1367316
7,42,-0.1309154361451997,0.023809523809523808,-0.023809523809523808,-5.498448318098388,1.0,-1.0,1,1761054822.763255
8,26,-0.14321758938843643,0.0,-0.038461538461538464,-3.723657324099347,0.0,-1.0,1,1761054824.079074
9,55,-0.1494376659887034,0.0,0.0,-8.219071629378687,0.0,0.0,0,1761054825.3731058
