episode_index,steps,mean_reward_drift,mean_reward_progress,mean_reward_intrusion,sum_reward_drift,sum_reward_progress,sum_reward_intrusion,total_intrusions,finished_at
1,8,-0.036165480621428506,0.125,0.0,-0.28932384497142805,1.0,0.0,0,1761054784.6328707
2,22,-0.13794010041387827,0.0,0.0,-3.034682209105322,0.0,0.0,0,1761054785.519677
3,4,-0.07785181706938965,0.0,0.0,-0.3114072682775586,0.0,0.0,0,1761054785.7057855
4,26,-0.14295903055344497,0.0,0.0,-3.7169347943895694,0.0,0.0,0,1761054786.478384
5,23,-0.20526903919727757,0.0,0.0,-4.721187901537384,0.0,0.0,0,1761054787.08261
