episode_index,steps,mean_reward_drift,mean_reward_progress,mean_reward_intrusion,sum_reward_drift,sum_reward_progress,sum_reward_intrusion,total_intrusions,finished_at
1,25,-0.1895161829875626,0.0,-0.2,-4.737904574689065,0.0,-5.0,5,1761054784.9308727
2,12,-0.16193209443084836,0.0,0.0,-1.9431851331701804,0.0,0.0,0,1761054785.6927772
3,42,-0.23693692241195452,0.0,0.0,-9.95135074130209,0.0,0.0,0,1761054786.6752346
4,13,-0.12272151265243098,0.0,-0.38461538461538464,-1.5953796644816027,0.0,-5.0,5,1761054786.886659
5,98,-0.1747301323502564,0.0,0.0,-17.123552970325125,0.0,0.0,0,1761054824.0208836
6,88,-0.17595432329016256,0.0,0.0,-15.483980449534306,0.0,0.0,0,1761054825.4522517
