episode_index,steps,mean_reward_drift,mean_reward_progress,mean_reward_intrusion,sum_reward_drift,sum_reward_progress,sum_reward_intrusion,total_intrusions,finished_at
1,43,-0.08723810040394345,0.0,-0.023255813953488372,-3.7512383173695683,0.0,-1.0,1,1761054785.18182
2,5,-0.14532870994469355,0.0,0.0,-0.7266435497234677,0.0,0.0,0,1761054785.595794
3,34,-0.19123159287949248,0.0,0.0,-6.501874157902744,0.0,0.0,0,1761054786.5850172
4,66,-0.11611459824914076,0.0,0.0,-7.663563484443291,0.0,0.0,0,1761054822.457109
