episode_index,steps,mean_reward_drift,mean_reward_progress,mean_reward_intrusion,mean_reward_proximity,sum_reward_drift,sum_reward_progress,sum_reward_intrusion,sum_reward_proximity,total_intrusions,terminated_waypoint,truncated,finished_at
1,289,-0.002773762770930444,-0.001804145337125684,-0.010380622837370242,-0.007323068549317434,-0.8016174407988983,-0.5213980024293227,-3.0,-2.1163668107527385,1,False,True,1762858293.3335485
2,174,-0.00264583699228704,-0.0016806965189834022,-0.05172413793103448,-0.0074253387921692825,-0.4603756366579449,-0.292441194303112,-9.0,-1.2920089498374552,3,False,True,1762858305.318796
3,80,-0.0024723402178836954,-0.002231499915816182,-0.0375,-0.0052942053411691075,-0.19778721743069563,-0.17851999326529455,-3.0,-0.4235364272935286,1,False,True,1762858311.658747
4,73,-0.0025487715342972484,-0.0016951508526537695,0.0,0.0,-0.18606032200369912,-0.12374601224372517,0.0,0.0,0,False,True,1762858324.9770088
5,137,-0.0021053050410603843,-0.00021301860170809002,0.0,0.0,-0.28842679062527266,-0.029183548434008333,0.0,0.0,0,False,True,1762858360.4831882
6,174,-0.002451039372574506,0.001066198287097005,-0.017241379310344827,-0.00721047196033902,-0.42648085082796405,0.18551850195487887,-3.0,-1.2546221210989894,1,False,True,1762858373.2866824
7,400,-0.002269409788987928,0.00038307792573255854,-0.0075,-0.008633000315558486,-0.9077639155951711,0.1532311702930234,-3.0,-3.4532001262233942,1,False,True,1762858409.3112166
8,97,-0.0017111278446317027,0.001060622277728771,0.0,0.0,-0.16597940092927516,0.10288036093969077,0.0,0.0,0,False,True,1762858428.964394
9,206,-0.002812701008867659,-0.0025521095044537053,0.0,0.0,-0.5794164078267378,-0.5257345579174633,0.0,0.0,0,False,True,1762858450.7656574
