episode_index,steps,mean_reward_drift,mean_reward_progress,mean_reward_intrusion,sum_reward_drift,sum_reward_progress,sum_reward_intrusion,total_intrusions,finished_at
1,52,-0.14641102490550967,0.0,-0.019230769230769232,-7.613373295086503,0.0,-1.0,1,1761054472.588309
2,76,-0.17520806231824865,0.0,0.0,-13.315812736186897,0.0,0.0,0,1761054474.3232493
