episode_index,steps,mean_reward_drift,mean_reward_progress,mean_reward_intrusion,sum_reward_drift,sum_reward_progress,sum_reward_intrusion,total_intrusions,finished_at
1,89,-0.18080576210328203,0.0,-0.033707865168539325,-16.0917128271921,0.0,-3.0,3,1761054473.1203034
2,9,-0.09220560625248828,0.0,0.0,-0.8298504562723945,0.0,0.0,0,1761054473.3212218
3,32,-0.17376607041029177,0.0,0.0,-5.560514253129337,0.0,0.0,0,1761054474.7786436
4,21,-0.21541986257073192,0.0,0.0,-4.523817113985371,0.0,0.0,0,1761054511.3995194
5,62,-0.15587081673639205,0.0,0.0,-9.663990637656307,0.0,0.0,0,1761054513.432288
