episode_index,steps,mean_reward_drift,mean_reward_progress,mean_reward_intrusion,sum_reward_drift,sum_reward_progress,sum_reward_intrusion,total_intrusions,finished_at
1,20,-0.10717578350945893,0.0,0.0,-2.1435156701891787,0.0,0.0,0,1761054472.0589643
2,17,-0.16911955746531598,0.0,0.0,-2.8750324769103717,0.0,0.0,0,1761054473.461702
3,5,-0.14240456870065238,0.0,0.0,-0.712022843503262,0.0,0.0,0,1761054474.4211435
4,111,-0.13813004940290177,0.0,0.0,-15.332435483722096,0.0,0.0,0,1761054512.5321858
