episode_index,steps,mean_reward_drift,mean_reward_progress,mean_reward_intrusion,mean_reward_proximity,sum_reward_drift,sum_reward_progress,sum_reward_intrusion,sum_reward_proximity,total_intrusions,terminated_waypoint,truncated,finished_at
1,28,-0.0018669084817624685,0.0002021689237550844,0.0,0.0,-0.052273437489349116,0.005660729865142364,0.0,0.0,0,False,True,1762513643.3403537
2,156,-0.0016363067989990238,-0.0022598228714875426,-0.038461538461538464,-0.00825330537031305,-0.2552638606438477,-0.3525323679520566,-6.0,-1.2875156377688357,2,False,True,1762513679.1488273
3,228,-0.0011030143316902092,-0.003601018467750038,0.0,-0.0014216529697758072,-0.2514872676253677,-0.8210322106470087,0.0,-0.32413687710888406,0,False,True,1762513710.7259746
