episode_index,steps,mean_reward_drift,mean_reward_progress,mean_reward_intrusion,sum_reward_drift,sum_reward_progress,sum_reward_intrusion,total_intrusions,finished_at
1,28,-0.13800201446787624,0.0,0.0,-3.8640564051005346,0.0,0.0,0,1761055477.6687412
2,34,-0.1680888307578503,0.0,0.0,-5.71502024576691,0.0,0.0,0,1761055478.7507348
3,78,-0.15415585988575217,0.0,0.0,-12.02415707108867,0.0,0.0,0,1761055479.8631167
4,87,-0.17848917273150228,0.0,0.0,-15.528558027640697,0.0,0.0,0,1761055513.7473814
