episode_index,steps,mean_reward_drift,mean_reward_progress,mean_reward_intrusion,sum_reward_drift,sum_reward_progress,sum_reward_intrusion,total_intrusions,finished_at
1,19,-0.08306230856957923,0.0,-0.05263157894736842,-1.5781838628220055,0.0,-1.0,1,1761055477.5517275
2,26,-0.08224141785203389,0.0,0.0,-2.138276864152881,0.0,0.0,0,1761055478.6171474
3,21,-0.14921315063842217,0.0,0.0,-3.1334761634068657,0.0,0.0,0,1761055479.0800138
4,13,-0.19030597314086964,0.0,0.0,-2.4739776508313054,0.0,0.0,0,1761055480.121408
5,3,-0.05379779891406117,0.0,0.0,-0.1613933967421835,0.0,0.0,0,1761055513.8192317
6,8,-0.08550249039903966,0.0,0.0,-0.6840199231923173,0.0,0.0,0,1761055514.9427128
7,48,-0.1166704009481269,0.0,0.0,-5.600179245510091,0.0,0.0,0,1761055516.1385708
