episode_index,steps,mean_reward_drift,mean_reward_progress,mean_reward_intrusion,mean_reward_proximity,sum_reward_drift,sum_reward_progress,sum_reward_intrusion,sum_reward_proximity,total_intrusions,terminated_waypoint,truncated,finished_at
1,49,-0.002792575651743566,0.0007055258947233345,0.0,-0.0024513213303304373,-0.13683620693543475,0.03457076884144339,0.0,-0.12011474518619142,0,False,True,1762870864.1075723
2,143,-0.002611758036087942,-0.001848714764165098,-0.02097902097902098,-0.0038836600236784825,-0.3734813991605757,-0.264366211275609,-3.0,-0.555363383386023,1,False,True,1762870882.217283
3,320,-0.0028062918086876713,-0.0024635485449943854,0.0,0.0,-0.8980133787800548,-0.7883355343982034,0.0,0.0,0,False,True,1762870910.1275628
