episode_index,steps,mean_reward_drift,mean_reward_progress,mean_reward_intrusion,sum_reward_drift,sum_reward_progress,sum_reward_intrusion,finished_at
1,78,-0.17086928457185055,-0.0022086659048590907,-0.038461538461538464,-13.327804196604344,-0.17227594057900908,-3.0,1760538821.471591
2,32,-0.20787522308437248,-0.009547255156093622,-0.125,-6.652007138699919,-0.3055121649949959,-4.0,1760538822.0566535
3,2,-0.080173158957162,0.021646648771973864,0.0,-0.160346317914324,0.04329329754394773,0.0,1760538822.3383236
4,61,-0.16371411721290502,-0.0006735763949828906,0.0,-9.986561149987207,-0.04108816009395633,0.0,1760538861.8681073
5,53,-0.10854047330783516,0.009892207352933967,0.0,-5.7526450853152635,0.5242869897055003,0.0,1760538863.409389
