episode_index,steps,mean_reward_drift,mean_reward_progress,mean_reward_intrusion,sum_reward_drift,sum_reward_progress,sum_reward_intrusion,total_intrusions,finished_at
1,1,-0.19194968123730657,1.0,0.0,-0.19194968123730657,1.0,0.0,0,1761055179.4843051
2,5,-0.0600718301529047,0.2,0.0,-0.3003591507645235,1.0,0.0,0,1761055180.3948545
3,15,-0.24464240054713068,0.0,0.0,-3.66963600820696,0.0,0.0,0,1761055181.3357599
4,15,-0.1297135132161628,0.0,0.0,-1.9457026982424421,0.0,0.0,0,1761055182.0331333
5,5,-0.11362331874241238,0.0,0.0,-0.5681165937120619,0.0,0.0,0,1761055182.4904842
6,42,-0.1387901104893082,0.0,0.0,-5.829184640550944,0.0,0.0,0,1761055219.7870953
