episode_index,steps,mean_reward_drift,mean_reward_progress,mean_reward_intrusion,sum_reward_drift,sum_reward_progress,sum_reward_intrusion,total_intrusions,finished_at
1,15,-0.262917225148629,0.0,-0.06666666666666667,-3.9437583772294342,0.0,-1.0,1,1761055179.7127075
2,11,-0.08373351490289381,0.0,0.0,-0.921068663931832,0.0,0.0,0,1761055180.47965
3,41,-0.17457216382517676,0.0,0.0,-7.157458716832247,0.0,0.0,0,1761055181.7116592
4,40,-0.15860361453060046,0.0,0.0,-6.344144581224018,0.0,0.0,0,1761055182.3946123
