episode_index,steps,mean_reward_drift,mean_reward_progress,mean_reward_intrusion,sum_reward_drift,sum_reward_progress,sum_reward_intrusion,finished_at
1,27,-0.12022713261386432,0.0,0.0,-3.246132580574337,0.0,0.0,1761043111.9392507
2,29,-0.16284066184962132,0.0,0.0,-4.722379193639018,0.0,0.0,1761043112.4592433
3,28,-0.17203490351679737,0.0,-0.14285714285714285,-4.816977298470326,0.0,-4.0,1761043114.0176792
4,101,-0.16558822972740617,0.0,0.0,-16.724411202468023,0.0,0.0,1761043150.8359535
