episode_index,steps,mean_reward_drift,mean_reward_progress,mean_reward_intrusion,sum_reward_drift,sum_reward_progress,sum_reward_intrusion,finished_at
1,7,-0.13685748492801117,0.0,0.0,-0.9580023944960783,0.0,0.0,1761043111.6847749
2,29,-0.1563947538967544,0.0,0.0,-4.535447863005877,0.0,0.0,1761043112.4592433
3,60,-0.18102859495331788,0.0,-0.03333333333333333,-10.861715697199074,0.0,-2.0,1761043114.3936036
4,13,-0.2092876435700825,0.0,0.0,-2.7207393664110726,0.0,0.0,1761043149.6269534
5,32,-0.09310000366084054,0.0,0.0,-2.979200117146897,0.0,0.0,1761043151.388726
6,28,-0.222542396995888,0.0,0.0,-6.231187115884864,0.0,0.0,1761043152.299656
7,29,-0.09570218089770144,0.0,-0.034482758620689655,-2.7753632460333417,0.0,-1.0,1761043184.8882186
8,73,-0.14686446459240532,0.0,-0.0273972602739726,-10.72110591524559,0.0,-2.0,1761043186.5605345
