episode_index,steps,mean_reward_drift,mean_reward_progress,mean_reward_intrusion,mean_reward_proximity,sum_reward_drift,sum_reward_progress,sum_reward_intrusion,sum_reward_proximity,total_intrusions,terminated_waypoint,truncated,finished_at
1,72,-0.0006880416272465495,0.21102024081202997,0.0,0.0,-0.049538997161751565,15.193457338466159,0.0,0.0,0,True,False,1763369564.6202233
2,93,-0.0007339363335591129,0.17454729026480412,0.0,0.0,-0.06825607902099749,16.232897994626782,0.0,0.0,0,True,False,1763369575.677814
3,36,-0.0006901455543468505,0.37635884307167955,0.0,-0.002491481978256353,-0.024845239956486617,13.548918350580465,0.0,-0.08969335121722871,0,True,False,1763369582.768572
4,9,-0.0019131108193187816,1.3532665840590172,0.0,-0.4077993256370618,-0.017217997373869035,12.179399256531156,0.0,-3.670193930733556,0,True,False,1763369593.9785242
5,112,-0.0012077640243116617,0.15130663510965423,0.0,-0.022096390544688756,-0.1352695707229061,16.946343132281275,0.0,-2.4747957410051407,0,True,False,1763369618.4352484
