episode_index,steps,mean_reward_drift,mean_reward_progress,mean_reward_intrusion,mean_reward_proximity,sum_reward_drift,sum_reward_progress,sum_reward_intrusion,sum_reward_proximity,total_intrusions,terminated_waypoint,truncated,finished_at
1,66,-0.0002905703963377472,0.227762435540802,0.0,-0.10143376758116081,-0.019177646158291317,15.032320745692932,0.0,-6.694628660356614,0,True,False,1763369563.9814506
2,122,-0.0015997623194825817,0.13953902640435095,0.0,0.0,-0.19517100297687495,17.023761221330815,0.0,0.0,0,True,False,1763369578.8001297
3,106,-0.0013709787376261062,0.15374170635141002,-0.11320754716981132,-0.0773347281147423,-0.14532374618836724,16.296620873249463,-12.0,-8.197481180162685,1,True,False,1763369590.2344136
4,78,-0.0009267455980106778,0.19885064092106017,0.0,0.0,-0.07228615664483287,15.510349991842693,0.0,0.0,0,True,False,1763369601.3617947
5,54,-0.0009118480480538167,0.265686657129027,0.0,0.0,-0.0492397945949061,14.347079484967457,0.0,0.0,0,True,False,1763369612.2031803
6,95,-0.0009712558500915347,0.17124865314920762,0.0,0.0,-0.0922693057586958,16.268622049174724,0.0,0.0,0,True,False,1763369628.8022487
7,85,-0.00031709665082367105,0.18342530399836912,0.0,-0.0018692832548359668,-0.02695321532001204,15.591150839861376,0.0,-0.15888907666105717,0,True,False,1763369639.290447
