episode_index,steps,mean_reward_drift,mean_reward_progress,mean_reward_intrusion,mean_reward_proximity,sum_reward_drift,sum_reward_progress,sum_reward_intrusion,sum_reward_proximity,total_intrusions,terminated_waypoint,truncated,finished_at
1,54,-0.0010260677465591822,0.26640757477714516,0.0,-0.12397460482141877,-0.055407658314195835,14.386009037965838,0.0,-6.694628660356614,0,True,False,1763369562.6955926
2,64,-0.0009489731686791283,0.23028838434868734,0.0,-0.06574517850528079,-0.06073428279546421,14.73845659831599,0.0,-4.207691424337971,0,True,False,1763369572.5725486
3,58,-0.0005859801532668685,0.2505439417676629,0.0,-0.06469126870909976,-0.03398684888947837,14.53154862252445,0.0,-3.752093585127786,0,True,False,1763369585.1335063
4,114,-0.0011993876938029432,0.1478674986416936,0.0,0.0,-0.1367301970935355,16.85689484515307,0.0,0.0,0,True,False,1763369605.223857
5,58,-0.0009331724938853592,0.24315620638658486,0.0,0.0,-0.05412400464535083,14.103059970421922,0.0,0.0,0,True,False,1763369612.6402493
6,89,-0.0010889007710260209,0.1790647746697471,0.0,-1.3160047261181577e-05,-0.09691216862131587,15.936764945607491,0.0,-0.0011712442062451604,0,True,False,1763369628.1418211
7,73,-0.0011555399179216039,0.2062679905800664,0.0,-0.06812201160778916,-0.08435441400827709,15.057563312344847,0.0,-4.972906847368609,0,True,False,1763369637.9924638
8,101,-0.0035720386204559913,0.1455314575738623,0.0,-0.031733501660130135,-0.36077590066605514,14.69867721496009,0.0,-3.2050836676731436,0,True,False,1763369652.9784977
