episode_index,steps,mean_reward_drift,mean_reward_progress,mean_reward_intrusion,mean_reward_proximity,sum_reward_drift,sum_reward_progress,sum_reward_intrusion,sum_reward_proximity,total_intrusions,terminated_waypoint,truncated,finished_at
1,81,-0.0002794821359433798,0.19335792532175688,0.0,0.0,-0.022638053011413767,15.661991951062307,0.0,0.0,0,True,False,1763369565.5882978
2,96,-0.0010731872957154276,0.16962208192163616,0.0,-0.043830119003520525,-0.10302598038868105,16.28371986447707,0.0,-4.207691424337971,0,True,False,1763369576.0068762
3,10,-0.0008736677733378795,1.2316432139976015,0.0,0.0,-0.008736677733378795,12.316432139976014,0.0,0.0,0,True,False,1763369579.9696136
4,65,-0.0008274609708017917,0.2285309274637663,0.0,0.0,-0.053784963102116466,14.854510285144809,0.0,0.0,0,True,False,1763369599.9738908
5,67,-0.0007116678409543346,0.22287043385574035,0.0,-0.03693724986574837,-0.04768174534394042,14.932319068334603,0.0,-2.4747957410051407,0,True,False,1763369613.6079936
6,32,-0.0006659102553790738,0.4173145527294625,0.0,0.0,-0.021309128172130362,13.3540656873428,0.0,0.0,0,True,False,1763369622.0312605
