episode_index,steps,mean_reward_drift,mean_reward_progress,mean_reward_intrusion,mean_reward_proximity,sum_reward_drift,sum_reward_progress,sum_reward_intrusion,sum_reward_proximity,total_intrusions,terminated_waypoint,truncated,finished_at
1,368,-0.001828407513752416,0.002147946636385892,0.0,-0.001588083153658324,-0.6728539650608891,0.7904443621900081,0.0,-0.5844146005462633,0,False,True,1762870882.7717752
2,153,-0.003075052763864353,-0.0035858585848546603,-0.0196078431372549,-0.02083619809714348,-0.47048307287124597,-0.548636363482763,-3.0,-3.1879383088629525,1,False,True,1762870893.0472922
