episode_index,steps,mean_reward_drift,mean_reward_progress,mean_reward_intrusion,mean_reward_path_efficiency,sum_reward_drift,sum_reward_progress,sum_reward_intrusion,sum_reward_path_efficiency,total_intrusions,terminated_waypoint,truncated,finished_at
1,120,-0.015740230941532082,-0.033142478925862244,-0.6,0.0,-1.8888277129838498,-3.9770974711034692,-72.0,0.0,6,False,True,1764321070.9929478
2,118,-0.007231262578998498,0.012539952550943466,-0.5084745762711864,0.0,-0.8532889843218228,1.479714401011329,-60.0,0.0,5,False,True,1764321098.192283
3,30,-0.013477453300050039,-0.020893637586928922,0.0,0.0,-0.40432359900150117,-0.6268091276078677,0.0,0.0,0,False,True,1764321112.2215464
4,48,-0.009445437881915096,0.005988990497166422,-1.25,0.0,-0.45338101833192457,0.28747154386398827,-60.0,0.0,5,False,True,1764321167.114948
5,76,-0.0032187247125758526,0.09273084458240684,0.0,0.0,-0.24462307815576478,7.04754418826292,0.0,0.0,0,True,False,1764321200.698682
