episode_index,steps,mean_reward_drift,mean_reward_progress,mean_reward_intrusion,mean_reward_path_efficiency,sum_reward_drift,sum_reward_progress,sum_reward_intrusion,sum_reward_path_efficiency,total_intrusions,terminated_waypoint,truncated,finished_at
1,18,-0.0032845349856593076,0.01304810717686953,0.0,0.0,-0.059121629741867535,0.2348659291836515,0.0,0.0,0,False,True,1764321058.6196837
2,72,-0.011633330319240298,-0.014587481521531541,0.0,0.0,-0.8375997829853015,-1.050298669550271,0.0,0.0,0,False,True,1764321093.0464165
3,19,-0.004494135177618271,0.28105252151543925,0.0,0.0,-0.08538856837474715,5.339997908793346,0.0,0.0,0,True,False,1764321110.6272914
4,72,-0.00615744213284487,0.012597912678685914,0.0,0.0,-0.4433358335648306,0.9070497128653858,0.0,0.0,0,False,True,1764321170.2273414
5,109,-0.007689722075707477,0.011910728909919349,-0.7706422018348624,0.0,-0.838179706252115,1.298269451181209,-84.0,0.0,7,False,True,1764321204.9963777
