episode_index,steps,mean_reward_drift,mean_reward_progress,mean_reward_intrusion,mean_reward_path_efficiency,sum_reward_drift,sum_reward_progress,sum_reward_intrusion,sum_reward_path_efficiency,total_intrusions,terminated_waypoint,truncated,finished_at
1,39,-0.006942823524498844,0.01364437688618607,-1.2307692307692308,0.0,-0.27077011745545493,0.5321306985612567,-48.0,0.0,4,False,True,1764321061.3597152
2,69,-0.008038735365847796,0.00429852509896231,-0.6956521739130435,0.0,-0.554672740243498,0.2965982318283994,-48.0,0.0,4,False,True,1764321092.6997237
3,27,-0.014678410702201057,-0.01706185896797365,0.0,0.0,-0.3963170889594285,-0.4606701921352885,0.0,0.0,0,False,True,1764321111.835076
4,67,-0.01055275665222464,-0.005794137081804114,-0.3582089552238806,0.0,-0.7070346956990509,-0.38820718448087566,-24.0,0.0,2,False,True,1764321169.4475963
5,104,-0.005359750299294861,0.024405525997157576,-0.34615384615384615,0.0,-0.5574140311266655,2.538174703704388,-36.0,0.0,3,False,True,1764321204.2745762
