episode_index,steps,mean_reward_drift,mean_reward_progress,mean_reward_intrusion,mean_reward_path_efficiency,sum_reward_drift,sum_reward_progress,sum_reward_intrusion,sum_reward_path_efficiency,total_intrusions,terminated_waypoint,truncated,finished_at
1,78,-0.00880127169564013,-0.0006181891515448192,0.0,0.0,-0.6864991922599302,-0.0482187538204959,0.0,0.0,0,False,True,1764321065.237892
2,121,-0.009438032462233402,-0.002069216701037393,0.0,0.0,-1.1420019279302416,-0.25037522082552455,0.0,0.0,0,False,True,1764321098.5233138
3,85,-0.011282467871723057,-0.01474912395208397,0.0,0.0,-0.9590097690964599,-1.2536755359271374,0.0,0.0,0,False,True,1764321155.707715
4,47,-0.004021812943658473,0.019530045048612322,-0.7659574468085106,0.0,-0.18902520835194825,0.9179121172847791,-36.0,0.0,3,False,True,1764321166.8109682
5,86,-0.006488120202741404,0.01114439612145276,-0.6976744186046512,0.0,-0.5579783374357608,0.9584180664449373,-60.0,0.0,5,False,True,1764321201.8301756
