episode_index,steps,mean_reward_drift,mean_reward_progress,mean_reward_intrusion,mean_reward_path_efficiency,sum_reward_drift,sum_reward_progress,sum_reward_intrusion,sum_reward_path_efficiency,total_intrusions,terminated_waypoint,truncated,finished_at
1,130,-0.005630374824357335,0.023241958421770455,-1.6615384615384616,0.0,-0.7319487271664535,3.021454594830159,-216.0,0.0,18,False,True,1764321072.1816967
2,14,-0.0015785637375049758,0.38504914989965344,0.0,0.0,-0.02209989232506966,5.390688098595148,0.0,0.0,0,True,False,1764321085.8918376
3,125,-0.005894453713679375,0.02197174175867219,-0.288,0.0,-0.7368067142099219,2.746467719834024,-36.0,0.0,3,False,True,1764321160.1173441
4,29,-0.005850661754130138,0.014813022245586317,0.0,0.0,-0.169669190869774,0.4295776451220032,0.0,0.0,0,False,True,1764321164.605897
5,71,-0.007937356316772512,0.009613129654537417,-2.8732394366197185,0.0,-0.5635522984908484,0.6825322054721567,-204.0,0.0,17,False,True,1764321199.683226
