episode_index,steps,mean_reward_drift,mean_reward_progress,mean_reward_intrusion,mean_reward_path_efficiency,sum_reward_drift,sum_reward_progress,sum_reward_intrusion,sum_reward_path_efficiency,total_intrusions,terminated_waypoint,truncated,finished_at
1,96,-0.005822423238849729,0.014295402407079473,0.0,0.0,-0.558952630929574,1.3723586310796294,0.0,0.0,0,False,True,1764321067.1374872
2,202,-0.010251011650444498,-0.006151043662928158,0.0,0.0,-2.0707043533897886,-1.2425108199114878,0.0,0.0,0,False,True,1764321108.0346901
3,32,-0.007506959831130629,0.007841103320162255,0.0,0.0,-0.24022271459618014,0.25091530624519215,0.0,0.0,0,False,True,1764321112.308317
4,233,-0.007254868121255684,0.012391228126480105,-0.20600858369098712,0.0,-1.6903842722525744,2.8871561534698644,-48.0,0.0,4,False,True,1764321190.451564
