episode_index,steps,mean_reward_drift,mean_reward_progress,mean_reward_intrusion,mean_reward_path_efficiency,sum_reward_drift,sum_reward_progress,sum_reward_intrusion,sum_reward_path_efficiency,total_intrusions,terminated_waypoint,truncated,finished_at
1,145,-0.010291758830902843,-0.005720191972297647,-0.496551724137931,0.0,-1.4923050304809122,-0.8294278359831588,-72.0,0.0,6,False,True,1764321074.018301
2,113,-0.011671384058066643,-0.01524937585500424,-0.8495575221238938,0.0,-1.3188663985615308,-1.7231794716154791,-96.0,0.0,8,False,True,1764321097.5948067
3,135,-0.012564036348562771,-0.019678269173628065,0.0,0.0,-1.6961449070559742,-2.656566338439789,0.0,0.0,0,False,True,1764321161.2666194
