episode_index,steps,mean_reward_drift,mean_reward_progress,mean_reward_intrusion,mean_reward_path_efficiency,sum_reward_drift,sum_reward_progress,sum_reward_intrusion,sum_reward_path_efficiency,total_intrusions,terminated_waypoint,truncated,finished_at
1,98,-0.009930027191766102,-0.0027885205409099723,-3.061224489795918,0.0,-0.9731426647930781,-0.2732750130091773,-300.0,0.0,25,False,True,1764321067.3816888
2,107,-0.011108497038045482,-0.011891322892872248,0.0,0.0,-1.1886091830708665,-1.2723715495373304,0.0,0.0,0,False,True,1764321096.9773848
3,48,-0.0026889736722024472,0.13839646418475604,0.0,0.0,-0.12907073626571747,6.64303028086829,0.0,0.0,0,True,False,1764321114.825741
4,71,-0.003023398683172448,0.034812417260285444,-0.5070422535211268,0.0,-0.21466130650524382,2.4716816254802665,-36.0,0.0,3,False,True,1764321169.9228978
5,58,-0.005823996208986138,0.020636741306943464,0.0,0.0,-0.337791780121196,1.196930995802721,0.0,0.0,0,False,True,1764321198.1144066
