episode_index,steps,mean_reward_drift,mean_reward_progress,mean_reward_intrusion,mean_reward_path_efficiency,sum_reward_drift,sum_reward_progress,sum_reward_intrusion,sum_reward_path_efficiency,total_intrusions,terminated_waypoint,truncated,finished_at
1,76,-0.012593304716499575,-0.00927534272795015,0.0,0.0,-0.9570911584539676,-0.7049260473242114,0.0,0.0,0,False,True,1764321065.054957
2,50,-0.011411502011351975,-0.013917349236198685,-0.72,0.0,-0.5705751005675987,-0.6958674618099342,-36.0,0.0,3,False,True,1764321090.523984
3,118,-0.010529976582617541,-0.006067902398248251,-1.6271186440677967,0.0,-1.2425372367488698,-0.7160124829932937,-192.0,0.0,16,False,True,1764321159.242651
4,162,-0.005110180509116645,0.020681707925346328,-0.37037037037037035,0.0,-0.8278492424768965,3.3504366839061053,-60.0,0.0,5,False,True,1764321181.7261665
5,98,-0.005171857210152761,0.07585703893246414,0.0,0.0,-0.5068420065949706,7.433989815381485,0.0,0.0,0,True,True,1764321203.448602
