episode_index,steps,mean_reward_drift,mean_reward_progress,mean_reward_intrusion,mean_reward_path_efficiency,sum_reward_drift,sum_reward_progress,sum_reward_intrusion,sum_reward_path_efficiency,total_intrusions,terminated_waypoint,truncated,finished_at
1,117,-0.007239759609144247,0.01130638944079184,-0.3076923076923077,0.0,-0.8470518742698769,1.3228475645726454,-36.0,0.0,3,False,True,1764321070.272795
2,146,-0.010585871179899972,-0.009691976250207467,0.0,0.0,-1.545537192265396,-1.4150285325302903,0.0,0.0,0,False,True,1764321100.9506378
3,40,-0.013017475920518573,-0.022730291871793526,-0.3,0.0,-0.5206990368207429,-0.909211674871741,-12.0,0.0,1,False,True,1764321113.665214
4,70,-0.008315598082977969,0.003919529930715253,-0.6857142857142857,0.0,-0.5820918658084578,0.2743670951500677,-48.0,0.0,4,False,True,1764321169.8753395
5,62,-0.007080526043638818,0.009660900188536138,-1.5483870967741935,0.0,-0.4389926147056067,0.5989758116892405,-96.0,0.0,8,False,True,1764321198.5373645
