episode_index,steps,mean_reward_drift,mean_reward_progress,mean_reward_intrusion,mean_reward_path_efficiency,sum_reward_drift,sum_reward_progress,sum_reward_intrusion,sum_reward_path_efficiency,total_intrusions,terminated_waypoint,truncated,finished_at
1,24,-0.006606717653551197,0.012897745762213817,0.0,0.0,-0.15856122368522874,0.3095458982931316,0.0,0.0,0,False,True,1764321059.4928997
2,95,-0.011396499057134255,-0.0092331283394557,-1.894736842105263,0.0,-1.0826674104277543,-0.8771471922482915,-180.0,0.0,15,False,True,1764321095.689344
3,68,-0.006661770341628657,0.014528852506031864,-0.5294117647058824,0.0,-0.45300038323074865,0.9879619704101668,-36.0,0.0,3,False,True,1764321117.153439
4,35,-0.005185112728422689,0.016978571750259092,0.0,0.0,-0.1814789454947941,0.5942500112590683,0.0,0.0,0,False,True,1764321165.2536356
5,55,-0.006063935756637975,0.10574318725259575,0.0,0.0,-0.3335164666150886,5.815875298892767,0.0,0.0,0,True,False,1764321197.7143376
