episode_index,steps,mean_reward_drift,mean_reward_progress,mean_reward_intrusion,mean_reward_path_efficiency,sum_reward_drift,sum_reward_progress,sum_reward_intrusion,sum_reward_path_efficiency,total_intrusions,terminated_waypoint,truncated,finished_at
1,39,-0.0022398995670952137,0.16427729443309286,-1.5384615384615385,0.0,-0.08735608311671333,6.4068144828906215,-60.0,0.0,5,True,False,1764321061.3597152
2,51,-0.014360870289088319,-0.01962877423200135,-1.6470588235294117,0.0,-0.7324043847435042,-1.001067485832069,-84.0,0.0,7,False,True,1764321090.554876
3,98,-0.0053442461797559545,0.02078805627834177,-0.3673469387755102,0.0,-0.5237361256160835,2.0372295152774935,-36.0,0.0,3,False,True,1764321157.004631
4,121,-0.008033087164999196,0.005909683635182853,-0.2975206611570248,0.0,-0.9720035469649027,0.7150717198571253,-36.0,0.0,3,False,True,1764321176.427328
5,80,-0.00680849997714345,0.008655185950557837,-0.75,0.0,-0.544679998171476,0.6924148760446269,-60.0,0.0,5,False,True,1764321201.0636992
