episode_index,steps,mean_reward_drift,mean_reward_progress,mean_reward_intrusion,mean_reward_path_efficiency,sum_reward_drift,sum_reward_progress,sum_reward_intrusion,sum_reward_path_efficiency,total_intrusions,terminated_waypoint,truncated,finished_at
1,86,-0.01422321068483218,-0.028290509584214352,-1.1162790697674418,0.0,-1.2231961188955676,-2.4329838242424344,-96.0,0.0,8,False,True,1764321066.3263493
2,46,-0.006849540525455849,0.005945634774230729,0.0,0.0,-0.3150788641709691,0.27349919961461355,0.0,0.0,0,False,True,1764321090.1127799
3,57,-0.004541503925575809,0.027957538392851894,0.0,0.0,-0.25886572375782113,1.593579688392558,0.0,0.0,0,False,True,1764321116.0201504
4,148,-0.011962301236492357,-0.017395714863530948,-0.7297297297297297,0.0,-1.7704205830008688,-2.5745657998025804,-108.0,0.0,9,False,True,1764321179.8185909
5,46,-0.003590706045568787,0.12614106003207642,0.0,0.0,-0.1651724780961642,5.802488761475515,0.0,0.0,0,True,False,1764321196.5937612
