episode_index,steps,mean_reward_drift,mean_reward_progress,mean_reward_intrusion,mean_reward_proximity,sum_reward_drift,sum_reward_progress,sum_reward_intrusion,sum_reward_proximity,total_intrusions,terminated_waypoint,truncated,finished_at
1,156,-0.0023239090726622116,-0.0001673736920895401,0.0,-0.0066924151390066805,-0.362529815335305,-0.026110295965968255,0.0,-1.0440167616850422,0,False,True,1762858284.710603
2,90,-0.0035193156530386564,-0.005786646955485777,-0.03333333333333333,-0.006831643082897339,-0.3167384087734791,-0.5207982259937199,-3.0,-0.6148478774607605,1,False,True,1762858292.1679518
3,141,-0.003534600717624112,-0.005632753357188708,0.0,0.0,-0.49837870118499983,-0.7942182233636078,0.0,0.0,0,False,True,1762858322.3812456
4,133,-0.0024021419158969442,8.767552391147362e-05,0.0,0.0,-0.3194848748142936,0.01166084468022599,0.0,0.0,0,False,True,1762858358.6048737
5,130,-0.002353470217417146,0.0004536825036205565,0.0,0.0,-0.30595112826422893,0.058978725470672344,0.0,0.0,0,False,True,1762858367.4206011
6,107,-0.002421367439671404,-0.000491579558656333,0.0,0.0,-0.2590863160448402,-0.05259901277622764,0.0,0.0,0,False,True,1762858385.6601346
7,50,-0.00234332036055236,-0.0003017158570300982,0.0,0.0,-0.117166018027618,-0.015085792851504909,0.0,0.0,0,False,True,1762858390.324543
8,129,-0.003157861719678349,-0.002557631314539218,0.0,0.0,-0.40736416183850704,-0.3299344395755591,0.0,0.0,0,False,True,1762858423.0203633
9,213,-0.002107857837812626,0.0004568469151041615,-0.014084507042253521,-0.010045817146428257,-0.4489737194540893,0.0973083929171864,-3.0,-2.139759052189219,1,False,True,1762858439.8772407
