episode_index,steps,mean_reward_drift,mean_reward_progress,mean_reward_intrusion,mean_reward_proximity,sum_reward_drift,sum_reward_progress,sum_reward_intrusion,sum_reward_proximity,total_intrusions,terminated_waypoint,truncated,finished_at
1,120,-0.0028156074724265865,-0.002446021557593194,0.0,0.0,-0.33787289669119036,-0.29352258691118327,0.0,0.0,0,False,True,1762858282.3979926
2,47,-0.00194363447534585,-0.0005476827871309352,0.0,0.0,-0.09135082034125495,-0.025741090995153953,0.0,0.0,0,False,True,1762858289.3294356
3,349,-0.002803873696153582,-0.002553752157150747,0.0,0.0,-0.9785519199576002,-0.8912595028456107,0.0,0.0,0,False,True,1762858336.346265
