episode_index,steps,mean_reward_drift,mean_reward_progress,mean_reward_intrusion,sum_reward_drift,sum_reward_progress,sum_reward_intrusion,finished_at
1,21,-0.24670696168026898,0.0,0.0,-5.180846195285649,0.0,0.0,1761043111.88751
2,150,-0.15665632321714726,0.0,-0.013333333333333334,-23.49844848257209,0.0,-2.0,1761043114.18607
3,2,-0.050455367455529566,0.0,0.0,-0.10091073491105913,0.0,0.0,1761043114.2604375
4,9,-0.1749607291076016,0.0,0.0,-1.5746465619684145,0.0,0.0,1761043114.6645043
5,35,-0.1387614009748955,0.0,0.0,-4.856649034121342,0.0,0.0,1761043151.4211402
6,60,-0.1892938692394616,0.0,-0.016666666666666666,-11.357632154367696,0.0,-1.0,1761043152.7689474
7,6,-0.040546979271842844,0.16666666666666666,0.0,-0.24328187563105708,1.0,0.0,1761043184.4264312
8,55,-0.11991663784753377,0.0,0.0,-6.595415081614357,0.0,0.0,1761043186.0109112
