episode_index,steps,mean_reward_drift,mean_reward_progress,mean_reward_intrusion,sum_reward_drift,sum_reward_progress,sum_reward_intrusion,total_intrusions,finished_at
1,56,-0.06875977869299496,0.0,-0.017857142857142856,-3.850547606807718,0.0,-1.0,1,1761049212.637849
2,15,-0.24093285271283657,0.0,0.0,-3.6139927906925484,0.0,0.0,0,1761049212.9635963
3,14,-0.24462902323387595,0.0,0.0,-3.4248063252742633,0.0,0.0,0,1761049213.563734
4,59,-0.147076618658838,0.0,-0.01694915254237288,-8.677520500871442,0.0,-1.0,1,1761049214.6403043
