episode_index,steps,mean_reward_drift,mean_reward_progress,mean_reward_intrusion,sum_reward_drift,sum_reward_progress,sum_reward_intrusion,total_intrusions,finished_at
1,17,-0.14044936784545634,0.0,-0.058823529411764705,-2.3876392533727575,0.0,-1.0,1,1761049212.097489
2,9,-0.1485968402749802,0.0,0.0,-1.337371562474822,0.0,0.0,0,1761049212.875535
3,5,-0.07493882255226185,0.0,0.0,-0.37469411276130926,0.0,0.0,0,1761049213.4240808
4,21,-0.07518276669702434,0.0,0.0,-1.5788381006375112,0.0,0.0,0,1761049214.1512709
5,46,-0.23041377890481704,0.0,0.0,-10.599033829621584,0.0,0.0,0,1761049249.630023
6,127,-0.14248391102326358,0.0,-0.015748031496062992,-18.095456699954475,0.0,-2.0,2,1761049251.475816
