episode_index,steps,mean_reward_drift,mean_reward_progress,mean_reward_intrusion,sum_reward_drift,sum_reward_progress,sum_reward_intrusion,total_intrusions,finished_at
1,62,-0.16262228604421541,0.0,0.0,-10.082581734741355,0.0,0.0,0,1761049212.7193458
2,28,-0.17855742893146836,0.0,-0.07142857142857142,-4.999608010081114,0.0,-2.0,2,1761049213.143931
3,31,-0.20900459056468937,0.0,0.0,-6.47914230750537,0.0,0.0,0,1761049213.7647622
