episode_index,steps,mean_reward_drift,mean_reward_progress,mean_reward_intrusion,sum_reward_drift,sum_reward_progress,sum_reward_intrusion,total_intrusions,finished_at
1,14,-0.22283238349458204,0.0,0.0,-3.1196533689241486,0.0,0.0,0,1761056922.9173012
2,8,-0.20195737530139451,0.0,0.0,-1.6156590024111561,0.0,0.0,0,1761056923.1405232
3,51,-0.16322533212223378,0.0,0.0,-8.324491938233923,0.0,0.0,0,1761056924.1997304
4,20,-0.10496853737999272,0.0,-0.05,-2.0993707475998544,0.0,-1.0,1,1761056924.5750692
5,9,-0.09168986963912924,0.0,0.0,-0.8252088267521632,0.0,0.0,0,1761056924.9635081
6,55,-0.18004450099259392,0.0,0.0,-9.902447554592666,0.0,0.0,0,1761056961.0448935
