episode_index,steps,mean_reward_drift,mean_reward_progress,mean_reward_intrusion,sum_reward_drift,sum_reward_progress,sum_reward_intrusion,finished_at
1,26,-0.05909291276404476,0.01358410397314535,0.0,-1.536415731865164,0.3531867033017791,0.0,1760947063.8044384
2,13,-0.10500407125724782,0.009568811092281903,0.0,-1.3650529263442217,0.12439454419966472,0.0,1760947065.9343655
3,41,-0.2363835243986278,-0.009234641968526549,-0.5121951219512195,-9.69172450034374,-0.3786203207095885,-21.0,1760947067.2329502
4,14,-0.19865312806733088,-0.0047562488364054,0.0,-2.781143792942632,-0.0665874837096756,0.0,1760947068.0438242
5,50,-0.1273138159900963,0.004432625625459636,0.0,-6.365690799504816,0.22163128127298182,0.0,1760947068.9495068
6,35,-0.07599806360308772,0.01626737574589351,0.0,-2.6599322261080705,0.5693581511062729,0.0,1760947135.6613305
7,21,-0.12606797798083935,0.006058899959261523,-0.2857142857142857,-2.6474275375976264,0.127236899144492,-6.0,1760947136.596954
8,123,-0.15412960936403672,0.0004984673649080019,0.0,-18.957941951776515,0.061311485883684236,0.0,1760947138.8605976
