episode_index,steps,mean_reward_drift,mean_reward_progress,mean_reward_intrusion,sum_reward_drift,sum_reward_progress,sum_reward_intrusion,finished_at
1,15,-0.1620493804183723,-0.0004939460671314011,0.0,-2.4307407062755844,-0.0074091910069710165,0.0,1760947063.6477342
2,25,-0.06410604264586288,0.017771685408108882,0.0,-1.6026510661465718,0.44429213520272204,0.0,1760947066.0996406
3,17,-0.10179584937610767,0.011061146496719779,0.0,-1.7305294393938304,0.18803949044423623,0.0,1760947066.8770955
4,18,-0.07690101933331611,0.016895465856379403,0.0,-1.38421834799969,0.3041183854148293,0.0,1760947068.1060326
5,2,-0.1035762409958449,0.019731859534855505,0.0,-0.2071524819916898,0.03946371906971101,0.0,1760947068.244938
6,76,-0.17392513394889164,-0.002454511984693205,-0.07894736842105263,-13.218310180115765,-0.18654291083668356,-6.0,1760947136.233595
