episode_index,steps,mean_reward_drift,mean_reward_progress,mean_reward_intrusion,sum_reward_drift,sum_reward_progress,sum_reward_intrusion,finished_at
1,13,-0.11907629205699038,0.010085749851506056,-0.46153846153846156,-1.547991796740875,0.13111474806957873,-6.0,1760947063.6189563
2,6,-0.14710455126948033,0.004641660461524792,0.0,-0.882627307616882,0.02784996276914875,0.0,1760947065.8193345
3,42,-0.1590209984048457,-0.00023550799184168802,-0.5714285714285714,-6.67888193300352,-0.009891335657350897,-24.0,1760947067.245156
4,22,-0.06914175531449027,0.016929855259196578,-0.13636363636363635,-1.5211186169187858,0.3724568157023247,-3.0,1760947068.164459
5,52,-0.12986674798830455,0.005294008250860473,0.0,-6.753070895391837,0.2752884290447446,0.0,1760947068.977951
