episode_index,steps,mean_reward_drift,mean_reward_progress,mean_reward_intrusion,mean_reward_proximity,sum_reward_drift,sum_reward_progress,sum_reward_intrusion,sum_reward_proximity,total_intrusions,terminated_waypoint,truncated,finished_at
1,168,-0.0025905942178363357,-0.0017219659871042566,0.0,0.0,-0.4352198285965044,-0.2892902858335151,0.0,0.0,0,False,True,1762531338.1955996
2,299,-0.0023000469496440297,-0.00161138192754106,-0.010033444816053512,-0.004774178206557464,-0.6877140379435649,-0.481803196334777,-3.0,-1.4274792837606818,1,False,True,1762531449.5501115
3,153,-0.0034761667407391473,-0.00596190857834766,0.0,-0.0060158494839888344,-0.5318535113330896,-0.9121720124871919,0.0,-0.9204249710502916,0,False,True,1762531521.5614567
4,152,-0.0021981560668320214,0.00034846467852838196,0.0,0.0,-0.33411972215846725,0.05296663113631406,0.0,0.0,0,False,True,1762531572.5713851
5,72,-0.0031714769530623793,-0.004411501707054092,0.0,-0.0010662085134580427,-0.2283463406204913,-0.31762812290789466,0.0,-0.07676701296897907,0,False,True,1762531616.272213
6,400,-0.0024144074934792357,0.00022202242268268835,0.0,-0.0029855450345045824,-0.9657629973916942,0.08880896907307534,0.0,-1.194218013801833,0,False,True,1762531817.4371343
