episode_index,steps,mean_reward_drift,mean_reward_progress,mean_reward_intrusion,mean_reward_proximity,sum_reward_drift,sum_reward_progress,sum_reward_intrusion,sum_reward_proximity,total_intrusions,terminated_waypoint,truncated,finished_at
1,233,-0.0020234366778973016,-0.001239932234098201,0.0,-0.004586122352208858,-0.47146074595007126,-0.2889042105448808,0.0,-1.068566508064664,0,False,True,1762531339.9572444
2,150,-0.001303442176995337,0.00494246331957666,-0.02,-0.0067621026912876095,-0.19551632654930054,0.741369497936499,-3.0,-1.0143154036931414,1,False,True,1762531402.6537683
3,50,-0.0013113184555781313,-0.0014846678139472768,0.0,0.0,-0.06556592277890656,-0.07423339069736384,0.0,0.0,0,False,True,1762531481.6303062
4,114,-0.002549427279548865,-0.002649992518231691,0.0,0.0,-0.2906347098685706,-0.3020991470784128,0.0,0.0,0,False,True,1762531565.971092
5,243,-0.002289009195678692,0.0003043730146690764,0.0,-0.0030940843473961487,-0.5562292345499221,0.07396264256458557,0.0,-0.7518624964172641,0,False,True,1762531679.6761925
6,250,-0.0025405784748749687,-0.001473027880702382,-0.024,-0.013459804781563939,-0.6351446187187422,-0.3682569701755955,-6.0,-3.3649511953909848,2,False,True,1762531769.084385
7,196,-0.0029386962960410157,-0.003358709302836214,0.0,0.0,-0.5759844740240391,-0.658307023355898,0.0,0.0,0,False,True,1762531889.1039279
8,107,-0.0034114526131316467,-0.00530698146285603,0.0,0.0,-0.3650254296050862,-0.5678470165255952,0.0,0.0,0,False,True,1762531956.2750113
9,400,-0.00264373657235008,0.001433941719332206,0.0,0.0,-1.057494628940032,0.5735766877328824,0.0,0.0,0,False,True,1762532123.9346535
