episode_index,steps,mean_reward_drift,mean_reward_progress,mean_reward_intrusion,mean_reward_proximity,sum_reward_drift,sum_reward_progress,sum_reward_intrusion,sum_reward_proximity,total_intrusions,terminated_waypoint,truncated,finished_at
1,111,-0.00021096489329903471,0.006775807748100089,0.0,-0.015217578048973415,-0.023417103156192852,0.7521146600391099,0.0,-1.689151163436049,0,False,True,1762850145.9413338
2,101,-0.00041238583953757214,0.005969194885644053,-0.0297029702970297,-0.015236747379711925,-0.04165096979329479,0.6028886834500493,-3.0,-1.5389114853509045,1,False,True,1762850157.4601636
3,126,-0.0002843436798438341,0.006800089853509945,-0.023809523809523808,-0.004545435307348773,-0.0358273036603231,0.856811321542253,-3.0,-0.5727248487259453,1,False,True,1762850172.9119327
4,100,-0.0003610007722809829,0.006131151633570909,-0.03,-0.008570413193588759,-0.03610007722809829,0.6131151633570909,-3.0,-0.8570413193588758,1,False,True,1762850184.4889789
5,99,-0.0004287343988641089,0.0059159518525376525,-0.06060606060606061,-0.018131295909539238,-0.04244470548754678,0.5856792334012276,-6.0,-1.7949982950443846,2,False,True,1762850198.233725
6,109,-0.0004672470468767814,0.005962685996710634,0.0,0.0,-0.05092992810956917,0.6499327736414591,0.0,0.0,0,False,True,1762850214.4185443
7,127,-0.0005433392913795296,0.006217016857322404,0.0,-0.017774342339661058,-0.06900409000520025,0.7895611408799452,0.0,-2.257341477136954,0,False,True,1762850231.1239822
8,131,-0.00035731024852220624,0.006745195730641912,-0.022900763358778626,-0.012577369033633521,-0.04680764255640902,0.8836206407140905,-3.0,-1.6476353434059912,1,False,True,1762850246.6939516
9,100,-0.0004754430692420358,0.005564791213278119,-0.03,-0.013171081231891958,-0.04754430692420358,0.5564791213278119,-3.0,-1.317108123189196,1,False,True,1762850258.1652465
