episode_index,steps,mean_reward_drift,mean_reward_progress,mean_reward_intrusion,mean_reward_proximity,sum_reward_drift,sum_reward_progress,sum_reward_intrusion,sum_reward_proximity,total_intrusions,terminated_waypoint,truncated,finished_at
1,68,-0.000253867682182349,0.005099190236616832,-0.04411764705882353,-0.024108922292138065,-0.017263002388399732,0.34674493608994456,-3.0,-1.6394067158653884,1,False,True,1762850141.319015
2,63,-0.0002931350503506896,0.007091096457580414,0.0,-0.014090404198394286,-0.018467508172093444,0.4467390768275661,0.0,-0.8876954644988401,0,True,False,1762850153.3542285
3,132,-0.0003978328358969908,0.006665580049091086,-0.06818181818181818,-0.011512364643295529,-0.05251393433840279,0.8798565664800234,-9.0,-1.5196321329150098,3,False,True,1762850173.5555758
4,117,-0.00038244514582743826,0.0065329708102126426,-0.02564102564102564,-0.007801493753192878,-0.04474608206181028,0.7643575847948791,-3.0,-0.9127747691235668,1,False,True,1762850186.3191597
5,118,-0.00027711991291470215,0.006686177405524829,-0.025423728813559324,-0.019757527589490474,-0.032700149723934854,0.7889689338519298,-3.0,-2.331388255559876,1,False,True,1762850200.2874503
6,119,-0.0002912647092242958,0.006669231013940482,0.0,0.0,-0.034660500397691196,0.7936384906589173,0.0,0.0,0,False,True,1762850215.479112
7,74,-0.00010435995841266539,0.007492201239859738,0.0,0.0,-0.007722636922537238,0.5544228917496207,0.0,0.0,0,True,False,1762850225.3838177
8,117,-0.0004107495171121145,0.006205484420346424,0.0,0.0,-0.048057693502117395,0.7260416771805316,0.0,0.0,0,False,True,1762850245.1918843
9,91,-0.00010021875680726029,0.0063857827991671764,-0.03296703296703297,-0.006714534586468698,-0.009119906869460686,0.5811062347242131,-3.0,-0.6110226473686515,1,False,True,1762850257.1921449
