episode_index,steps,mean_reward_drift,mean_reward_progress,mean_reward_intrusion,mean_reward_proximity,sum_reward_drift,sum_reward_progress,sum_reward_intrusion,sum_reward_proximity,total_intrusions,terminated_waypoint,truncated,finished_at
1,116,-0.0002503547615826649,0.008078727133252127,-0.05172413793103448,-0.021738402535849657,-0.029041152343589123,0.9371323474572468,-6.0,-2.5216546941585603,2,True,False,1762850146.4697554
2,75,-3.3016518147398546e-05,0.0075783248966158736,0.0,-0.0118359395266512,-0.002476238861054891,0.5683743672461905,0.0,-0.8876954644988401,0,True,False,1762850154.653256
3,89,-0.00016940621309073645,0.0077929311841960286,0.0,0.0,-0.015077152965075544,0.6935708753934465,0.0,0.0,0,True,False,1762850168.9152672
4,94,-0.00011050275806826028,0.006462323355275237,0.0,-0.0034589044935571293,-0.010387259258416466,0.6074583953958723,0.0,-0.32513702239437015,0,False,True,1762850183.8388186
5,121,-7.99156835246775e-05,0.008345984520736188,0.0,-0.03511634676094234,-0.009669797706485978,1.0098641270090787,0.0,-4.2490779580740226,0,True,False,1762850200.608924
6,69,-0.0002148584605558428,0.0072666334326432006,0.0,0.0,-0.014825233778353153,0.5013977068523808,0.0,0.0,0,True,False,1762850210.140611
7,75,-0.00019016550722756177,0.007406962427578363,0.0,-0.0032369585876652084,-0.014262413042067133,0.5555221820683772,0.0,-0.24277189407489064,0,True,False,1762850225.492187
8,105,-0.0003877041078474196,0.0060131432259419295,-0.05714285714285714,0.0,-0.040708931323979056,0.6313800387239026,-6.0,0.0,2,False,True,1762850243.898889
9,139,-0.00045602662046076957,0.00646248683710306,0.0,0.0,-0.06338770024404697,0.8982856703573254,0.0,0.0,0,False,True,1762850262.3753314
