episode_index,steps,mean_reward_drift,mean_reward_progress,mean_reward_intrusion,mean_reward_proximity,sum_reward_drift,sum_reward_progress,sum_reward_intrusion,sum_reward_proximity,total_intrusions,terminated_waypoint,truncated,finished_at
1,115,-6.0759874470481824e-05,0.008314764080764914,-0.02608695652173913,-0.02555325430185156,-0.0069873855641054096,0.9561978692879652,-3.0,-2.9386242447129294,1,True,False,1762850146.3651345
2,100,-5.741104093422466e-05,0.008089111669380705,-0.03,-0.02705551798825118,-0.005741104093422466,0.8089111669380705,-3.0,-2.705551798825118,1,True,False,1762850157.3510914
3,90,-0.00012399077552234172,0.007862889387650836,0.0,0.0,-0.011159169797010756,0.7076600448885753,0.0,0.0,0,True,False,1762850169.022955
4,105,-0.0003058989579314938,0.006445859442193349,-0.02857142857142857,-0.0071167133676339495,-0.03211939058280685,0.6768152414303016,-3.0,-0.7472549036015647,1,False,True,1762850185.0274532
5,126,-0.0002226062391067873,0.006876892299493939,-0.023809523809523808,-0.03968203336975911,-0.0280483861274552,0.8664884297362363,-3.0,-4.999936204589648,1,False,True,1762850201.1524928
6,136,-0.00037751004177036127,0.00678391290839981,0.0,0.0,-0.051341365680769135,0.9226121555423741,0.0,0.0,0,False,True,1762850217.2955048
7,140,-0.0002510040215635208,0.007136514104135829,-0.02142857142857143,-0.01612386769383539,-0.035140563018892915,0.9991119745790161,-3.0,-2.257341477136954,1,False,True,1762850232.5210898
8,136,-0.000358850629295605,0.0069116840088170655,-0.022058823529411766,-0.012114965760338171,-0.04880368558420228,0.9399890251991209,-3.0,-1.6476353434059912,1,False,True,1762850247.2409012
9,78,-0.0002659362249079988,0.007383470126627198,-0.11538461538461539,-0.0224092413363286,-0.020743025542823906,0.5759106698769214,-9.0,-1.7479208242336308,3,True,False,1762850255.7971876
