episode_index,steps,mean_reward_drift,mean_reward_progress,mean_reward_intrusion,mean_reward_proximity,sum_reward_drift,sum_reward_progress,sum_reward_intrusion,sum_reward_proximity,total_intrusions,terminated_waypoint,truncated,finished_at
1,177,-0.0019207376600035545,0.0013616486307710676,0.0,-0.0039053353037387765,-0.3399705658206291,0.24101180764647895,0.0,-0.6912443487617634,0,False,True,1762870450.9709144
2,194,-0.001998507293996428,0.00030492078307271326,-0.030927835051546393,-0.032550062918629157,-0.387710415035307,0.05915463191610637,-6.0,-6.314712206214056,2,False,True,1762870466.8733041
3,164,-0.0025562554032127938,-0.001320234920773409,0.0,0.0,-0.4192258861268982,-0.21651852700683905,0.0,0.0,0,False,True,1762870487.388317
