episode_index,steps,mean_reward_drift,mean_reward_progress,mean_reward_intrusion,mean_reward_proximity,sum_reward_drift,sum_reward_progress,sum_reward_intrusion,sum_reward_proximity,total_intrusions,terminated_waypoint,truncated,finished_at
1,104,-0.0026307342425411244,-0.0027322734141822205,-0.028846153846153848,-0.027092575335736648,-0.27359636122427694,-0.2841564350749509,-3.0,-2.8176278349166113,1,False,True,1762870445.864866
2,321,-0.0020250990576844027,0.0019347501390952098,-0.009345794392523364,-0.0019089645319051811,-0.6500567975166932,0.6210547946495624,-3.0,-0.6127776147415631,1,False,True,1762870475.686942
