episode_index,steps,mean_reward_drift,mean_reward_progress,mean_reward_intrusion,mean_reward_proximity,sum_reward_drift,sum_reward_progress,sum_reward_intrusion,sum_reward_proximity,total_intrusions,terminated_waypoint,truncated,finished_at
1,107,-0.002950586666786493,-0.0023632757166161286,0.0,-0.007766847041242952,-0.3157127733461548,-0.25287050167792574,0.0,-0.8310526334129958,0,False,True,1762851834.6150968
2,84,-0.001275392400677924,0.004170097348128332,0.0,-0.020489773101184,-0.10713296165694562,0.3502881772427799,0.0,-1.7211409404994562,0,False,True,1762851840.7315204
3,341,-0.0024149617186718392,0.000326593891064756,-0.008797653958944282,-0.007197239034399621,-0.8235019460670971,0.1113685168530818,-3.0,-2.454258510730271,1,False,True,1762852102.1084902
