episode_index,steps,mean_reward_drift,mean_reward_progress,mean_reward_intrusion,mean_reward_proximity,sum_reward_drift,sum_reward_progress,sum_reward_intrusion,sum_reward_proximity,total_intrusions,terminated_waypoint,truncated,finished_at
1,11,-0.0016655104747004983,0.0013551821170408546,0.0,0.0,-0.018320615221705482,0.0149070032874494,0.0,0.0,0,False,True,1762851831.860629
2,248,-0.00163604954209389,0.0028453684696852443,0.0,-0.006940084437497807,-0.4057402864392847,0.7056513804819405,0.0,-1.7211409404994562,0,False,True,1762851905.9851844
