episode_index,steps,mean_reward_drift,mean_reward_progress,mean_reward_intrusion,mean_reward_path_efficiency,mean_reward_boundary,mean_reward_step,mean_reward_proximity,sum_reward_drift,sum_reward_progress,sum_reward_intrusion,sum_reward_path_efficiency,sum_reward_boundary,sum_reward_step,sum_reward_proximity,total_intrusions,terminated_waypoint,terminated_collision,truncated,finished_at
1,63,-0.0022096838991992837,0.0103934544651313,0.0,0.0,0.0,-0.005000000000000003,0.19639062860069464,-0.13921008564955487,0.6547876313032719,0.0,0.0,0.0,-0.31500000000000017,12.372609601843763,0,False,True,False,1764700204.4343565
2,7,-0.005587678322924554,-0.0013282702832958673,-2.142857142857143,0.0,0.0,-0.005,0.34947489804629744,-0.03911374826047188,-0.009297891983071072,-15.0,0.0,0.0,-0.035,2.446324286324082,1,False,True,False,1764700208.1821003
3,15,-0.000927594313402402,0.011994731753384962,-1.0,0.0,0.0,-0.005,0.13514928107084442,-0.01391391470103603,0.17992097630077442,-15.0,0.0,0.0,-0.075,2.027239216062666,1,False,True,False,1764700217.4431763
4,1,-0.0015023732127039558,2.0,0.0,0.0,0.0,-0.005,0.000551805643167633,-0.0015023732127039558,2.0,0.0,0.0,0.0,-0.005,0.000551805643167633,0,True,False,False,1764700226.0837126
5,47,-0.002498198759624322,0.004144529689561098,-0.3191489361702128,0.0,0.0,-0.005000000000000003,0.17781790540542183,-0.11741534170234313,0.1947928954093716,-15.0,0.0,0.0,-0.23500000000000013,8.357441554054827,1,False,True,False,1764700248.5385408
