episode_index,steps,mean_reward_drift,mean_reward_progress,mean_reward_intrusion,mean_reward_path_efficiency,mean_reward_boundary,mean_reward_step,mean_reward_proximity,sum_reward_drift,sum_reward_progress,sum_reward_intrusion,sum_reward_path_efficiency,sum_reward_boundary,sum_reward_step,sum_reward_proximity,total_intrusions,terminated_waypoint,terminated_collision,truncated,finished_at
1,33,-0.004997244472943019,-0.0037705619723328006,-7.2727272727272725,0.0,-0.06060606060606061,-0.005000000000000002,0.5579705160767046,-0.16490906760711962,-0.12442854508698242,-240.0,0.0,-2.0,-0.16500000000000006,18.41302703053125,16,False,False,True,1764700202.803352
2,55,-0.002845203934828137,0.007101382421619688,-2.4545454545454546,0.0,-0.03636363636363636,-0.005000000000000003,0.1965681064609113,-0.15648621641554752,0.39057603318908285,-135.0,0.0,-2.0,-0.27500000000000013,10.811245855350121,9,False,False,True,1764700211.186238
3,15,-0.0024055211546586634,0.00672437805812538,-1.0,0.0,0.0,-0.005,0.10312356629690055,-0.03608281731987995,0.1008656708718807,-15.0,0.0,0.0,-0.075,1.5468534944535082,1,False,True,False,1764700217.4431763
4,17,-0.0042781576683315545,0.0014486037083759945,0.0,0.0,-0.11764705882352941,-0.005,0.0,-0.07272868036163643,0.024626263042391905,0.0,0.0,-2.0,-0.085,0.0,0,False,False,True,1764700227.2418957
5,10,-0.0006949228619431959,0.008685288950404695,0.0,0.0,0.0,-0.004999999999999999,0.2994255107292137,-0.006949228619431959,0.08685288950404696,0.0,0.0,0.0,-0.049999999999999996,2.994255107292137,0,False,True,False,1764700243.7380574
