episode_index,steps,mean_reward_drift,mean_reward_progress,mean_reward_intrusion,mean_reward_path_efficiency,mean_reward_boundary,mean_reward_step,mean_reward_proximity,sum_reward_drift,sum_reward_progress,sum_reward_intrusion,sum_reward_path_efficiency,sum_reward_boundary,sum_reward_step,sum_reward_proximity,total_intrusions,terminated_waypoint,terminated_collision,truncated,finished_at
1,106,-0.00700451732144729,-0.01071742357964983,0.0,0.0,-0.018867924528301886,-0.005000000000000004,0.02264503787212571,-0.7424788360734127,-1.136046899442882,0.0,0.0,-2.0,-0.5300000000000004,2.4003740144453256,0,False,False,True,1764700206.4750676
2,49,-0.0014995906417437487,0.0514995740586404,0.0,0.0,0.0,-0.005000000000000003,0.05783905430910148,-0.07347994144544369,2.5234791288733796,0.0,0.0,0.0,-0.24500000000000013,2.8341136611459725,0,True,False,False,1764700210.788851
3,43,-0.007017155214555106,-0.005684241335880945,0.0,0.0,0.0,-0.005000000000000003,0.10665339842882797,-0.30173767422586956,-0.24442237744288065,0.0,0.0,0.0,-0.2150000000000001,4.586096132439603,0,False,True,False,1764700219.374154
4,143,-0.003316914820035917,0.005063105650123167,0.0,0.0,-0.013986013986013986,-0.005000000000000004,0.07420263778453695,-0.47431881926513614,0.7240241079676129,0.0,0.0,-2.0,-0.7150000000000005,10.610977203188783,0,False,False,True,1764700236.0779283
5,400,-0.005644923522651693,-0.0011792755389287222,0.0,0.0,0.0,-0.004999999999999948,0.02288776793714066,-2.2579694090606774,-0.47171021557148884,0.0,0.0,0.0,-1.9999999999999793,9.155107174856264,0,False,False,True,1764700297.016294
