episode_index,steps,mean_reward_drift,mean_reward_progress,mean_reward_intrusion,mean_reward_path_efficiency,mean_reward_boundary,mean_reward_step,mean_reward_proximity,sum_reward_drift,sum_reward_progress,sum_reward_intrusion,sum_reward_path_efficiency,sum_reward_boundary,sum_reward_step,sum_reward_proximity,total_intrusions,terminated_waypoint,terminated_collision,truncated,finished_at
1,25,-0.0021534753545107183,0.010814941740835774,-0.6,0.0,0.0,-0.005000000000000001,0.19596570269460362,-0.053836883862767956,0.2703735435208944,-15.0,0.0,0.0,-0.12500000000000003,4.89914256736509,1,False,True,False,1764700202.0976427
2,32,-0.001006639384587169,0.012910799820119563,-0.46875,0.0,0.0,-0.005000000000000002,0.07994864935825016,-0.032212460306789405,0.413145594243826,-15.0,0.0,0.0,-0.16000000000000006,2.558356779464005,1,False,True,False,1764700209.7577226
3,12,-0.001211921725288252,0.010050321379232471,-1.25,0.0,0.0,-0.004999999999999999,0.2018644337368126,-0.014543060703459024,0.12060385655078965,-15.0,0.0,0.0,-0.05999999999999999,2.422373204841751,1,False,True,False,1764700217.1966214
4,27,-0.0012671895776494306,0.010315344170429704,0.0,0.0,0.0,-0.005000000000000001,0.11269726702991288,-0.03421411859653463,0.278514292601602,0.0,0.0,0.0,-0.13500000000000004,3.042826209807648,0,False,True,False,1764700227.802638
5,400,-0.0053986487579463435,-0.0005660045616412618,0.0,0.0,0.0,-0.004999999999999948,0.10824108097666875,-2.1594595031785375,-0.2264018246565047,0.0,0.0,0.0,-1.9999999999999793,43.2964323906675,0,False,False,True,1764700297.0152764
