episode_index,steps,mean_reward_drift,mean_reward_progress,mean_reward_intrusion,mean_reward_path_efficiency,mean_reward_boundary,mean_reward_step,mean_reward_proximity,sum_reward_drift,sum_reward_progress,sum_reward_intrusion,sum_reward_path_efficiency,sum_reward_boundary,sum_reward_step,sum_reward_proximity,total_intrusions,terminated_waypoint,terminated_collision,truncated,finished_at
1,25,-0.003238192782135077,0.0029726968533385855,-0.6,0.0,0.0,-0.005000000000000001,0.10249514188730803,-0.08095481955337692,0.07431742133346464,-15.0,0.0,0.0,-0.12500000000000003,2.5623785471827007,1,False,True,False,1764700202.0976427
2,57,-0.00257287986226131,0.006723417063243878,-5.0,0.0,0.0,-0.005000000000000003,0.5371541230627822,-0.14665415214889466,0.383234772604901,-285.0,0.0,0.0,-0.28500000000000014,30.617785014578583,19,False,True,False,1764700211.5236316
3,12,-0.0015580018872652255,0.011642661841248106,-1.25,0.0,0.0,-0.004999999999999999,0.16196878394812536,-0.018696022647182706,0.13971194209497728,-15.0,0.0,0.0,-0.05999999999999999,1.9436254073775043,1,False,True,False,1764700217.1966214
4,38,-0.0037624179637038837,0.0009228080161220891,0.0,0.0,0.0,-0.005000000000000002,0.03474624174849765,-0.1429718826207476,0.03506670461263939,0.0,0.0,0.0,-0.19000000000000009,1.3203571864429107,0,False,True,False,1764700228.5162199
5,53,-0.00468632228551086,-0.00017459373924534274,-0.2830188679245283,0.0,0.0,-0.005000000000000003,0.12340423362817592,-0.2483750811320756,-0.009253468180003166,-15.0,0.0,0.0,-0.2650000000000001,6.540424382293324,1,False,True,False,1764700249.2883215
