episode_index,steps,mean_reward_drift,mean_reward_progress,mean_reward_intrusion,mean_reward_path_efficiency,mean_reward_boundary,mean_reward_step,mean_reward_proximity,sum_reward_drift,sum_reward_progress,sum_reward_intrusion,sum_reward_path_efficiency,sum_reward_boundary,sum_reward_step,sum_reward_proximity,total_intrusions,terminated_waypoint,terminated_collision,truncated,finished_at
1,58,-0.002880114883892556,0.005232945937759736,-0.25862068965517243,0.0,0.0,-0.005000000000000003,0.03784588522633447,-0.16704666326576825,0.3035108643900647,-15.0,0.0,0.0,-0.29000000000000015,2.1950613431273993,1,False,True,False,1764700204.1911004
2,12,-0.0010463367108993946,0.015820936122388662,-1.25,0.0,0.0,-0.004999999999999999,0.13507178297914127,-0.012556040530792735,0.18985123346866395,-15.0,0.0,0.0,-0.05999999999999999,1.6208613957496953,1,False,True,False,1764700208.4974642
3,82,-0.00766428163990268,-0.012796753881695539,0.0,0.0,-0.024390243902439025,-0.005000000000000003,0.3925546925338549,-0.6284710944720198,-1.0493338182990342,0.0,0.0,-2.0,-0.41000000000000025,32.1894847877761,0,False,False,True,1764700221.780732
4,14,-0.0012596122068320535,0.008030948002164005,-1.0714285714285714,0.0,0.0,-0.004999999999999999,0.16448522825381715,-0.01763457089564875,0.11243327203029607,-15.0,0.0,0.0,-0.06999999999999999,2.30279319555344,1,False,True,False,1764700227.0344994
5,60,-0.004860433227786005,-0.0006437112982725609,0.0,0.0,0.0,-0.005000000000000003,0.2673297239882058,-0.2916259936671603,-0.03862267789635365,0.0,0.0,0.0,-0.30000000000000016,16.03978343929235,0,False,True,False,1764700250.2066727
