episode_index,steps,mean_reward_drift,mean_reward_progress,mean_reward_intrusion,mean_reward_path_efficiency,mean_reward_boundary,mean_reward_step,mean_reward_proximity,sum_reward_drift,sum_reward_progress,sum_reward_intrusion,sum_reward_path_efficiency,sum_reward_boundary,sum_reward_step,sum_reward_proximity,total_intrusions,terminated_waypoint,terminated_collision,truncated,finished_at
1,7,-0.0015512928353802397,0.007609585611087012,-2.142857142857143,0.0,0.0,-0.005,0.37128941508896846,-0.010859049847661678,0.05326709927760909,-15.0,0.0,0.0,-0.035,2.599025905622779,1,False,True,False,1764700200.562487
2,7,-0.003352372237217289,0.003870833524792624,-2.142857142857143,0.0,0.0,-0.005,0.40332551426453744,-0.02346660566052102,0.02709583467354837,-15.0,0.0,0.0,-0.035,2.823278599851762,1,False,True,False,1764700208.1821003
3,28,-0.002012222129968266,0.012013004803087963,-3.2142857142857144,0.0,0.0,-0.005000000000000002,0.4411601423431445,-0.05634221963911145,0.33636413448646296,-90.0,0.0,0.0,-0.14000000000000004,12.352483985608046,6,False,True,False,1764700218.185825
4,27,-0.0033083024289965323,0.004034140262725643,-0.5555555555555556,0.0,0.0,-0.005000000000000001,0.0913760468225482,-0.08932416558290637,0.10892178709359235,-15.0,0.0,0.0,-0.13500000000000004,2.467153264208801,1,False,True,False,1764700227.802638
5,5,-0.0005117468610528657,0.01081447083203635,-3.0,0.0,0.0,-0.005,0.2913158320905688,-0.0025587343052643286,0.054072354160181746,-15.0,0.0,0.0,-0.025,1.4565791604528442,1,False,True,False,1764700243.3107765
