episode_index,steps,mean_reward_drift,mean_reward_progress,mean_reward_intrusion,mean_reward_path_efficiency,mean_reward_boundary,mean_reward_step,mean_reward_proximity,sum_reward_drift,sum_reward_progress,sum_reward_intrusion,sum_reward_path_efficiency,sum_reward_boundary,sum_reward_step,sum_reward_proximity,total_intrusions,terminated_waypoint,terminated_collision,truncated,finished_at
1,10,-0.0012939130062510598,0.009931031814873648,-1.5,0.0,0.0,-0.004999999999999999,0.19329925676726256,-0.012939130062510597,0.09931031814873648,-15.0,0.0,0.0,-0.049999999999999996,1.9329925676726256,1,False,True,False,1764700200.8700244
2,9,-0.0052843463736842265,-0.002683890024033032,-1.6666666666666667,0.0,0.0,-0.005,0.26144153383504376,-0.047559117363158036,-0.02415501021629729,-15.0,0.0,0.0,-0.045,2.352973804515394,1,False,True,False,1764700208.3307095
3,23,-0.0024399546259581996,0.007087426430953493,0.0,0.0,0.0,-0.005000000000000002,0.05903636130587215,-0.056118956397038594,0.16301080791193034,0.0,0.0,0.0,-0.11500000000000003,1.3578363100350594,0,False,True,False,1764700217.9208028
4,71,-0.002847160626418817,0.007590279799538979,0.0,0.0,-0.028169014084507043,-0.005000000000000003,0.03630468413741702,-0.202148404475736,0.5389098657672675,0.0,0.0,-2.0,-0.3550000000000002,2.5776325737566084,0,False,False,True,1764700230.4367335
5,16,-0.0034450742069332633,0.004961723246204405,0.0,0.0,0.0,-0.005,0.2887311889601227,-0.05512118731093221,0.07938757193927048,0.0,0.0,0.0,-0.08,4.619699023361963,0,False,True,False,1764700244.4477577
