episode_index,steps,mean_reward_drift,mean_reward_progress,mean_reward_intrusion,mean_reward_path_efficiency,mean_reward_boundary,mean_reward_step,mean_reward_proximity,sum_reward_drift,sum_reward_progress,sum_reward_intrusion,sum_reward_path_efficiency,sum_reward_boundary,sum_reward_step,sum_reward_proximity,total_intrusions,terminated_waypoint,terminated_collision,truncated,finished_at
1,35,-0.005788359294624104,-0.0065541968264468614,0.0,0.0,-0.05714285714285714,-0.005000000000000002,0.0,-0.20259257531184363,-0.22939688892564014,0.0,0.0,-2.0,-0.17500000000000007,0.0,0,False,False,True,1764700202.936395
2,12,-0.0019975184392881525,0.007306800930568773,-1.25,0.0,0.0,-0.004999999999999999,0.13507178297914127,-0.02397022127145783,0.08768161116682527,-15.0,0.0,0.0,-0.05999999999999999,1.6208613957496953,1,False,True,False,1764700208.4974642
3,14,-0.004819744569517419,-0.0006199681200928746,-1.0714285714285714,0.0,0.0,-0.004999999999999999,0.20018258215036042,-0.06747642397324387,-0.008679553681300245,-15.0,0.0,0.0,-0.06999999999999999,2.8025561501050458,1,False,True,False,1764700217.4155238
4,10,-0.0009559855930666321,0.006869211502480621,-1.5,0.0,0.0,-0.004999999999999999,0.16091219452894567,-0.00955985593066632,0.06869211502480621,-15.0,0.0,0.0,-0.049999999999999996,1.6091219452894567,1,False,True,False,1764700226.5764425
5,5,-0.0006232963163719761,0.010586990267377527,-3.0,0.0,0.0,-0.005,0.3022788658094534,-0.0031164815818598805,0.05293495133688764,-15.0,0.0,0.0,-0.025,1.511394329047267,1,False,True,False,1764700243.308773
