episode_index,steps,mean_reward_drift,mean_reward_progress,mean_reward_intrusion,mean_reward_path_efficiency,mean_reward_boundary,mean_reward_step,mean_reward_proximity,sum_reward_drift,sum_reward_progress,sum_reward_intrusion,sum_reward_path_efficiency,sum_reward_boundary,sum_reward_step,sum_reward_proximity,total_intrusions,terminated_waypoint,terminated_collision,truncated,finished_at
1,14,-0.004979091595886792,-0.0027056546567321626,0.0,0.0,0.0,-0.004999999999999999,0.08984255349635384,-0.06970728234241509,-0.037879165194250275,0.0,0.0,0.0,-0.06999999999999999,1.2577957489489537,0,False,True,False,1764700201.296743
2,7,-0.001797814665198133,0.009627240253209459,-2.142857142857143,0.0,0.0,-0.005,0.3116823060385225,-0.01258470265638693,0.06739068177246621,-15.0,0.0,0.0,-0.035,2.1817761422696575,1,False,True,False,1764700208.1821003
3,51,-0.0034403840637733606,0.003198727419620059,0.0,0.0,0.0,-0.005000000000000002,0.05988477432792362,-0.1754595872524414,0.163135098400623,0.0,0.0,0.0,-0.2550000000000001,3.0541234907241046,0,False,True,False,1764700219.809728
4,54,-0.003950397032227078,0.003372940521535119,0.0,0.0,0.0,-0.005000000000000003,0.0960039347098015,-0.21332143974026224,0.18213878816289641,0.0,0.0,0.0,-0.27000000000000013,5.18421247432928,0,False,True,False,1764700229.5419152
5,60,-0.004670712010940552,4.116192793661618e-05,-0.25,0.0,0.0,-0.005000000000000003,0.2673297239882058,-0.28024272065643313,0.0024697156761969707,-15.0,0.0,0.0,-0.30000000000000016,16.03978343929235,1,False,True,False,1764700250.2076733
