episode_index,steps,mean_reward_drift,mean_reward_progress,mean_reward_intrusion,mean_reward_path_efficiency,mean_reward_boundary,mean_reward_step,mean_reward_proximity,sum_reward_drift,sum_reward_progress,sum_reward_intrusion,sum_reward_path_efficiency,sum_reward_boundary,sum_reward_step,sum_reward_proximity,total_intrusions,terminated_waypoint,terminated_collision,truncated,finished_at
1,25,-0.005610511769656629,-0.0011414911604391343,-0.6,0.0,0.0,-0.005000000000000001,0.14040926426639852,-0.14026279424141572,-0.028537279010978356,-15.0,0.0,0.0,-0.12500000000000003,3.5102316066599633,1,False,True,False,1764700202.0976427
2,13,-0.005424642909157961,-0.0004761413874818654,0.0,0.0,-0.15384615384615385,-0.004999999999999999,0.0,-0.0705203578190535,-0.00618983803726425,0.0,0.0,-2.0,-0.06499999999999999,0.0,0,False,False,True,1764700208.5354788
3,103,-0.005769004939929173,-0.005206413492097203,0.0,0.0,-0.019417475728155338,-0.005000000000000004,0.0057628241378712645,-0.5942075088127048,-0.536260589686012,0.0,0.0,-2.0,-0.5150000000000003,0.5935708862007403,0,False,False,True,1764700222.7357585
4,130,-0.005101356328522041,-0.0016228796140431386,0.0,0.0,-0.015384615384615385,-0.005000000000000004,0.06138656421343504,-0.6631763227078653,-0.21097434982560803,0.0,0.0,-2.0,-0.6500000000000005,7.980253347746555,0,False,False,True,1764700234.555221
5,360,-0.00520144311052175,-0.0006707892903763499,0.0,0.0,-0.005555555555555556,-0.004999999999999954,0.041030433822079736,-1.87251951978783,-0.24148414453548595,0.0,0.0,-2.0,-1.7999999999999836,14.770956175948704,0,False,False,True,1764700291.0648723
