episode_index,steps,mean_reward_drift,mean_reward_progress,mean_reward_intrusion,mean_reward_path_efficiency,mean_reward_boundary,mean_reward_step,mean_reward_proximity,sum_reward_drift,sum_reward_progress,sum_reward_intrusion,sum_reward_path_efficiency,sum_reward_boundary,sum_reward_step,sum_reward_proximity,total_intrusions,terminated_waypoint,terminated_collision,truncated,finished_at
1,4,-0.0026261581877833713,0.004562556010416718,-3.75,0.0,0.0,-0.005,0.7217909196114758,-0.010504632751133485,0.018250224041666874,-15.0,0.0,0.0,-0.02,2.887163678445903,1,False,True,False,1764700200.24425
2,43,-0.001914721443924805,0.008882790652870027,0.0,0.0,-0.046511627906976744,-0.005000000000000003,0.1388684753510214,-0.08233302208876661,0.3819599980734112,0.0,0.0,-2.0,-0.2150000000000001,5.97134444009392,0,False,False,True,1764700210.4508603
3,51,-0.004227894162719586,-4.360925124866458e-05,0.0,0.0,0.0,-0.005000000000000002,0.0676283558187733,-0.21562260229869892,-0.0022240718136818938,0.0,0.0,0.0,-0.2550000000000001,3.4490461467574383,0,False,True,False,1764700219.809728
4,89,-0.007077397312472787,-0.011882501015542573,-6.573033707865169,0.0,-0.02247191011235955,-0.005000000000000004,0.5783989580482841,-0.629888360810078,-1.057542590383289,-585.0,0.0,-2.0,-0.4450000000000003,51.47750726629729,39,False,False,True,1764700231.4582171
5,11,-0.0010464785714959133,0.006124745986484038,-1.3636363636363635,0.0,0.0,-0.004999999999999999,0.27459632234757747,-0.011511264286455047,0.06737220585132442,-15.0,0.0,0.0,-0.05499999999999999,3.0205595458233523,1,False,True,False,1764700244.0237355
