episode_index,steps,mean_reward_drift,mean_reward_progress,mean_reward_intrusion,mean_reward_path_efficiency,mean_reward_boundary,mean_reward_step,mean_reward_proximity,sum_reward_drift,sum_reward_progress,sum_reward_intrusion,sum_reward_path_efficiency,sum_reward_boundary,sum_reward_step,sum_reward_proximity,total_intrusions,terminated_waypoint,terminated_collision,truncated,finished_at
1,17,-0.0015560932357395506,0.011834076087379474,0.0,0.0,0.0,-0.005,0.12355183663963419,-0.02645358500757236,0.20117929348545105,0.0,0.0,0.0,-0.085,2.1003812228737813,0,False,True,False,1764700201.5722961
2,5,-0.0017391064930956167,0.010032497330676815,-3.0,0.0,0.0,-0.005,0.45689140837950315,-0.008695532465478084,0.050162486653384075,-15.0,0.0,0.0,-0.025,2.284457041897516,1,False,True,False,1764700208.0342808
3,22,-0.0037016122324049984,0.003309050099587964,0.0,0.0,-0.09090909090909091,-0.005000000000000001,0.5202245460790564,-0.08143546911290997,0.07279910219093522,0.0,0.0,-2.0,-0.11000000000000003,11.444940013739242,0,False,False,True,1764700217.897744
4,6,-0.0007206522996012063,0.010696986427568797,-2.5,0.0,0.0,-0.005,0.36727597562025377,-0.004323913797607238,0.06418191856541278,-15.0,0.0,0.0,-0.030000000000000002,2.2036558537215227,1,False,True,False,1764700226.3956022
5,55,-0.003930830187872164,0.0007712797418218206,0.0,0.0,0.0,-0.005000000000000003,0.10176903700657912,-0.21619566033296903,0.04242038580020013,0.0,0.0,0.0,-0.27500000000000013,5.597297035361851,0,False,True,False,1764700249.3489678
