episode_index,steps,mean_reward_drift,mean_reward_progress,mean_reward_intrusion,mean_reward_path_efficiency,mean_reward_boundary,mean_reward_step,mean_reward_proximity,sum_reward_drift,sum_reward_progress,sum_reward_intrusion,sum_reward_path_efficiency,sum_reward_boundary,sum_reward_step,sum_reward_proximity,total_intrusions,terminated_waypoint,terminated_collision,truncated,finished_at
1,30,-0.0034421931727800425,0.004777789513848566,0.0,0.0,0.0,-0.005000000000000002,0.47472214087152853,-0.10326579518340127,0.143333685415457,0.0,0.0,0.0,-0.15000000000000005,14.241664226145856,0,False,True,False,1764700202.5876062
2,7,-0.0014239065695311524,0.013115365649778998,-2.142857142857143,0.0,0.0,-0.005,0.40332551426453744,-0.009967345986718067,0.09180755954845299,-15.0,0.0,0.0,-0.035,2.823278599851762,1,False,True,False,1764700208.1821003
3,49,-0.0044095290052656114,0.0010465340224947218,-0.30612244897959184,0.0,0.0,-0.005000000000000003,0.13487967789588257,-0.21606692125801497,0.05128016710224137,-15.0,0.0,0.0,-0.24500000000000013,6.6091042168982455,1,False,True,False,1764700219.776091
4,14,-0.002036073060013388,0.008732904755247952,-1.0714285714285714,0.0,0.0,-0.004999999999999999,0.16448522825381715,-0.02850502284018743,0.12226066657347134,-15.0,0.0,0.0,-0.06999999999999999,2.30279319555344,1,False,True,False,1764700227.0344994
5,3,-0.0007134986022973754,0.00884841675706157,-5.0,0.0,0.0,-0.005,0.6208182287912108,-0.002140495806892126,0.026545250271184706,-15.0,0.0,0.0,-0.015,1.8624546863736327,1,False,True,False,1764700242.947406
