episode_index,steps,mean_reward_drift,mean_reward_progress,mean_reward_intrusion,mean_reward_path_efficiency,mean_reward_boundary,mean_reward_step,mean_reward_proximity,sum_reward_drift,sum_reward_progress,sum_reward_intrusion,sum_reward_path_efficiency,sum_reward_boundary,sum_reward_step,sum_reward_proximity,total_intrusions,terminated_waypoint,terminated_collision,truncated,finished_at
1,14,-0.0007476608280314559,0.016127329853823053,-1.0714285714285714,0.0,0.0,-0.004999999999999999,0.2567542692236674,-0.010467251592440384,0.22578261795352272,-15.0,0.0,0.0,-0.06999999999999999,3.5945597691313433,1,False,True,False,1764700201.296743
2,5,-0.002237776857193542,0.007225651081419304,-3.0,0.0,0.0,-0.005,0.45689140837950315,-0.011188884285967711,0.03612825540709652,-15.0,0.0,0.0,-0.025,2.284457041897516,1,False,True,False,1764700208.0342808
3,9,-0.0016365950620099126,0.008598905997409916,-1.6666666666666667,0.0,0.0,-0.005,0.17015339799117646,-0.014729355558089213,0.07739015397668925,-15.0,0.0,0.0,-0.045,1.5313805819205881,1,False,True,False,1764700217.0302382
4,38,-0.005145573789369871,-0.0005262686041479327,0.0,0.0,0.0,-0.005000000000000002,0.03474624174849765,-0.1955318039960551,-0.019998206957621445,0.0,0.0,0.0,-0.19000000000000009,1.3203571864429107,0,False,True,False,1764700228.5162199
5,16,-0.0020976971586095542,0.003804094843341349,-0.9375,0.0,0.0,-0.005,0.1510679571776326,-0.03356315453775287,0.060865517493461585,-15.0,0.0,0.0,-0.08,2.4170873148421217,1,False,True,False,1764700244.4487455
