episode_index,steps,mean_reward_drift,mean_reward_progress,mean_reward_intrusion,mean_reward_path_efficiency,mean_reward_boundary,mean_reward_step,mean_reward_proximity,sum_reward_drift,sum_reward_progress,sum_reward_intrusion,sum_reward_path_efficiency,sum_reward_boundary,sum_reward_step,sum_reward_proximity,total_intrusions,terminated_waypoint,terminated_collision,truncated,finished_at
1,10,-0.0022101609392519333,0.005668580873972573,-1.5,0.0,0.0,-0.004999999999999999,0.19329925676726256,-0.02210160939251933,0.05668580873972573,-15.0,0.0,0.0,-0.049999999999999996,1.9329925676726256,1,False,True,False,1764700200.8700244
2,26,-0.00668189871220214,-0.008837802043962962,0.0,0.0,-0.07692307692307693,-0.005000000000000001,0.0,-0.17372936651725562,-0.22978285314303704,0.0,0.0,-2.0,-0.13000000000000003,0.0,0,False,False,True,1764700209.368402
3,14,-0.0018855248886180949,0.011301293395531011,-1.0714285714285714,0.0,0.0,-0.004999999999999999,0.23356746595325212,-0.026397348440653327,0.15821810753743415,-15.0,0.0,0.0,-0.06999999999999999,3.2699445233455298,1,False,True,False,1764700217.4155238
4,102,-0.007186782752605322,-0.00992636236385014,0.0,0.0,-0.0196078431372549,-0.005000000000000004,0.12490052392471443,-0.7330518407657428,-1.0124889611127144,0.0,0.0,-2.0,-0.5100000000000003,12.739853440320871,0,False,False,True,1764700232.1924295
5,302,-0.005796303365887879,-0.0015540860975776871,-0.5463576158940397,0.0,-0.006622516556291391,-0.004999999999999966,0.05489662667517541,-1.7504836164981394,-0.4693340014684615,-165.0,0.0,-2.0,-1.5099999999999898,16.578781255902975,11,False,False,True,1764700282.451625
