episode_index,steps,mean_reward_drift,mean_reward_progress,mean_reward_intrusion,mean_reward_path_efficiency,mean_reward_boundary,mean_reward_step,mean_reward_proximity,sum_reward_drift,sum_reward_progress,sum_reward_intrusion,sum_reward_path_efficiency,sum_reward_boundary,sum_reward_step,sum_reward_proximity,total_intrusions,terminated_waypoint,terminated_collision,truncated,finished_at
1,4,-0.0036209747305007882,0.0031518635748008783,-3.75,0.0,0.0,-0.005,0.7217909196114758,-0.014483898922003153,0.012607454299203513,-15.0,0.0,0.0,-0.02,2.887163678445903,1,False,True,False,1764700200.2452765
2,5,-0.0010471122815605054,0.006353822252359187,-3.0,0.0,0.0,-0.005,0.33451969558296446,-0.005235561407802527,0.031769111261795935,-15.0,0.0,0.0,-0.025,1.6725984779148224,1,False,True,False,1764700208.0342808
3,9,-0.0029543081477449566,0.005717098829863549,-1.6666666666666667,0.0,0.0,-0.005,0.42590776224446747,-0.02658877332970461,0.05145388946877194,-15.0,0.0,0.0,-0.045,3.8331698602002073,1,False,True,False,1764700217.0302382
4,190,-0.003891874392281391,0.0017289424102564879,-0.7105263157894737,0.0,-0.010526315789473684,-0.005000000000000004,0.3271114480340148,-0.7394561345334643,0.3284990579487327,-135.0,0.0,-2.0,-0.9500000000000007,62.15117512646282,9,False,False,True,1764700242.4880345
