episode_index,steps,mean_reward_drift,mean_reward_progress,mean_reward_intrusion,sum_reward_drift,sum_reward_progress,sum_reward_intrusion,total_intrusions,finished_at
1,28,-0.17803537945381695,0.0,-0.03571428571428571,-4.9849906247068745,0.0,-1.0,1,1761055179.9101944
2,15,-0.13222852169104618,0.0,0.0,-1.9834278253656927,0.0,0.0,0,1761055180.45603
3,34,-0.1046397682571997,0.0,0.0,-3.55775212074479,0.0,0.0,0,1761055181.8264632
4,41,-0.21254205973966364,0.0,0.0,-8.71422444932621,0.0,0.0,0,1761055218.91235
