episode_index,steps,mean_reward_drift,mean_reward_progress,mean_reward_intrusion,sum_reward_drift,sum_reward_progress,sum_reward_intrusion,total_intrusions,finished_at
1,23,-0.07303259383829981,0.0,0.0,-1.6797496582808955,0.0,0.0,0,1761055179.8460088
2,18,-0.1800349733646965,0.0,0.0,-3.240629520564537,0.0,0.0,0,1761055180.495735
3,25,-0.1955742452198156,0.0,-0.04,-4.88935613049539,0.0,-1.0,1,1761055181.6926804
4,6,-0.13046376232118553,0.0,0.0,-0.7827825739271131,0.0,0.0,0,1761055182.3147938
5,12,-0.19580619794119683,0.0,0.0,-2.349674375294362,0.0,0.0,0,1761055219.139491
6,38,-0.21619135224408828,0.0,0.0,-8.215271385275354,0.0,0.0,0,1761055220.1642263
