episode_index,steps,mean_reward_drift,mean_reward_progress,mean_reward_intrusion,sum_reward_drift,sum_reward_progress,sum_reward_intrusion,total_intrusions,finished_at
1,7,-0.08624564152690124,0.0,-0.14285714285714285,-0.6037194906883087,0.0,-1.0,1,1761054471.791341
2,20,-0.18540805791771603,0.0,-0.05,-3.7081611583543204,0.0,-1.0,1,1761054472.9436803
3,27,-0.1519657717718415,0.0,0.0,-4.103075837839721,0.0,0.0,0,1761054474.3370733
4,7,-0.1612398688482306,0.0,0.0,-1.1286790819376142,0.0,0.0,0,1761054511.3382072
5,62,-0.17535400476308527,0.0,0.0,-10.871948295311286,0.0,0.0,0,1761054512.475373
