episode_index,steps,mean_reward_drift,mean_reward_progress,mean_reward_intrusion,sum_reward_drift,sum_reward_progress,sum_reward_intrusion,total_intrusions,finished_at
1,63,-0.16562637310992992,0.0,-0.015873015873015872,-10.434461505925585,0.0,-1.0,1,1761054472.5978303
2,31,-0.22244801514847226,0.0,-0.06451612903225806,-6.89588846960264,0.0,-2.0,2,1761054473.1043906
3,19,-0.13279810950931367,0.0,0.0,-2.5231640806769597,0.0,0.0,0,1761054474.207195
4,27,-0.1420770405890822,0.0,0.0,-3.836080095905219,0.0,0.0,0,1761054511.605176
5,4,-0.1992693233930096,0.0,0.0,-0.7970772935720384,0.0,0.0,0,1761054511.6928458
6,42,-0.1963953082306958,0.0,0.0,-8.248602945689223,0.0,0.0,0,1761054513.0899556
