episode_index,steps,mean_reward_drift,mean_reward_progress,mean_reward_intrusion,sum_reward_drift,sum_reward_progress,sum_reward_intrusion,finished_at
1,12,-0.1168687259973239,0.007901783550417624,0.0,-1.4024247119678868,0.09482140260501148,0.0,1760947063.6039116
2,21,-0.2212059375964455,-0.010508187913558396,0.0,-4.6453246895253555,-0.22067194618472633,0.0,1760947064.7159872
3,95,-0.18264687705449026,-0.003637189030388525,-0.031578947368421054,-17.351453320176574,-0.34553295788690985,-3.0,1760947068.3705125
