episode_index,steps,mean_reward_drift,mean_reward_progress,mean_reward_intrusion,sum_reward_drift,sum_reward_progress,sum_reward_intrusion,finished_at
1,5,-0.12172712183794276,0.014069605885288,0.0,-0.6086356091897138,0.07034802942644,0.0,1760947063.5089183
2,187,-0.16554574962744978,-0.002283244751292114,0.0,-30.957055180333107,-0.4269667684916253,0.0,1760947066.981397
