episode_index,steps,mean_reward_drift,mean_reward_progress,mean_reward_intrusion,sum_reward_drift,sum_reward_progress,sum_reward_intrusion,finished_at
1,9,-0.22026885714855554,-0.007540085613945097,0.0,-1.982419714337,-0.06786077052550588,0.0,1760947063.5669181
2,6,-0.14949184535913643,0.0035316168277212214,0.0,-0.8969510721548186,0.02118970096632733,0.0,1760947064.461791
3,83,-0.1847747669469142,-0.00306067544683687,0.0,-15.336305656593877,-0.2540360620874602,0.0,1760947068.2123141
4,151,-0.1707627910203371,-0.0015394420943362953,-0.019867549668874173,-25.7851814440709,-0.2324557562447806,-3.0,1760947136.569712
5,19,-0.14417726593202007,0.0032246388694272894,0.0,-2.7393680527083815,0.0612681385191185,0.0,1760947136.9756246
6,36,-0.2048282988324951,-0.008239646197853504,0.0,-7.373818757969824,-0.29662726312272614,0.0,1760947138.0353417
7,68,-0.1276449375585626,0.005300515144765925,0.0,-8.679855753982256,0.36043502984408293,0.0,1760947139.0025897
