episode_index,steps,mean_reward_drift,mean_reward_progress,mean_reward_intrusion,mean_reward_proximity,sum_reward_drift,sum_reward_progress,sum_reward_intrusion,sum_reward_proximity,total_intrusions,terminated_waypoint,truncated,finished_at
1,68,-0.0008222577496574373,0.0054807493639860705,0.0,0.0,-0.055913526976705735,0.3726909567510528,0.0,0.0,0,False,True,1762869440.3022416
2,172,-0.0018520103967338665,-0.0018484153515626136,-0.01744186046511628,-0.01141808749834801,-0.31854578823822505,-0.31792744046876953,-3.0,-1.9639110497158578,1,False,True,1762869459.2824621
