episode_index,steps,mean_reward_drift,mean_reward_progress,mean_reward_intrusion,mean_reward_proximity,sum_reward_drift,sum_reward_progress,sum_reward_intrusion,sum_reward_proximity,total_intrusions,terminated_waypoint,truncated,finished_at
1,215,-0.0024470851283521573,-0.0008017440629314594,0.0,0.0,-0.5261233025957138,-0.17237497353026376,0.0,0.0,0,False,True,1762869447.9318154
2,29,-0.002241270958198097,-0.00164372685937462,0.0,0.0,-0.0649968577877448,-0.04766807892186398,0.0,0.0,0,False,True,1762869449.7155392
3,57,-0.0008155612192028961,0.007665837033057001,0.0,0.0,-0.046486989494565076,0.43695271088424903,0.0,0.0,0,True,False,1762869463.095432
4,400,-0.002065074566196331,0.0015406568935183674,-0.015,-0.014589482557487692,-0.8260298264785325,0.6162627574073469,-6.0,-5.835793022995077,2,False,True,1762869496.4449651
