episode_index,steps,mean_reward_drift,mean_reward_progress,mean_reward_intrusion,mean_reward_proximity,sum_reward_drift,sum_reward_progress,sum_reward_intrusion,sum_reward_proximity,total_intrusions,terminated_waypoint,truncated,finished_at
1,95,-0.0021805932967697197,0.0003603356226386283,0.0,-0.003269012603989625,-0.20715636319312336,0.03423188415066969,0.0,-0.3105561973790144,0,False,True,1762870445.7152073
2,115,-0.0019685486352812058,0.0011296180590080892,0.0,-0.002766613694676888,-0.22638309305733867,0.12990607678593025,0.0,-0.3181605748878421,0,False,True,1762870467.082969
3,164,-0.0024916749147815237,-0.0003812220875783411,0.0,0.0,-0.4086346860241699,-0.06252042236284794,0.0,0.0,0,False,True,1762870480.063751
