episode_index,steps,mean_reward_drift,mean_reward_progress,mean_reward_intrusion,sum_reward_drift,sum_reward_progress,sum_reward_intrusion,total_intrusions,finished_at
1,8,-0.07969597922384516,0.0,0.0,-0.6375678337907613,0.0,0.0,0,1761055477.426945
2,9,-0.21884543384313568,0.0,0.0,-1.969608904588221,0.0,0.0,0,1761055477.9220111
3,17,-0.06558414502747822,0.0,0.0,-1.11493046546713,0.0,0.0,0,1761055478.8613641
4,34,-0.19234607861240424,0.0,-0.029411764705882353,-6.539766672821744,0.0,-1.0,1,1761055513.3594527
5,43,-0.16665712911949274,0.0,0.0,-7.166256552138188,0.0,0.0,0,1761055514.336729
6,51,-0.12177587479115014,0.0,0.0,-6.210569614348657,0.0,0.0,0,1761055515.2113166
