episode_index,steps,mean_reward_drift,mean_reward_progress,mean_reward_intrusion,sum_reward_drift,sum_reward_progress,sum_reward_intrusion,total_intrusions,finished_at
1,5,-0.12019651159377265,0.0,-0.2,-0.6009825579688632,0.0,-1.0,1,1761055477.3685434
2,18,-0.10543677730764184,0.0,0.0,-1.8978619915375532,0.0,0.0,0,1761055478.087331
3,7,-0.06499427645945534,0.14285714285714285,-0.14285714285714285,-0.4549599352161874,1.0,-1.0,1,1761055478.7205908
4,55,-0.14229082169970525,0.0,-0.01818181818181818,-7.825995193483789,0.0,-1.0,1,1761055513.6337972
