episode_index,steps,mean_reward_drift,mean_reward_progress,mean_reward_intrusion,sum_reward_drift,sum_reward_progress,sum_reward_intrusion,total_intrusions,finished_at
1,16,-0.19606527525802703,0.0,0.0,-3.1370444041284324,0.0,0.0,0,1761055477.5586066
2,22,-0.20532723117920482,0.0,0.0,-4.517199085942506,0.0,0.0,0,1761055478.1561882
3,97,-0.19222158295649816,0.0,-0.020618556701030927,-18.645493546780322,0.0,-2.0,2,1761055480.0412242
