episode_index,steps,mean_reward_drift,mean_reward_progress,mean_reward_intrusion,mean_reward_proximity,sum_reward_drift,sum_reward_progress,sum_reward_intrusion,sum_reward_proximity,total_intrusions,terminated_waypoint,truncated,finished_at
1,176,-0.0033285687924487608,-0.0036489675365112165,0.0,0.0,-0.5858281074709819,-0.6422182864259741,0.0,0.0,0,False,True,1762870450.9635038
2,219,-0.002063153831609596,0.00021532300309718425,0.0,0.0,-0.45183068912250157,0.04715573767828335,0.0,0.0,0,False,True,1762870468.0861008
