episode_index,steps,mean_reward_drift,mean_reward_progress,mean_reward_intrusion,mean_reward_proximity,sum_reward_drift,sum_reward_progress,sum_reward_intrusion,sum_reward_proximity,total_intrusions,terminated_waypoint,truncated,finished_at
1,127,-0.0028356862494126707,-0.001986808057775533,-0.023622047244094488,-0.006913429238930587,-0.3601321536754092,-0.2523246233374927,-3.0,-0.8780055133441845,1,False,True,1762870447.3509529
2,46,-0.001639853235078644,0.000965422053180987,0.0,0.0,-0.07543324881361763,0.0444094144463254,0.0,0.0,0,False,True,1762870455.937292
3,400,-0.0025567175898108573,0.0009114508208518935,0.0,-0.0015187156082832889,-1.022687035924343,0.3645803283407574,0.0,-0.6074862433133156,0,False,True,1762870496.5155916
