episode_index,steps,mean_reward_drift,mean_reward_progress,mean_reward_intrusion,sum_reward_drift,sum_reward_progress,sum_reward_intrusion,total_intrusions,finished_at
1,27,-0.19598852422981206,0.0,0.0,-5.291690154204925,0.0,0.0,0,1761054472.1701834
2,4,-0.068359969206533,0.0,0.0,-0.273439876826132,0.0,0.0,0,1761054472.8850052
3,70,-0.16007216217542122,0.0,0.0,-11.205051352279485,0.0,0.0,0,1761054474.3331969
