episode_index,steps,mean_reward_drift,mean_reward_progress,mean_reward_intrusion,sum_reward_drift,sum_reward_progress,sum_reward_intrusion,total_intrusions,finished_at
1,34,-0.1340093384119554,0.0,0.0,-4.556317506006483,0.0,0.0,0,1761054472.2801826
2,37,-0.20548891268437625,0.0,0.0,-7.603089769321921,0.0,0.0,0,1761054473.343624
3,44,-0.17851389501477408,0.0,-0.11363636363636363,-7.854611380650059,0.0,-5.0,5,1761054474.0109458
4,33,-0.16453594793867451,0.0,-0.12121212121212122,-5.429686281976259,0.0,-4.0,4,1761054511.264146
5,14,-0.15489921619735855,0.0,0.0,-2.1685890267630197,0.0,0.0,0,1761054511.5240984
6,75,-0.13894354374837722,0.0,-0.013333333333333334,-10.420765781128292,0.0,-1.0,1,1761054513.2482822
