episode_index,steps,mean_reward_drift,mean_reward_progress,mean_reward_intrusion,mean_reward_path_efficiency,mean_reward_boundary,mean_reward_step,sum_reward_drift,sum_reward_progress,sum_reward_intrusion,sum_reward_path_efficiency,sum_reward_boundary,sum_reward_step,total_intrusions,terminated_waypoint,truncated,finished_at
1,147,-0.09385358409298412,-0.004123207291009711,-0.6530612244897959,0.0,-0.02040816326530612,-0.04999999999999988,-13.796476861668667,-0.6061114717784276,-96.0,0.0,-3.0,-7.349999999999982,8,False,True,1764323120.4267318
2,85,-0.09298804622231764,-0.0023368491686730783,0.0,0.0,-0.03529411764705882,-0.04999999999999992,-7.9039839288969995,-0.19863217933721167,0.0,0.0,-3.0,-4.249999999999993,0,False,True,1764323136.7480402
3,193,-0.058319563130686494,0.014796038112308074,-0.9948186528497409,0.0,-0.015544041450777202,-0.05000000000000001,-11.255675684222494,2.8556353556754583,-192.0,0.0,-3.0,-9.650000000000002,16,False,True,1764323177.8942099
