episode_index,steps,mean_reward_drift,mean_reward_progress,mean_reward_intrusion,mean_reward_path_efficiency,mean_reward_boundary,mean_reward_step,sum_reward_drift,sum_reward_progress,sum_reward_intrusion,sum_reward_path_efficiency,sum_reward_boundary,sum_reward_step,total_intrusions,terminated_waypoint,truncated,finished_at
1,267,-0.10379014164251012,-0.00772436031375486,-0.5842696629213483,0.0,-0.011235955056179775,-0.050000000000000204,-27.7119678185502,-2.0624042037725476,-156.0,0.0,-3.0,-13.350000000000055,13,False,True,1764323128.4933534
2,286,-0.08791468392057533,0.004188870374121775,-0.5454545454545454,0.0,-0.01048951048951049,-0.05000000000000024,-25.143599601284546,1.1980169269988277,-156.0,0.0,-3.0,-14.300000000000068,13,False,True,1764323154.5151825
