episode_index,steps,mean_reward_drift,mean_reward_progress,mean_reward_intrusion,mean_reward_proximity,sum_reward_drift,sum_reward_progress,sum_reward_intrusion,sum_reward_proximity,total_intrusions,finished_at
1,38,-0.016274111700015314,0.012052981860695861,0.0,0.0,-0.618416244600582,0.4580133107064427,0.0,0.0,0,1761290467.0012572
2,109,-0.03388633242520429,-0.0007077829123899244,0.0,-0.045202618151227385,-3.693610234347267,-0.07714833745050176,0.0,-4.927085378483785,0,1761290469.0923345
3,109,-0.043685055732384556,-0.008076134313006907,-0.1651376146788991,-0.01814580816053667,-4.761671074829916,-0.8802986401177528,-18.0,-1.9778930894984972,3,1761290470.2527869
4,37,-0.007402946102069216,0.04379349466147054,0.0,0.0,-0.27390900577656097,1.62035930247441,0.0,0.0,0,1761290470.5904584
5,182,-0.0294582126102905,0.0015185645995626016,0.0,0.0,-5.361394695072871,0.2763787571203935,0.0,0.0,0,1761290472.647478
