episode_index,steps,mean_reward_drift,mean_reward_progress,mean_reward_intrusion,mean_reward_proximity,sum_reward_drift,sum_reward_progress,sum_reward_intrusion,sum_reward_proximity,total_intrusions,finished_at
1,44,-0.029560384006596285,0.0034095954364657464,0.0,-0.007727523913633547,-1.3006568962902365,0.15002219920449283,0.0,-0.3400110521998761,0,1761290467.048465
2,42,-0.01476118216691552,0.012984405131111109,0.0,0.0,-0.6199696510104519,0.5453450155066666,0.0,0.0,0,1761290468.6395957
3,112,-0.035855843547733426,-0.0024793808777375547,-1.2321428571428572,-0.017041283250999923,-4.015854477346144,-0.2776906583066061,-138.0,-1.9086237241119912,23,1761290470.2685246
4,131,-0.025787735462795114,0.004616632716285593,0.0,0.0,-3.3781933456261597,0.6047788858334127,0.0,0.0,0,1761290471.1262436
5,103,-0.020251768252655452,0.0070120286160867224,0.0,0.0,-2.0859321300235116,0.7222389474569324,0.0,0.0,0,1761290472.2476997
6,74,-0.038737180556316926,-0.004675451370789283,0.0,0.0,-2.8665513611674527,-0.3459834014384069,0.0,0.0,0,1761290473.3464344
7,56,-0.018891632387142258,0.010106038082297887,0.0,0.0,-1.0579314136799665,0.5659381326086816,0.0,0.0,0,1761290475.26283
8,236,-0.025902605909364287,0.004887192535895699,0.0,0.0,-6.113014994609972,1.1533774384713849,0.0,0.0,0,1761290477.5529792
