episode_index,steps,mean_reward_drift,mean_reward_progress,mean_reward_intrusion,mean_reward_proximity,sum_reward_drift,sum_reward_progress,sum_reward_intrusion,sum_reward_proximity,total_intrusions,finished_at
1,56,-0.0371331514965021,-0.0034024075153027966,0.0,0.0,-2.0794564838041176,-0.1905348208569566,0.0,0.0,0,1761290467.1462295
2,8,-0.006277078337393908,0.1454329662498253,0.0,0.0,-0.050216626699151265,1.1634637299986024,0.0,0.0,0,1761290468.3838644
3,82,-0.03294505056467222,-0.00033804641368304685,-1.6829268292682926,-0.023275899074536477,-2.7014941463031223,-0.027719805922009844,-138.0,-1.9086237241119912,23,1761290470.081505
4,194,-0.03957192487806366,-0.005412100426673635,0.0,0.0,-7.676953426344349,-1.0499474827746853,0.0,0.0,0,1761290471.3997834
5,35,-0.021958006584555597,0.00831392591620496,0.0,-0.0008597025152465693,-0.7685302304594459,0.29098740706717363,0.0,-0.030089588033629926,0,1761290471.733734
6,177,-0.043136692542475256,-0.008060395498968281,-0.4745762711864407,-0.019210364409614045,-7.635194580018121,-1.4266900033173857,-84.0,-3.4002345005016856,14,1761290474.1206722
7,176,-0.023549368260457768,0.006292971265001079,0.0,-0.03587609003422871,-4.144688813840567,1.1075629426401898,0.0,-6.3141918460242525,0,1761290476.0079875
