episode_index,steps,mean_reward_drift,mean_reward_progress,mean_reward_intrusion,sum_reward_drift,sum_reward_progress,sum_reward_intrusion,total_intrusions,finished_at
1,7,-0.10510684921821355,0.0,0.0,-0.7357479445274948,0.0,0.0,0,1761049211.9504564
2,2,-0.0453077075696122,0.0,0.0,-0.0906154151392244,0.0,0.0,0,1761049213.346983
3,74,-0.1294164091312519,0.0,0.0,-9.57681427571264,0.0,0.0,0,1761049250.6510806
