episode_index,steps,mean_reward_drift,mean_reward_progress,mean_reward_intrusion,mean_reward_proximity,sum_reward_drift,sum_reward_progress,sum_reward_intrusion,sum_reward_proximity,total_intrusions,terminated_waypoint,truncated,finished_at
1,243,-0.0017941501819702446,0.002571435179064023,0.0,-0.013984067914505299,-0.43597849421876944,0.6248587485125576,0.0,-3.3981285032247874,0,False,True,1762616111.74209
2,291,-0.002008809846208655,0.0017329770870840434,0.0,-0.00086091868810082,-0.5845636652467187,0.5042963323414567,0.0,-0.25052733823733864,0,False,True,1762616228.6979556
