episode_index,steps,mean_reward_drift,mean_reward_progress,mean_reward_intrusion,sum_reward_drift,sum_reward_progress,sum_reward_intrusion,total_intrusions,finished_at
1,13,-0.21001684847243401,0.0,0.0,-2.730219030141642,0.0,0.0,0,1761056922.8619688
2,26,-0.15836309723998282,0.0,0.0,-4.117440528239554,0.0,0.0,0,1761056923.424586
3,22,-0.09985693354980825,0.0,-0.045454545454545456,-2.1968525380957815,0.0,-1.0,1,1761056924.5677438
4,7,-0.11641798994219942,0.0,0.0,-0.8149259295953959,0.0,0.0,0,1761056924.7297523
5,19,-0.1203637016688606,0.0,-0.10526315789473684,-2.2869103317083512,0.0,-2.0,2,1761056961.1339614
6,25,-0.11438665129816551,0.0,-0.04,-2.8596662824541377,0.0,-1.0,1,1761056961.8391826
7,23,-0.25064316286980254,0.0,-0.043478260869565216,-5.764792746005458,0.0,-1.0,1,1761056962.4246771
8,19,-0.13403997742946544,0.0,0.0,-2.546759571159843,0.0,0.0,0,1761056963.090571
9,31,-0.17380042944207066,0.0,-0.03225806451612903,-5.387813312704191,0.0,-1.0,1,1761056963.7455933
