episode_index,steps,mean_reward_drift,mean_reward_progress,mean_reward_intrusion,sum_reward_drift,sum_reward_progress,sum_reward_intrusion,total_intrusions,finished_at
1,3,-0.04471597224415786,0.3333333333333333,0.0,-0.1341479167324736,1.0,0.0,0,1761056922.7197587
2,50,-0.14547420854652887,0.0,-0.04,-7.273710427326443,0.0,-2.0,2,1761056923.8357604
3,5,-0.09821197939170843,0.0,0.0,-0.4910598969585422,0.0,0.0,0,1761056924.3475327
4,78,-0.1571387226585209,0.0,0.0,-12.25682036736463,0.0,0.0,0,1761056925.621811
5,22,-0.1824724868493054,0.0,-0.09090909090909091,-4.014394710684718,0.0,-2.0,2,1761056961.1884096
6,29,-0.10048691513892472,0.0,0.0,-2.9141205390288167,0.0,0.0,0,1761056961.896045
7,31,-0.11913771170673505,0.0,0.0,-3.6932690629087865,0.0,0.0,0,1761056962.551175
8,23,-0.09715016257923594,0.0,0.0,-2.2344537393224266,0.0,0.0,0,1761056963.1455576
