episode_index,steps,mean_reward_drift,mean_reward_progress,mean_reward_intrusion,mean_reward_proximity,sum_reward_drift,sum_reward_progress,sum_reward_intrusion,sum_reward_proximity,total_intrusions,terminated_waypoint,truncated,finished_at
1,276,-0.002579653870499677,-0.0011469694078239348,0.0,0.0,-0.7119844682579108,-0.31656355655940605,0.0,0.0,0,False,True,1762616114.6641233
2,164,-0.002383695619536745,-0.0008889104503251798,0.0,-0.0025455881167967005,-0.3909260816040262,-0.14578131385332949,0.0,-0.41747645115465887,0,False,True,1762616182.7945468
