episode_index,steps,mean_reward_drift,mean_reward_progress,mean_reward_intrusion,sum_reward_drift,sum_reward_progress,sum_reward_intrusion,finished_at
1,6,-0.08435307552648819,0.014891194475253486,0.0,-0.5061184531589291,0.08934716685152091,0.0,1760947063.5184686
2,19,-0.1870384017047545,-0.003647788852885081,0.0,-3.5537296323903353,-0.06930798820481654,0.0,1760947065.5199642
3,61,-0.2141867328927536,-0.009074236431057571,-0.04918032786885246,-13.06539070645797,-0.5535284222945118,-3.0,1760947067.0459366
4,72,-0.18046116871778606,-0.004216546779602303,0.0,-12.993204147680595,-0.3035913681313658,0.0,1760947136.0990236
5,125,-0.17331877608032165,-0.002209515653182569,0.0,-21.664847010040205,-0.2761894566478211,0.0,1760947137.8754804
