episode_index,steps,mean_reward_drift,mean_reward_progress,mean_reward_intrusion,sum_reward_drift,sum_reward_progress,sum_reward_intrusion,finished_at
1,23,-0.20938244662817498,-0.006448617251139408,0.0,-4.815796272448025,-0.1483181967762064,0.0,1760947063.777884
2,61,-0.1418083999072183,0.003145222939568354,0.0,-8.650312394340316,0.1918585993136696,0.0,1760947066.0899618
