episode_index,steps,mean_reward_drift,mean_reward_progress,mean_reward_intrusion,mean_reward_proximity,sum_reward_drift,sum_reward_progress,sum_reward_intrusion,sum_reward_proximity,total_intrusions,terminated_waypoint,truncated,finished_at
1,324,-0.002485717233299963,0.0014581763323564417,0.0,-0.006325005806271494,-0.805372383589188,0.4724491316834871,0.0,-2.049301881231964,0,True,True,1762858295.6932132
2,138,-0.0031098653303694686,-0.0031451741482515965,0.0,-0.0009370842463524321,-0.42916141559098664,-0.4340340324587203,0.0,-0.12931762599663563,0,False,True,1762858305.318796
3,18,-0.0017664878946812507,0.00011729940484157665,0.0,0.0,-0.03179678210426251,0.0021113892871483797,0.0,0.0,0,False,True,1762858323.7857592
4,227,-0.0018336932125703211,0.0017938904005495471,0.0,0.0,-0.4162483592534629,0.4072131209247472,0.0,0.0,0,False,True,1762858367.2044
5,98,-0.0020286483542362303,0.0020162956538969396,-0.030612244897959183,-0.010064801072064627,-0.19880753871515056,0.19759697408190008,-3.0,-0.9863505050623333,1,False,True,1762858378.6582716
6,116,-0.003002110341227513,-0.0033011398796042235,-0.05172413793103448,-0.020103105123034155,-0.3482447995823915,-0.38293222603408994,-6.0,-2.331960194271962,2,False,True,1762858399.7650325
