episode_index,steps,mean_reward_drift,mean_reward_progress,mean_reward_intrusion,mean_reward_proximity,sum_reward_drift,sum_reward_progress,sum_reward_intrusion,sum_reward_proximity,total_intrusions,terminated_waypoint,truncated,finished_at
1,229,-0.00128960812969008,0.003959925721873112,-0.026200873362445413,-0.005007366936382934,-0.29532026169902836,0.9068229903089428,-6.0,-1.146687028431692,2,True,False,1762522518.7780967
2,296,-0.002563964844367382,-0.0006411008914540899,-0.010135135135135136,-0.014402549243716978,-0.7589335939327451,-0.1897658638704106,-3.0,-4.263154576140225,1,False,True,1762522658.3219547
