episode_index,steps,mean_reward_drift,mean_reward_progress,mean_reward_intrusion,mean_reward_path_efficiency,mean_reward_boundary,mean_reward_step,sum_reward_drift,sum_reward_progress,sum_reward_intrusion,sum_reward_path_efficiency,sum_reward_boundary,sum_reward_step,total_intrusions,terminated_waypoint,truncated,finished_at
1,80,-0.042838180637477845,0.0935138911584619,-1.05,0.0,0.0,-0.04999999999999992,-3.4270544509982277,7.481111292676952,-84.0,0.0,0.0,-3.999999999999994,7,True,False,1764323116.9553463
2,47,-0.05714998920370063,0.02045758717188655,0.0,0.0,-0.06382978723404255,-0.049999999999999996,-2.6860494925739298,0.9615065970786678,0.0,0.0,-3.0,-2.3499999999999996,0,False,True,1764323125.675545
3,96,-0.10425052014724889,-0.008073512508680042,0.0,0.0,-0.03125,-0.049999999999999906,-10.008049934135894,-0.775057200833284,0.0,0.0,-3.0,-4.799999999999991,0,False,True,1764323145.225425
4,68,-0.09235546442161975,-0.0016067934798890077,0.0,0.0,-0.04411764705882353,-0.04999999999999994,-6.280171580670143,-0.10926195663245253,0.0,0.0,-3.0,-3.399999999999996,0,False,True,1764323168.2524638
5,43,-0.06638011616581875,0.007812943878190239,0.0,0.0,-0.06976744186046512,-0.05000000000000001,-2.8543449951302065,0.33595658676218026,0.0,0.0,-3.0,-2.1500000000000004,0,False,True,1764323182.5399127
