episode_index,steps,mean_reward_drift,mean_reward_progress,mean_reward_intrusion,mean_reward_path_efficiency,mean_reward_boundary,mean_reward_step,sum_reward_drift,sum_reward_progress,sum_reward_intrusion,sum_reward_path_efficiency,sum_reward_boundary,sum_reward_step,total_intrusions,terminated_waypoint,truncated,finished_at
1,37,-0.046433455465230956,0.01800993245828982,0.0,0.0,-0.08108108108108109,-0.050000000000000024,-1.7180378522135453,0.6663675009567233,0.0,0.0,-3.0,-1.850000000000001,0,False,True,1764323113.649916
2,112,-0.05705258521501232,0.01628270949101993,-3.0,0.0,-0.026785714285714284,-0.04999999999999989,-6.38988954408138,1.823663462994232,-336.0,0.0,-3.0,-5.599999999999988,28,False,True,1764323130.575435
3,40,-0.11441756409666337,-0.009165014990115641,-0.9,0.0,-0.075,-0.050000000000000024,-4.576702563866535,-0.36660059960462565,-36.0,0.0,-3.0,-2.000000000000001,3,False,True,1764323141.191623
4,58,-0.04516033081319123,0.01899535332991506,-0.20689655172413793,0.0,-0.05172413793103448,-0.04999999999999996,-2.6192991871650912,1.1017304931350735,-12.0,0.0,-3.0,-2.8999999999999977,1,False,True,1764323166.964799
5,35,-0.03162401928324935,0.16856351473362344,0.0,0.0,0.0,-0.050000000000000024,-1.1068406749137274,5.899723015676821,0.0,0.0,0.0,-1.7500000000000009,0,True,False,1764323181.5202127
