episode_index,steps,mean_reward_drift,mean_reward_progress,mean_reward_intrusion,mean_reward_path_efficiency,mean_reward_boundary,mean_reward_step,sum_reward_drift,sum_reward_progress,sum_reward_intrusion,sum_reward_path_efficiency,sum_reward_boundary,sum_reward_step,total_intrusions,terminated_waypoint,truncated,finished_at
1,59,-0.06505030745318259,0.006930318998027499,-1.6271186440677967,0.0,-0.05084745762711865,-0.04999999999999996,-3.8379681397377725,0.40888882088362244,-96.0,0.0,-3.0,-2.9499999999999975,8,False,True,1764323115.3839478
2,65,-0.1394381297298205,-0.02476235775958521,-0.9230769230769231,0.0,-0.046153846153846156,-0.04999999999999995,-9.063478432438332,-1.6095532543730386,-60.0,0.0,-3.0,-3.2499999999999964,5,False,True,1764323126.9763246
3,35,-0.10333921128789388,-0.00283874335734927,0.0,0.0,-0.08571428571428572,-0.050000000000000024,-3.6168723950762858,-0.09935601750722445,0.0,0.0,-3.0,-1.7500000000000009,0,False,True,1764323140.7900815
4,136,-0.06965173519885226,0.04647735335164245,-0.6176470588235294,0.0,0.0,-0.04999999999999988,-9.472635987043907,6.320920055823374,-84.0,0.0,0.0,-6.799999999999984,7,True,False,1764323176.3604558
5,29,-0.11547998856477938,-0.008482601906800398,0.0,0.0,-0.10344827586206896,-0.050000000000000024,-3.348919668378602,-0.24599545529721156,0.0,0.0,-3.0,-1.4500000000000006,0,False,True,1764323180.8508
