episode_index,steps,mean_reward_drift,mean_reward_progress,mean_reward_intrusion,mean_reward_path_efficiency,mean_reward_boundary,mean_reward_step,sum_reward_drift,sum_reward_progress,sum_reward_intrusion,sum_reward_path_efficiency,sum_reward_boundary,sum_reward_step,total_intrusions,terminated_waypoint,truncated,finished_at
1,58,-0.11763904772710766,-0.010979821629304262,0.0,0.0,-0.05172413793103448,-0.04999999999999996,-6.8230647681722445,-0.6368296544996472,0.0,0.0,-3.0,-2.8999999999999977,0,False,True,1764323115.2379942
2,36,-0.12834645330262312,-0.006415542385501775,0.0,0.0,-0.08333333333333333,-0.050000000000000024,-4.620472318894432,-0.2309595258780639,0.0,0.0,-3.0,-1.800000000000001,0,False,True,1764323124.8444214
3,105,-0.08635055737651615,-0.003188538198565878,0.0,0.0,-0.02857142857142857,-0.0499999999999999,-9.066808524534196,-0.3347965108494172,0.0,0.0,-3.0,-5.249999999999989,0,False,True,1764323145.8146124
4,69,-0.13934693230993744,-0.027651796046766382,-0.5217391304347826,0.0,-0.043478260869565216,-0.04999999999999994,-9.614938329385684,-1.9079739272268803,-36.0,0.0,-3.0,-3.4499999999999957,3,False,True,1764323168.2893631
5,11,-0.09242393117752933,-0.00014049474456843326,0.0,0.0,-0.2727272727272727,-0.049999999999999996,-1.0166632429528226,-0.001545442190252766,0.0,0.0,-3.0,-0.5499999999999999,0,False,True,1764323178.7710493
