episode_index,steps,mean_reward_drift,mean_reward_progress,mean_reward_intrusion,mean_reward_proximity,sum_reward_drift,sum_reward_progress,sum_reward_intrusion,sum_reward_proximity,total_intrusions,terminated_waypoint,truncated,finished_at
1,220,-0.03839848234968331,-0.0020479674044879955,0.0,0.0,-8.447666116930328,-0.45055282898735904,0.0,0.0,0,False,True,1761568939.304278
2,191,-0.04305736680219658,-0.003918704179999285,0.0,-0.11423411085762762,-8.223957059219547,-0.7484724983798634,0.0,-21.818715173806876,0,False,True,1761568940.770154
