episode_index,steps,mean_reward_drift,mean_reward_progress,mean_reward_intrusion,mean_reward_path_efficiency,sum_reward_drift,sum_reward_progress,sum_reward_intrusion,sum_reward_path_efficiency,total_intrusions,terminated_waypoint,truncated,finished_at
1,74,-0.010587076082253453,-0.01117624111658312,-0.16216216216216217,0.0,-0.7834436300867555,-0.8270418426271509,-12.0,0.0,1,False,True,1764321064.9364321
2,87,-0.004014792315402123,0.08624824176972404,0.0,0.0,-0.34928693143998474,7.503597033965992,0.0,0.0,0,True,False,1764321096.0072925
3,223,-0.007356653849689605,0.011613147690668003,-0.21524663677130046,0.0,-1.640533808480782,2.5897319350189645,-48.0,0.0,4,False,True,1764321166.6602304
