episode_index,steps,mean_reward_drift,mean_reward_progress,mean_reward_intrusion,mean_reward_path_efficiency,sum_reward_drift,sum_reward_progress,sum_reward_intrusion,sum_reward_path_efficiency,total_intrusions,terminated_waypoint,truncated,finished_at
1,74,-0.007777380331838251,0.00744776264697895,-1.2972972972972974,0.0,-0.5755261445560306,0.5511344358764423,-96.0,0.0,8,False,True,1764321064.9364321
2,60,-0.014029165721729952,-0.029468029715025996,-1.4,0.0,-0.841749943303797,-1.7680817829015598,-84.0,0.0,7,False,True,1764321093.010665
3,21,-0.004793830697500265,0.25307915720275187,0.0,0.0,-0.10067044464750556,5.314662301257789,0.0,0.0,0,True,False,1764321105.1116595
4,28,-0.007594915628438685,0.003847759614029928,0.0,0.0,-0.21265763759628317,0.10773726919283799,0.0,0.0,0,False,True,1764321170.313408
5,68,-0.0017263124257973063,0.1161528372803831,-1.7647058823529411,0.0,-0.11738924495421683,7.898392935066051,-120.0,0.0,10,True,False,1764321210.802765
