episode_index,steps,mean_reward_drift,mean_reward_progress,mean_reward_intrusion,mean_reward_path_efficiency,sum_reward_drift,sum_reward_progress,sum_reward_intrusion,sum_reward_path_efficiency,total_intrusions,terminated_waypoint,truncated,finished_at
1,49,-0.010597582845015762,-0.010870601416070835,-0.9795918367346939,0.0,-0.5192815594057724,-0.5326594693874709,-48.0,0.0,4,False,True,1764321062.3488047
2,124,-0.007509509414710086,0.010242095593629975,-0.6774193548387096,0.0,-0.9311791674240506,1.2700198536101168,-84.0,0.0,7,False,True,1764321099.891215
3,75,-0.00800377715375027,-4.064088606816618e-06,0.0,0.0,-0.6002832865312702,-0.00030480664551124637,0.0,0.0,0,False,True,1764321112.292619
4,61,-0.0018896839956077957,0.12276662876156912,-0.5901639344262295,0.0,-0.11527072373207554,7.488764354455716,-36.0,0.0,3,True,False,1764321174.74239
5,92,-0.003954231832330811,0.031303262553980575,0.0,0.0,-0.3637893285744346,2.879900154966213,0.0,0.0,0,False,True,1764321214.074961
