episode_index,steps,mean_reward_drift,mean_reward_progress,mean_reward_intrusion,mean_reward_path_efficiency,sum_reward_drift,sum_reward_progress,sum_reward_intrusion,sum_reward_path_efficiency,total_intrusions,terminated_waypoint,truncated,finished_at
1,95,-0.012697053868080581,-0.014894467691911968,0.0,0.0,-1.2062201174676552,-1.414974430731637,0.0,0.0,0,False,True,1764321067.1234791
2,106,-0.009484376192963892,6.829458630375679e-05,-0.6792452830188679,0.0,-1.0053438764541727,0.007239226148198219,-72.0,0.0,6,False,True,1764321097.9698284
3,49,-0.011903611533448813,-0.014043912753946336,0.0,0.0,-0.5832769651389919,-0.6881517249433705,0.0,0.0,0,False,True,1764321108.8092113
4,75,-0.0050717919033181425,0.02220668932608797,-1.76,0.0,-0.38038439274886066,1.6655016994565979,-132.0,0.0,11,False,True,1764321176.4186532
5,16,-0.007652802242774848,0.004394346285741622,0.0,0.0,-0.12244483588439757,0.07030954057186595,0.0,0.0,0,False,True,1764321204.2800887
