episode_index,steps,mean_reward_drift,mean_reward_progress,mean_reward_intrusion,mean_reward_path_efficiency,sum_reward_drift,sum_reward_progress,sum_reward_intrusion,sum_reward_path_efficiency,total_intrusions,terminated_waypoint,truncated,finished_at
1,96,-0.005174697264754971,0.0719936108484782,-1.75,0.0,-0.49677093741647727,6.911386641453908,-168.0,0.0,14,True,False,1764321067.154729
2,59,-0.011538016271785793,-0.012985332401873655,-1.423728813559322,0.0,-0.6807429600353618,-0.7661346117105456,-84.0,0.0,7,False,True,1764321092.9763668
3,13,-0.007726065485654356,0.007519996879623356,0.0,0.0,-0.10043885131350663,0.09775995943510363,0.0,0.0,0,False,True,1764321104.3353028
4,200,-0.0062167626852575346,0.01897042833963713,-0.06,0.0,-1.2433525370515068,3.7940856679274257,-12.0,0.0,1,False,True,1764321191.9924452
5,56,-0.007337773719575135,0.09972558065764768,0.0,0.0,-0.4109153282962076,5.58463251682827,0.0,0.0,0,True,False,1764321209.299962
