episode_index,steps,mean_reward_drift,mean_reward_progress,mean_reward_intrusion,mean_reward_path_efficiency,sum_reward_drift,sum_reward_progress,sum_reward_intrusion,sum_reward_path_efficiency,total_intrusions,terminated_waypoint,truncated,finished_at
1,88,-0.012829861132906156,-0.02004216116238421,-0.9545454545454546,0.0,-1.1290277796957418,-1.7637101822898105,-84.0,0.0,7,False,True,1764321066.4109354
2,15,-0.00621880145991235,0.01849526477474041,0.0,0.0,-0.09328202189868524,0.2774289716211062,0.0,0.0,0,False,True,1764321087.3817718
3,186,-0.006144494196769015,0.018846054320967028,-0.12903225806451613,0.0,-1.1428759205990366,3.5053661036998673,-24.0,0.0,2,False,True,1764321162.0052824
4,170,-0.010006917287213866,-0.006508819349393536,-0.21176470588235294,0.0,-1.7011759388263572,-1.106499289396901,-36.0,0.0,3,False,True,1764321188.451458
5,63,-0.005180977042209309,0.1020430905197561,-0.7619047619047619,0.0,-0.32640155365918644,6.428714702744634,-48.0,0.0,4,True,False,1764321210.087333
