episode_index,steps,mean_reward_drift,mean_reward_progress,mean_reward_intrusion,mean_reward_path_efficiency,sum_reward_drift,sum_reward_progress,sum_reward_intrusion,sum_reward_path_efficiency,total_intrusions,terminated_waypoint,truncated,finished_at
1,76,-0.011810384261241084,-0.009732484348897693,-2.210526315789474,0.0,-0.8975892038543224,-0.7396688105162247,-168.0,0.0,14,False,True,1764321065.0407085
2,48,-0.011305243721475873,-0.015272027894958502,-1.25,0.0,-0.542651698630842,-0.7330573389580081,-60.0,0.0,5,False,True,1764321091.582643
3,63,-0.005248525134496266,0.025672308710003044,-0.9523809523809523,0.0,-0.3306570834732648,1.6173554487301918,-60.0,0.0,5,False,True,1764321110.6665137
4,98,-0.007003387187126716,0.008179697560802023,0.0,0.0,-0.6863319443384182,0.8016103609585983,0.0,0.0,0,False,True,1764321179.086572
5,58,-0.008535816930606406,0.005497972312621678,-1.2413793103448276,0.0,-0.4950773819751716,0.3188823941320573,-72.0,0.0,6,False,True,1764321209.6035287
