episode_index,steps,mean_reward_drift,mean_reward_progress,mean_reward_intrusion,mean_reward_path_efficiency,sum_reward_drift,sum_reward_progress,sum_reward_intrusion,sum_reward_path_efficiency,total_intrusions,terminated_waypoint,truncated,finished_at
1,170,-0.010421867168169653,-0.007815281943065501,-0.7058823529411765,0.0,-1.771717418588841,-1.328597930321135,-120.0,0.0,10,False,True,1764321077.7340348
2,87,-0.00808976097102717,0.008583156923846612,-0.8275862068965517,0.0,-0.7038092044793638,0.7467346523746552,-72.0,0.0,6,False,True,1764321096.0072925
3,137,-0.005728561852527107,0.019338092040379305,0.0,0.0,-0.7848129737962136,2.649318609531965,0.0,0.0,0,False,True,1764321156.6755831
4,271,-0.010684922426680284,-0.00706471759833428,-0.35424354243542433,0.0,-2.895613977630357,-1.91453846914859,-96.0,0.0,8,False,True,1764321201.3919683
5,38,-0.007582335275265597,0.0035159303943045617,0.0,0.0,-0.2881287404600927,0.13360535498357334,0.0,0.0,0,False,True,1764321207.0392284
