episode_index,steps,mean_reward_drift,mean_reward_progress,mean_reward_intrusion,mean_reward_path_efficiency,sum_reward_drift,sum_reward_progress,sum_reward_intrusion,sum_reward_path_efficiency,total_intrusions,terminated_waypoint,truncated,finished_at
1,187,-0.009096298315901892,0.002115200345994564,-0.25668449197860965,0.0,-1.701007785073654,0.3955424647009835,-48.0,0.0,4,False,True,1764321080.0501754
2,109,-0.007062302919526111,0.008476166794867438,-0.3302752293577982,0.0,-0.7697910182283461,0.9239021806405506,-36.0,0.0,3,False,True,1764321098.213437
3,76,-0.01072988333403889,-0.009844940999869115,0.0,0.0,-0.8154711333869555,-0.7482155159900528,0.0,0.0,0,False,True,1764321112.8299952
4,44,-0.004874501639070834,0.012184494970695596,0.0,0.0,-0.2144780721191167,0.5361177787106062,0.0,0.0,0,False,True,1764321172.2483027
5,81,-0.007545585769000896,0.011255390341652658,-1.1851851851851851,0.0,-0.6111924472890725,0.9116866176738653,-96.0,0.0,8,False,True,1764321212.428856
