episode_index,steps,mean_reward_drift,mean_reward_progress,mean_reward_intrusion,mean_reward_path_efficiency,sum_reward_drift,sum_reward_progress,sum_reward_intrusion,sum_reward_path_efficiency,total_intrusions,terminated_waypoint,truncated,finished_at
1,117,-0.01015395660388766,-0.0017351663916309672,-0.8205128205128205,0.0,-1.1880129226548564,-0.20301446782082316,-96.0,0.0,8,False,True,1764321070.2813084
2,103,-0.008283040179169624,0.004361758126804409,-1.2815533980582525,0.0,-0.8531531384544713,0.44926108706085416,-132.0,0.0,11,False,True,1764321097.649611
3,219,-0.00909922485142033,0.0047166591785842964,0.0,0.0,-1.9927302424610522,1.032948360109961,0.0,0.0,0,False,True,1764321165.9271464
4,52,-0.011018095069458413,-0.013188819482884258,0.0,0.0,-0.5729409436118374,-0.6858186131099814,0.0,0.0,0,False,True,1764321173.660936
5,43,-0.012197449236276171,-0.01753860586511165,-1.1162790697674418,0.0,-0.5244903171598754,-0.754160052199801,-48.0,0.0,4,False,True,1764321207.7789552
