episode_index,steps,mean_reward_drift,mean_reward_progress,mean_reward_intrusion,mean_reward_path_efficiency,sum_reward_drift,sum_reward_progress,sum_reward_intrusion,sum_reward_path_efficiency,total_intrusions,terminated_waypoint,truncated,finished_at
1,73,-0.003110375957271816,0.09883730416532,-2.4657534246575343,0.0,-0.22705744488084256,7.21512320406836,-180.0,0.0,15,True,False,1764321064.7239127
2,148,-0.009167567702159098,0.0008179190386769095,-1.2972972972972974,0.0,-1.3568000199195465,0.12105201772418261,-192.0,0.0,16,False,True,1764321102.082209
