episode_index,steps,mean_reward_drift,mean_reward_progress,mean_reward_intrusion,mean_reward_path_efficiency,sum_reward_drift,sum_reward_progress,sum_reward_intrusion,sum_reward_path_efficiency,total_intrusions,terminated_waypoint,truncated,finished_at
1,101,-0.009656050655913075,-0.003284298672998464,-0.9504950495049505,0.0,-0.9752611162472206,-0.33171416597284487,-96.0,0.0,8,False,True,1764321067.614745
2,79,-0.009892218337864214,-0.004943950997767682,-2.5822784810126582,0.0,-0.7814852486912729,-0.3905721288236469,-204.0,0.0,17,False,True,1764321095.0649533
3,150,-0.010407013529343768,-0.0033102154993885245,-2.48,0.0,-1.5610520294015653,-0.4965323249082787,-372.0,0.0,31,False,True,1764321157.9998312
4,51,-0.0033795852438575067,0.12906955923524407,0.0,0.0,-0.17235884743673285,6.582547520997448,0.0,0.0,0,True,False,1764321173.6189673
5,82,-0.010547171797589865,-0.008875281057921035,0.0,0.0,-0.8648680874023689,-0.7277730467495249,0.0,0.0,0,False,True,1764321212.707445
