episode_index,steps,mean_reward_drift,mean_reward_progress,mean_reward_intrusion,mean_reward_path_efficiency,sum_reward_drift,sum_reward_progress,sum_reward_intrusion,sum_reward_path_efficiency,total_intrusions,terminated_waypoint,truncated,finished_at
1,133,-0.00805567172384611,0.00359562161836024,-0.7218045112781954,0.0,-1.0714043392715327,0.47821767524191194,-96.0,0.0,8,False,True,1764321072.5126584
2,70,-0.004979834827394791,0.021590851617991836,0.0,0.0,-0.3485884379176354,1.5113596132594285,0.0,0.0,0,False,True,1764321094.0778258
3,124,-0.007374454882742626,0.0092503159620592,-0.4838709677419355,0.0,-0.9144324054600856,1.1470391792953407,-60.0,0.0,5,False,True,1764321155.3283753
4,98,-0.004314604176712787,0.03195525279073046,-0.3673469387755102,0.0,-0.4228312093178532,3.1316147734915845,-36.0,0.0,3,False,True,1764321179.086572
5,43,-0.007307122780785502,0.009247318350322203,0.0,0.0,-0.3142062795737766,0.3976346890638547,0.0,0.0,0,False,True,1764321207.7799535
