episode_index,steps,mean_reward_drift,mean_reward_progress,mean_reward_intrusion,mean_reward_path_efficiency,sum_reward_drift,sum_reward_progress,sum_reward_intrusion,sum_reward_path_efficiency,total_intrusions,terminated_waypoint,truncated,finished_at
1,147,-0.00892546916596986,0.0001818734581769516,0.0,0.0,-1.3120439673975695,0.026735398352011885,0.0,0.0,0,False,True,1764321074.3479831
2,83,-0.012491711692167536,-0.01945725453040402,-0.5783132530120482,0.0,-1.0368120704499055,-1.6149521260235336,-48.0,0.0,4,False,True,1764321095.6848266
3,33,-0.006614021636288517,0.016111308136696197,0.0,0.0,-0.21826271399752106,0.5316731685109745,0.0,0.0,0,False,True,1764321106.6668909
4,275,-0.007977691128008974,0.00814332411457022,0.0,0.0,-2.1938650602024676,2.2394141315068103,0.0,0.0,0,False,True,1764321201.8255663
