episode_index,steps,mean_reward_drift,mean_reward_progress,mean_reward_intrusion,mean_reward_proximity,sum_reward_drift,sum_reward_progress,sum_reward_intrusion,sum_reward_proximity,total_intrusions,terminated_waypoint,truncated,finished_at
1,60,-0.0022182735828473643,-0.001204880569429275,0.0,0.0,-0.13309641497084185,-0.07229283416575649,0.0,0.0,0,False,True,1762852341.5450616
2,102,-0.003575884696452899,-0.004999857986197346,0.0,0.0,-0.3647402390381957,-0.5099855145921293,0.0,0.0,0,False,True,1762852348.471711
3,181,-0.0027827197973173644,-0.0028209306083605786,0.0,-0.007184988509291582,-0.5036722833144429,-0.5105884401132648,0.0,-1.3004829201817762,0,False,True,1762852393.3085856
4,69,-0.0022500631769275326,0.0004824015486523139,0.0,0.0,-0.15525435920799974,0.033285706857009656,0.0,0.0,0,False,True,1762852398.005135
5,183,-0.002690964577204218,-0.002306800691441288,0.0,0.0,-0.4924465176283719,-0.42214452653375567,0.0,0.0,0,False,True,1762852453.5590944
