episode_index,steps,mean_reward_drift,mean_reward_progress,mean_reward_intrusion,mean_reward_proximity,sum_reward_drift,sum_reward_progress,sum_reward_intrusion,sum_reward_proximity,total_intrusions,terminated_waypoint,truncated,finished_at
1,213,-0.0026784115314351384,-0.0012268909279100203,0.0,-0.0027146390635587577,-0.5705016561956845,-0.26132776764483434,0.0,-0.5782181205380154,0,False,True,1762852344.3097742
2,152,-0.002073404744655233,0.00041079870322473304,-0.039473684210526314,-0.018715681906501695,-0.3151575211875954,0.062441402890159425,-6.0,-2.8447836497882575,2,False,True,1762852365.0796475
