episode_index,steps,mean_reward_drift,mean_reward_progress,mean_reward_intrusion,mean_reward_proximity,sum_reward_drift,sum_reward_progress,sum_reward_intrusion,sum_reward_proximity,total_intrusions,terminated_waypoint,truncated,finished_at
1,197,-0.0018711841915539033,0.0017263796192416147,0.0,0.0,-0.36862328573611897,0.3400967849905981,0.0,0.0,0,False,True,1762852344.0301545
2,123,-0.0019180088276642398,0.0010166620075600058,-0.024390243902439025,-0.009692161890547434,-0.23591508580270149,0.12504942692988072,-3.0,-1.1921359125373343,1,False,True,1762852349.8103611
3,141,-0.0010364581787094,0.004278654705677519,0.0,-0.009223283121856569,-0.1461406031980254,0.6032903135005302,0.0,-1.3004829201817762,0,False,True,1762852374.3604088
4,283,-0.0020776762405351795,-0.0009316998391365939,0.0,0.0,-0.5879823760714559,-0.2636710544756561,0.0,0.0,0,False,True,1762852427.0147164
5,88,-0.0027265571780035213,-0.002731516018724456,0.0,0.0,-0.23993703166430988,-0.2403734096477521,0.0,0.0,0,False,True,1762852447.3619192
6,151,-0.0028847730168533267,-0.0029501373265472734,0.0,0.0,-0.43560072554485235,-0.4454707363086383,0.0,0.0,0,False,True,1762852476.4774866
7,222,-0.0033370702563497983,-0.003600835755280985,0.0,0.0,-0.7408295969096552,-0.7993855376723786,0.0,0.0,0,False,True,1762852504.9111502
8,136,-0.002669604149487961,-0.0023431270980775426,-0.022058823529411766,-0.03233133125525994,-0.3630661643303627,-0.31866528533854577,-3.0,-4.397061050715353,1,False,True,1762852526.2515004
9,214,-0.0015973388307397398,-0.0026470504820473363,0.0,0.0,-0.3418305097783043,-0.56646880315813,0.0,0.0,0,False,True,1762852571.5701926
