episode_index,steps,mean_reward_drift,mean_reward_progress,mean_reward_intrusion,sum_reward_drift,sum_reward_progress,sum_reward_intrusion,total_intrusions,finished_at
1,25,-0.09128037991210505,0.0,0.0,-2.282009497802626,0.0,0.0,0,1761051075.147982
2,33,-0.1638253686302386,0.0,0.0,-5.406237164797874,0.0,0.0,0,1761051075.9750583
3,24,-0.17269900948762862,0.0,0.0,-4.144776227703087,0.0,0.0,0,1761051077.506178
4,11,-0.199820441858708,0.0,0.0,-2.198024860445788,0.0,0.0,0,1761051113.4669268
5,6,-0.04661476729210116,0.16666666666666666,0.0,-0.27968860375260696,1.0,0.0,0,1761051114.4797783
6,2,-0.16807193136689957,0.0,0.0,-0.33614386273379915,0.0,0.0,0,1761051115.0316722
7,29,-0.12465028560021964,0.0,-0.034482758620689655,-3.6148582824063693,0.0,-1.0,1,1761051148.2826738
