episode_index,steps,mean_reward_drift,mean_reward_progress,mean_reward_intrusion,sum_reward_drift,sum_reward_progress,sum_reward_intrusion,total_intrusions,finished_at
1,29,-0.14588907340377313,0.0,0.0,-4.230783128709421,0.0,0.0,0,1761051075.209027
2,4,-0.10285354378173196,0.0,0.0,-0.41141417512692785,0.0,0.0,0,1761051075.5972214
3,33,-0.10523289210994924,0.0,0.0,-3.472685439628325,0.0,0.0,0,1761051077.6156871
4,45,-0.1064129289898237,0.0,0.0,-4.7885818045420665,0.0,0.0,0,1761051113.971483
5,4,-0.16480503135034524,0.0,0.0,-0.659220125401381,0.0,0.0,0,1761051114.4438472
6,47,-0.17756837225938252,0.0,0.0,-8.345713496190978,0.0,0.0,0,1761051115.6946537
7,7,-0.06484307214993153,0.0,0.0,-0.45390150504952065,0.0,0.0,0,1761051147.9491634
8,18,-0.07926973247036297,0.0,-0.1111111111111111,-1.4268551844665334,0.0,-2.0,2,1761051148.6577394
9,76,-0.15741496149603457,0.0,0.0,-11.963537073698626,0.0,0.0,0,1761051150.360438
