episode_index,steps,mean_reward_drift,mean_reward_progress,mean_reward_intrusion,sum_reward_drift,sum_reward_progress,sum_reward_intrusion,total_intrusions,finished_at
1,4,-0.15391247327182936,0.0,0.0,-0.6156498930873174,0.0,0.0,0,1761051074.84895
2,116,-0.13302064507081432,0.008620689655172414,-0.008620689655172414,-15.430394828214462,1.0,-1.0,1,1761051077.0593607
