episode_index,steps,mean_reward_drift,mean_reward_progress,mean_reward_intrusion,sum_reward_drift,sum_reward_progress,sum_reward_intrusion,total_intrusions,finished_at
1,14,-0.153855591455261,0.0,0.0,-2.153978280373654,0.0,0.0,0,1761051074.9871516
2,22,-0.15480081153700953,0.0,0.0,-3.40561785381421,0.0,0.0,0,1761051075.8433397
3,22,-0.20927752552711087,0.0,0.0,-4.604105561596439,0.0,0.0,0,1761051077.4722323
4,21,-0.08577987663962927,0.0,-0.09523809523809523,-1.8013774094322146,0.0,-2.0,2,1761051113.6102486
5,42,-0.14284362119213645,0.0,0.0,-5.999432090069731,0.0,0.0,0,1761051114.9726264
