episode_index,steps,mean_reward_drift,mean_reward_progress,mean_reward_intrusion,sum_reward_drift,sum_reward_progress,sum_reward_intrusion,total_intrusions,finished_at
1,5,-0.17284687874110763,0.0,0.0,-0.8642343937055381,0.0,0.0,0,1761051074.8669515
2,16,-0.10479750272464217,0.0,-0.0625,-1.6767600435942747,0.0,-1.0,1,1761051075.767633
3,26,-0.15147088122686825,0.0,0.0,-3.9382429118985742,0.0,0.0,0,1761051077.5321062
4,70,-0.13033495007871845,0.014285714285714285,0.0,-9.123446505510291,1.0,0.0,0,1761051114.3450458
5,15,-0.1351173202508812,0.0,0.0,-2.026759803763218,0.0,0.0,0,1761051114.6216557
6,28,-0.09090817412884936,0.0,0.0,-2.545428875607782,0.0,0.0,0,1761051115.4291253
7,11,-0.06228112395658047,0.0,0.0,-0.6850923635223851,0.0,0.0,0,1761051148.0101485
8,54,-0.10646810287651191,0.018518518518518517,-0.037037037037037035,-5.749277555331643,1.0,-2.0,2,1761051149.180183
