episode_index,steps,mean_reward_drift,mean_reward_progress,mean_reward_intrusion,sum_reward_drift,sum_reward_progress,sum_reward_intrusion,finished_at
1,80,-0.1342656668281234,0.0,-0.0125,-10.741253346249874,0.0,-1.0,1761043112.794497
2,19,-0.07103650080963399,0.0,0.0,-1.3496935153830458,0.0,0.0,1761043114.0483341
3,39,-0.15176391349790164,0.0,0.0,-5.918792626418164,0.0,0.0,1761043149.7712374
