episode_index,steps,mean_reward_drift,mean_reward_progress,mean_reward_intrusion,sum_reward_drift,sum_reward_progress,sum_reward_intrusion,finished_at
1,23,-0.15441880178026368,0.0,0.0,-3.5516324409460647,0.0,0.0,1761043111.9524138
2,18,-0.06524230821096415,0.0,0.0,-1.1743615477973546,0.0,0.0,1761043114.0341916
3,33,-0.11599950590981467,0.0,0.0,-3.8279836950238844,0.0,0.0,1761043149.6975448
4,9,-0.05643891369929609,0.0,0.0,-0.5079502232936648,0.0,0.0,1761043149.977466
5,19,-0.11178295006176765,0.0,0.0,-2.1238760511735855,0.0,0.0,1761043152.0384934
6,17,-0.17254423570287622,0.0,0.0,-2.9332520069488957,0.0,0.0,1761043184.8042312
7,38,-0.05784598776214569,0.0,0.0,-2.198147534961536,0.0,0.0,1761043221.5365582
