episode_index,steps,mean_reward_drift,mean_reward_progress,mean_reward_intrusion,sum_reward_drift,sum_reward_progress,sum_reward_intrusion,finished_at
1,152,-0.17593369319667004,0.0,-0.019736842105263157,-26.741921365893845,0.0,-3.0,1761043113.7025151
2,22,-0.10836486994073878,0.0,0.0,-2.3840271386962533,0.0,0.0,1761043114.0840993
3,14,-0.10730203712893663,0.0,0.0,-1.5022285198051128,0.0,0.0,1761043114.4741876
4,100,-0.1508809190359709,0.0,0.0,-15.088091903597089,0.0,0.0,1761043151.2357335
5,69,-0.18882913304988522,0.0,0.0,-13.02921018044208,0.0,0.0,1761043184.4474812
