episode_index,steps,mean_reward_drift,mean_reward_progress,mean_reward_intrusion,mean_reward_proximity,sum_reward_drift,sum_reward_progress,sum_reward_intrusion,sum_reward_proximity,total_intrusions,terminated_waypoint,truncated,finished_at
1,156,-0.0027337632062763148,-0.001777413796415493,0.0,0.0,-0.4264670601791051,-0.27727655224081693,0.0,0.0,0,False,True,1762522492.2160022
2,151,-0.002337040132829709,-0.0005104376707782737,0.0,-0.01852149381084954,-0.35289306005728605,-0.07707608828751933,0.0,-2.7967455654382807,0,False,True,1762522569.1848185
3,149,-0.0036139047170705967,-0.004454755283675028,0.0,0.0,-0.5384718028435189,-0.6637585372675792,0.0,0.0,0,False,True,1762522716.951323
