episode_index,steps,mean_reward_drift,mean_reward_progress,mean_reward_intrusion,mean_reward_proximity,sum_reward_drift,sum_reward_progress,sum_reward_intrusion,sum_reward_proximity,total_intrusions,terminated_waypoint,truncated,finished_at
1,46,-0.0023452160214967495,-0.00012865567020307105,0.0,0.0,-0.10787993698885048,-0.005918160829341268,0.0,0.0,0,False,True,1762869439.87612
2,35,-0.0032421854218173236,-0.0034748676621286175,0.0,0.0,-0.11347648976360632,-0.12162036817450161,0.0,0.0,0,False,True,1762869457.0814078
3,228,-0.002366122518114106,-0.0005103755214896366,0.0,-0.000173055949218518,-0.5394759341300162,-0.11636561889963715,0.0,-0.0394567564218221,0,False,True,1762869485.1494164
