episode_index,steps,mean_reward_drift,mean_reward_progress,mean_reward_intrusion,mean_reward_proximity,sum_reward_drift,sum_reward_progress,sum_reward_intrusion,sum_reward_proximity,total_intrusions,terminated_waypoint,truncated,finished_at
1,16,-0.010620589846835109,0.008312019830630662,-0.375,-0.5046115636099342,-0.16992943754936174,0.1329923172900906,-6.0,-8.073785017758947,1,False,True,1761568937.97619
2,18,-0.011085929347494757,0.09071829100772352,0.0,0.0,-0.1995467282549056,1.6329292381390235,0.0,0.0,0,True,False,1761568939.8082778
3,214,-0.043998025352885765,-0.0035977794955437984,0.0,0.0,-9.415577425517554,-0.7699248120463729,0.0,0.0,0,False,True,1761568943.5391803
