episode_index,steps,mean_reward_drift,mean_reward_progress,mean_reward_intrusion,sum_reward_drift,sum_reward_progress,sum_reward_intrusion,total_intrusions,finished_at
1,39,-0.15139771632873633,0.0,-0.05128205128205128,-5.904510936820717,0.0,-2.0,2,1761054785.1113045
2,38,-0.17536881928649803,0.0,-0.05263157894736842,-6.664015132886925,0.0,-2.0,2,1761054786.2886755
3,13,-0.09362302113910191,0.0,0.0,-1.217099274808325,0.0,0.0,0,1761054786.8042858
4,31,-0.1579264450961735,0.0,0.0,-4.8957197979813785,0.0,0.0,0,1761054822.5496821
5,33,-0.06012804935645888,0.030303030303030304,0.0,-1.984225628763143,1.0,0.0,0,1761054823.9350016
6,9,-0.1767097149701418,0.0,0.0,-1.590387434731276,0.0,0.0,0,1761054824.1780283
7,45,-0.16201208530626318,0.0,-0.022222222222222223,-7.2905438387818435,0.0,-1.0,1,1761054825.453319
