episode_index,steps,mean_reward_drift,mean_reward_progress,mean_reward_intrusion,sum_reward_drift,sum_reward_progress,sum_reward_intrusion,total_intrusions,finished_at
1,12,-0.1236886393650623,0.0,-0.08333333333333333,-1.4842636723807476,0.0,-1.0,1,1761054784.687312
2,11,-0.16044359491446145,0.0,0.0,-1.7648795440590759,0.0,0.0,0,1761054785.852157
3,65,-0.1886057559214992,0.0,0.0,-12.259374134897447,0.0,0.0,0,1761054787.5841517
