episode_index,steps,mean_reward_drift,mean_reward_progress,mean_reward_intrusion,sum_reward_drift,sum_reward_progress,sum_reward_intrusion,total_intrusions,finished_at
1,77,-0.1555080922695331,0.0,-0.012987012987012988,-11.97412310475405,0.0,-1.0,1,1761054785.6440146
2,36,-0.1138264958969452,0.0,0.0,-4.097753852290027,0.0,0.0,0,1761054786.2516203
3,17,-0.20431508965699052,0.0,0.0,-3.473356524168839,0.0,0.0,0,1761054786.8736453
4,96,-0.19258597313002004,0.0,0.0,-18.488253420481925,0.0,0.0,0,1761054823.431135
5,7,-0.17545788246422833,0.0,0.0,-1.2282051772495983,0.0,0.0,0,1761054823.601759
6,48,-0.20666235067735106,0.0,-0.020833333333333332,-9.91979283251285,0.0,-1.0,1,1761054824.731967
