episode_index,steps,mean_reward_drift,mean_reward_progress,mean_reward_intrusion,mean_reward_proximity,sum_reward_drift,sum_reward_progress,sum_reward_intrusion,sum_reward_proximity,total_intrusions,terminated_waypoint,truncated,finished_at
1,71,-0.0005898118655073676,0.0059184418545711135,-0.04225352112676056,-0.012480271289180556,-0.0418766424510231,0.4202093716745491,-3.0,-0.8860992615318195,1,False,True,1762870864.5262942
2,130,-0.0022181416816164905,-0.0007281296534784274,0.0,-0.012554062263043612,-0.2883584186101438,-0.09465685495219556,0.0,-1.6320280941956695,0,False,True,1762870875.8805563
3,400,-0.0021289539201097426,-0.0005490211180118501,-0.0075,-0.007214478121358142,-0.851581568043897,-0.21960844720474004,-3.0,-2.885791248543257,1,False,True,1762870912.8851738
