episode_index,steps,mean_reward_drift,mean_reward_progress,mean_reward_intrusion,mean_reward_proximity,sum_reward_drift,sum_reward_progress,sum_reward_intrusion,sum_reward_proximity,total_intrusions,terminated_waypoint,truncated,finished_at
1,7,-0.0018977875208405156,-0.00044150997704246145,0.0,0.0,-0.013284512645883609,-0.0030905698392972303,0.0,0.0,0,False,True,1762870863.2718496
2,270,-0.0023809633063228736,-0.0006185558396048886,0.0,0.0,-0.6428600927071759,-0.1670100766933199,0.0,0.0,0,False,True,1762870885.393535
