episode_index,steps,mean_reward_drift,mean_reward_progress,mean_reward_intrusion,sum_reward_drift,sum_reward_progress,sum_reward_intrusion,total_intrusions,finished_at
1,127,-0.15822049302475208,0.0,-0.007874015748031496,-20.094002614143513,0.0,-1.0,1,1761055479.2180367
2,67,-0.18037906549355628,0.0,0.0,-12.085397388068271,0.0,0.0,0,1761055480.1974163
