episode_index,steps,mean_reward_drift,mean_reward_progress,mean_reward_intrusion,sum_reward_drift,sum_reward_progress,sum_reward_intrusion,total_intrusions,finished_at
1,28,-0.11096461735184485,0.03571428571428571,0.0,-3.107009285851656,1.0,0.0,0,1761055477.8288257
2,13,-0.162543552184603,0.0,0.0,-2.1130661783998392,0.0,0.0,0,1761055479.4790173
3,81,-0.15426302397200908,0.0,0.0,-12.495304941732735,0.0,0.0,0,1761055514.058062
4,136,-0.16278255792249002,0.0,-0.058823529411764705,-22.138427877458643,0.0,-8.0,8,1761055515.9235275
