episode_index,steps,mean_reward_drift,mean_reward_progress,mean_reward_intrusion,mean_reward_proximity,sum_reward_drift,sum_reward_progress,sum_reward_intrusion,sum_reward_proximity,total_intrusions,terminated_waypoint,truncated,finished_at
1,58,-0.0032303011372557715,-0.003533552450512951,0.0,0.0,-0.18735746596083475,-0.20494604212975115,0.0,0.0,0,False,True,1762851833.201159
2,168,-0.002841639598880354,-0.002945876788015358,0.0,0.0,-0.47739545261189953,-0.49490730038658015,0.0,0.0,0,False,True,1762851930.4250169
3,194,-0.0024085725785377766,-0.0009077771716099241,0.0,-0.016406994572107987,-0.4672630802363287,-0.17610877129232527,0.0,-3.1829569469889494,0,False,True,1762852034.6779637
