episode_index,steps,mean_reward_drift,mean_reward_progress,mean_reward_intrusion,mean_reward_proximity,sum_reward_drift,sum_reward_progress,sum_reward_intrusion,sum_reward_proximity,total_intrusions,terminated_waypoint,truncated,finished_at
1,150,-0.001234156632090514,0.005237942986863694,-0.06,-0.01713943930363593,-0.1851234948135771,0.785691448029554,-9.0,-2.5709158955453892,3,False,True,1762851835.6291432
2,172,-0.0020670547006247995,0.0005602277410991811,-0.01744186046511628,-0.005731758563296804,-0.3555334085074655,0.09635917146905915,-3.0,-0.9858624728870503,1,False,True,1762851931.138788
3,7,-0.0008414158636272934,0.0016808803977080844,0.0,0.0,-0.005889911045391053,0.01176616278395659,0.0,0.0,0,False,True,1762851932.4189556
4,150,-0.002403719907093148,-0.00021923901520712514,-0.02,-0.029824572429386076,-0.3605579860639722,-0.03288585228106877,-3.0,-4.473685864407911,1,False,True,1762852126.7807946
