episode_index,steps,mean_reward_drift,mean_reward_progress,mean_reward_intrusion,mean_reward_proximity,sum_reward_drift,sum_reward_progress,sum_reward_intrusion,sum_reward_proximity,total_intrusions,terminated_waypoint,truncated,finished_at
1,87,-0.0023180343303073015,0.0001421078521152231,0.0,0.0,-0.20166898673673522,0.012363383134024408,0.0,0.0,0,False,True,1762870445.5584378
2,24,-0.0020350265734511573,-0.00037385482172515305,0.0,0.0,-0.04884063776282778,-0.008972515721403673,0.0,0.0,0,False,True,1762870459.1937752
3,181,-0.0031022646376943587,-0.002994523973623742,0.0,-0.0025566928953048066,-0.5615098994226789,-0.5420088392258974,0.0,-0.46276141405017,0,False,True,1762870483.8008878
