episode_index,steps,mean_reward_drift,mean_reward_progress,mean_reward_intrusion,mean_reward_proximity,sum_reward_drift,sum_reward_progress,sum_reward_intrusion,sum_reward_proximity,total_intrusions,terminated_waypoint,truncated,finished_at
1,63,-0.0013292196148059815,0.003339665358770998,0.0,0.0,-0.08374083573277684,0.21039891760257287,0.0,0.0,0,False,True,1762870445.129993
2,190,-0.0021989769900704038,0.00042464367824284025,0.0,0.0,-0.4178056281133767,0.08068229886613965,0.0,0.0,0,False,True,1762870470.8134706
