episode_index,steps,mean_reward_drift,mean_reward_progress,mean_reward_intrusion,mean_reward_path_efficiency,mean_reward_boundary,mean_reward_step,mean_reward_proximity,sum_reward_drift,sum_reward_progress,sum_reward_intrusion,sum_reward_path_efficiency,sum_reward_boundary,sum_reward_step,sum_reward_proximity,total_intrusions,terminated_waypoint,terminated_collision,truncated,finished_at
1,12,-0.0042820167074309355,0.000986445330047538,-1.25,0.0,0.0,-0.004999999999999999,0.11734570748202892,-0.05138420048917122,0.011837343960570457,-15.0,0.0,0.0,-0.05999999999999999,1.408148489784347,1,False,True,False,1764700201.1099544
2,78,-0.004422490784190983,0.0011958654899122585,0.0,0.0,-0.02564102564102564,-0.005000000000000003,0.00015833747878594824,-0.3449542811668967,0.09327750821315617,0.0,0.0,-2.0,-0.39000000000000024,0.012350323345303962,0,False,False,True,1764700217.3679552
3,31,-0.006300788862398158,-0.008313274446709804,0.0,0.0,-0.06451612903225806,-0.005000000000000002,0.0,-0.1953244547343429,-0.2577115078480039,0.0,0.0,-2.0,-0.15500000000000005,0.0,0,False,False,True,1764700222.1090763
4,11,-0.0006966445897055268,0.009256311768714543,-1.3636363636363635,0.0,0.0,-0.004999999999999999,0.2997640771488145,-0.007663090486760794,0.10181942945585998,-15.0,0.0,0.0,-0.05499999999999999,3.297404848636959,1,False,True,False,1764700234.6099744
5,9,-0.0017896132597200565,0.010233323339043452,0.0,0.0,0.0,-0.005,0.28420591236468634,-0.01610651933748051,0.09209991005139107,0.0,0.0,0.0,-0.045,2.5578532112821772,0,False,True,False,1764700288.076225
