episode_index,steps,mean_reward_drift,mean_reward_progress,mean_reward_intrusion,mean_reward_path_efficiency,mean_reward_boundary,mean_reward_step,mean_reward_proximity,sum_reward_drift,sum_reward_progress,sum_reward_intrusion,sum_reward_path_efficiency,sum_reward_boundary,sum_reward_step,sum_reward_proximity,total_intrusions,terminated_waypoint,terminated_collision,truncated,finished_at
1,20,-0.004963805605318586,-6.535674121393997e-05,-0.75,0.0,0.0,-0.005000000000000001,0.11849017744241239,-0.09927611210637172,-0.0013071348242787995,-15.0,0.0,0.0,-0.10000000000000002,2.369803548848248,1,False,True,False,1764700201.7863467
2,4,-0.0018530661111585797,0.010354905936482639,-3.75,0.0,0.0,-0.005,0.6882932775291967,-0.007412264444634319,0.041419623745930556,-15.0,0.0,0.0,-0.02,2.7531731101167867,1,False,True,False,1764700212.1845987
3,26,-0.005477497686010507,-0.004727337517879477,0.0,0.0,0.0,-0.005000000000000001,0.1053392620864253,-0.14241493983627318,-0.1229107754648664,0.0,0.0,0.0,-0.13000000000000003,2.738820814247058,0,False,True,False,1764700221.844692
4,24,-0.0027760904927279987,0.004846247041135093,0.0,0.0,0.0,-0.005000000000000002,0.15198167280557418,-0.06662617182547197,0.11630992898724224,0.0,0.0,0.0,-0.12000000000000004,3.64756014733378,0,False,True,False,1764700236.119586
5,10,-0.001372603975600072,0.01177422281581345,0.0,0.0,0.0,-0.004999999999999999,0.18347567220318683,-0.013726039756000721,0.11774222815813451,0.0,0.0,0.0,-0.049999999999999996,1.8347567220318683,0,False,True,False,1764700288.1234202
