episode_index,steps,mean_reward_drift,mean_reward_progress,mean_reward_intrusion,mean_reward_path_efficiency,mean_reward_boundary,mean_reward_step,mean_reward_proximity,sum_reward_drift,sum_reward_progress,sum_reward_intrusion,sum_reward_path_efficiency,sum_reward_boundary,sum_reward_step,sum_reward_proximity,total_intrusions,terminated_waypoint,terminated_collision,truncated,finished_at
1,47,-0.0040922923894587074,0.0018370860083947737,0.0,0.0,-0.0425531914893617,-0.005000000000000003,0.09979652589030308,-0.19233774230455924,0.08634304239455437,0.0,0.0,-2.0,-0.23500000000000013,4.6904367168442445,0,False,False,True,1764700203.6513278
2,99,-0.004506188813686502,-0.0005264217066924164,-0.7575757575757576,0.0,-0.020202020202020204,-0.005000000000000004,0.22320796969722187,-0.4461126925549637,-0.052115748962549224,-75.0,0.0,-2.0,-0.49500000000000033,22.097589000024964,5,False,False,True,1764700218.6091495
3,10,-0.0038951721339441116,0.002138475336676204,-1.5,0.0,0.0,-0.004999999999999999,0.2789814813043569,-0.038951721339441116,0.021384753366762044,-15.0,0.0,0.0,-0.049999999999999996,2.789814813043569,1,False,True,False,1764700220.95836
4,11,-0.003189638944482395,0.0028628946914479795,-1.3636363636363635,0.0,0.0,-0.004999999999999999,0.28192905360770876,-0.03508602838930634,0.03149184160592777,-15.0,0.0,0.0,-0.05499999999999999,3.1012195896847965,1,False,True,False,1764700234.6099744
5,12,-0.0018811478418683315,0.010105402281731521,-1.25,0.0,0.0,-0.004999999999999999,0.22955483120185297,-0.022573774102419977,0.12126482738077826,-15.0,0.0,0.0,-0.05999999999999999,2.7546579744222357,1,False,True,False,1764700288.5018013
