episode_index,steps,mean_reward_drift,mean_reward_progress,mean_reward_intrusion,mean_reward_path_efficiency,mean_reward_boundary,mean_reward_step,mean_reward_proximity,sum_reward_drift,sum_reward_progress,sum_reward_intrusion,sum_reward_path_efficiency,sum_reward_boundary,sum_reward_step,sum_reward_proximity,total_intrusions,terminated_waypoint,terminated_collision,truncated,finished_at
1,12,-0.00425593496166568,0.00114780218210019,-1.25,0.0,0.0,-0.004999999999999999,0.11734570748202892,-0.05107121953998815,0.013773626185202281,-15.0,0.0,0.0,-0.05999999999999999,1.408148489784347,1,False,True,False,1764700201.1099544
2,15,-0.0026913324982563176,0.00555103859837125,0.0,0.0,0.0,-0.005,0.2677106278769296,-0.040369987473844765,0.08326557897556874,0.0,0.0,0.0,-0.075,4.015659418153945,0,False,True,False,1764700212.8559704
3,7,-0.0013747532598499315,0.01035191300383896,-2.142857142857143,0.0,0.0,-0.005,0.2618665385745241,-0.009623272818949521,0.07246339102687271,-15.0,0.0,0.0,-0.035,1.8330657700216686,1,False,True,False,1764700220.7582028
4,72,-0.0020391659756846692,0.012351462069276172,-1.4583333333333333,0.0,-0.027777777777777776,-0.005000000000000003,0.3929954074530677,-0.14681995024929617,0.8893052689878844,-105.0,0.0,-2.0,-0.3600000000000002,28.295669336620875,7,False,False,True,1764700242.5389311
5,22,-0.0014066017346809172,0.014370988620252116,0.0,0.0,0.0,-0.005000000000000001,0.10964222260011153,-0.030945238162980178,0.31616174964554655,0.0,0.0,0.0,-0.11000000000000003,2.4121288972024537,0,False,True,False,1764700289.7727869
