episode_index,steps,mean_reward_drift,mean_reward_progress,mean_reward_intrusion,mean_reward_path_efficiency,mean_reward_boundary,mean_reward_step,mean_reward_proximity,sum_reward_drift,sum_reward_progress,sum_reward_intrusion,sum_reward_path_efficiency,sum_reward_boundary,sum_reward_step,sum_reward_proximity,total_intrusions,terminated_waypoint,terminated_collision,truncated,finished_at
1,3,-0.00035290324560890914,0.0124575609613675,-5.0,0.0,0.0,-0.005,0.6218840282197942,-0.0010587097368267274,0.037372682884102504,-15.0,0.0,0.0,-0.015,1.8656520846593825,1,False,True,False,1764700200.1594193
2,47,-0.0038530668010259526,-0.0005639002818286481,0.0,0.0,-0.0425531914893617,-0.005000000000000003,0.0008284193619195211,-0.18109413964821977,-0.026503313245946458,0.0,0.0,-2.0,-0.23500000000000013,0.03893571001021749,0,False,False,True,1764700215.0369704
3,20,-0.0015912404279232093,0.007716674973482834,-0.75,0.0,0.0,-0.005000000000000001,0.1010496769602502,-0.03182480855846419,0.1543334994696567,-15.0,0.0,0.0,-0.10000000000000002,2.020993539205004,1,False,True,False,1764700221.5627935
4,9,-0.002241562009389522,0.006447899805269818,0.0,0.0,0.0,-0.005,0.34964893164165,-0.0201740580845057,0.05803109824742836,0.0,0.0,0.0,-0.045,3.1468403847748503,0,False,True,False,1764700234.2988791
5,8,-0.0017442646099710927,0.007688824454899823,-1.875,0.0,0.0,-0.005,0.21443539345550677,-0.013954116879768741,0.061510595639198584,-15.0,0.0,0.0,-0.04,1.7154831476440542,1,False,True,False,1764700287.7382772
