episode_index,steps,mean_reward_drift,mean_reward_progress,mean_reward_intrusion,mean_reward_path_efficiency,mean_reward_boundary,mean_reward_step,mean_reward_proximity,sum_reward_drift,sum_reward_progress,sum_reward_intrusion,sum_reward_path_efficiency,sum_reward_boundary,sum_reward_step,sum_reward_proximity,total_intrusions,terminated_waypoint,terminated_collision,truncated,finished_at
1,100,-0.0035728601988317486,0.0040689846315232845,0.0,0.0,-0.02,-0.005000000000000004,0.0669932547447446,-0.3572860198831749,0.40689846315232847,0.0,0.0,-2.0,-0.5000000000000003,6.69932547447446,0,False,False,True,1764700206.1488645
2,29,-0.004364418057943983,0.0005101320969314574,-6.206896551724138,0.0,0.0,-0.005000000000000002,0.5502863777359294,-0.1265681236803755,0.014793830811012265,-180.0,0.0,0.0,-0.14500000000000005,15.958304954341953,12,False,True,False,1764700213.7599957
3,13,-0.0008244539440472177,0.00987855776026864,-1.1538461538461537,0.0,0.0,-0.004999999999999999,0.3663436636758093,-0.010717901272613831,0.12842125088349232,-15.0,0.0,0.0,-0.06499999999999999,4.7624676277855205,1,False,True,False,1764700221.2127593
4,9,-0.0016310597585827036,0.007581976583625805,0.0,0.0,0.0,-0.005,0.34964893164165,-0.014679537827244333,0.06823778925263224,0.0,0.0,0.0,-0.045,3.1468403847748503,0,False,True,False,1764700234.2988791
5,15,-0.0008709414408857158,0.1480413466892378,0.0,0.0,0.0,-0.005,0.0,-0.013064121613285738,2.220620200338567,0.0,0.0,0.0,-0.075,0.0,0,True,False,False,1764700288.9298913
