episode_index,steps,mean_reward_drift,mean_reward_progress,mean_reward_intrusion,mean_reward_path_efficiency,mean_reward_boundary,mean_reward_step,mean_reward_proximity,sum_reward_drift,sum_reward_progress,sum_reward_intrusion,sum_reward_path_efficiency,sum_reward_boundary,sum_reward_step,sum_reward_proximity,total_intrusions,terminated_waypoint,terminated_collision,truncated,finished_at
1,49,-0.005197244910131665,-0.00442194232129299,0.0,0.0,-0.04081632653061224,-0.005000000000000003,0.06714211866642296,-0.2546650005964516,-0.21667517374335654,0.0,0.0,-2.0,-0.24500000000000013,3.2899638146547248,0,False,False,True,1764700203.7135282
2,5,-0.0008922453715874851,0.012779629065043485,-3.0,0.0,0.0,-0.005,0.6358094092822324,-0.0044612268579374255,0.06389814532521743,-15.0,0.0,0.0,-0.025,3.1790470464111618,1,False,True,False,1764700212.2857883
3,82,-0.006688456543070905,-0.009868044453187246,0.0,0.0,0.0,-0.005000000000000003,0.19996805127313885,-0.5484534365318142,-0.8091796451613541,0.0,0.0,0.0,-0.41000000000000025,16.397380204397386,0,False,True,False,1764700225.0093408
4,68,-0.005595933632697827,-0.005110695457048224,0.0,0.0,0.0,-0.005000000000000003,0.1658987723014595,-0.38052348702345223,-0.34752729107927927,0.0,0.0,0.0,-0.3400000000000002,11.281116516499246,0,False,True,False,1764700242.176402
5,9,-0.002107007807981059,0.007717862580063424,-1.6666666666666667,0.0,0.0,-0.005,0.2778945299116413,-0.01896307027182953,0.06946076322057082,-15.0,0.0,0.0,-0.045,2.501050769204772,1,False,True,False,1764700288.0772228
