episode_index,steps,mean_reward_drift,mean_reward_progress,mean_reward_intrusion,mean_reward_path_efficiency,mean_reward_boundary,mean_reward_step,mean_reward_proximity,sum_reward_drift,sum_reward_progress,sum_reward_intrusion,sum_reward_path_efficiency,sum_reward_boundary,sum_reward_step,sum_reward_proximity,total_intrusions,terminated_waypoint,terminated_collision,truncated,finished_at
1,20,-0.0032114061826897813,0.005023437342090886,-0.75,0.0,0.0,-0.005000000000000001,0.11372346156037647,-0.06422812365379563,0.10046874684181772,-15.0,0.0,0.0,-0.10000000000000002,2.2744692312075294,1,False,True,False,1764700201.7863467
2,21,-0.0032309839018254643,0.0027542643890160847,-0.7142857142857143,0.0,0.0,-0.005000000000000001,0.15719407618192316,-0.06785066193833475,0.05783955216933778,-15.0,0.0,0.0,-0.10500000000000002,3.3010755998203862,1,False,True,False,1764700213.1972382
3,82,-0.00503705975322862,-0.0026127818906465255,0.0,0.0,0.0,-0.005000000000000003,0.10550400067356144,-0.41303889976474684,-0.2142481150330151,0.0,0.0,0.0,-0.41000000000000025,8.651328055232039,0,False,True,False,1764700225.0093408
4,1,-0.00010696555251375025,2.0,0.0,0.0,0.0,-0.005,0.0,-0.00010696555251375025,2.0,0.0,0.0,0.0,-0.005,0.0,0,True,False,False,1764700233.501383
5,29,-0.005002879168360904,-0.0022992339324145786,0.0,0.0,-0.06896551724137931,-0.005000000000000002,0.5912262657477069,-0.14508349588246622,-0.06667778404002278,0.0,0.0,-2.0,-0.14500000000000005,17.145561706683498,0,False,False,True,1764700290.6912315
