episode_index,steps,mean_reward_drift,mean_reward_progress,mean_reward_intrusion,mean_reward_path_efficiency,mean_reward_boundary,mean_reward_step,mean_reward_proximity,sum_reward_drift,sum_reward_progress,sum_reward_intrusion,sum_reward_path_efficiency,sum_reward_boundary,sum_reward_step,sum_reward_proximity,total_intrusions,terminated_waypoint,terminated_collision,truncated,finished_at
1,5,-0.0013670676312214204,0.009466144530215903,-3.0,0.0,0.0,-0.005,0.3256293766634253,-0.006835338156107102,0.047330722651079515,-15.0,0.0,0.0,-0.025,1.6281468833171264,1,False,True,False,1764700200.3963227
2,9,-0.0014309901146422992,0.00963397937244121,-1.6666666666666667,0.0,0.0,-0.005,0.6903630808748429,-0.012878911031780692,0.08670581435197089,-15.0,0.0,0.0,-0.045,6.2132677278735855,1,False,True,False,1764700212.509302
3,13,-0.000816299786477399,0.011793186191904007,-1.1538461538461537,0.0,0.0,-0.004999999999999999,0.1763628170995826,-0.010611897224206187,0.1533114204947521,-15.0,0.0,0.0,-0.06499999999999999,2.2927166222945736,1,False,True,False,1764700221.2127593
4,1,-0.001945759972816026,2.0,0.0,0.0,0.0,-0.005,0.0,-0.001945759972816026,2.0,0.0,0.0,0.0,-0.005,0.0,0,True,False,False,1764700233.501383
5,6,-0.000814127406624004,0.012266450393573361,-2.5,0.0,0.0,-0.005,0.4451528967297424,-0.004884764439744024,0.07359870236144017,-15.0,0.0,0.0,-0.030000000000000002,2.6709173803784543,1,False,True,False,1764700287.6309786
