episode_index,steps,mean_reward_drift,mean_reward_progress,mean_reward_intrusion,mean_reward_path_efficiency,mean_reward_boundary,mean_reward_step,mean_reward_proximity,sum_reward_drift,sum_reward_progress,sum_reward_intrusion,sum_reward_path_efficiency,sum_reward_boundary,sum_reward_step,sum_reward_proximity,total_intrusions,terminated_waypoint,terminated_collision,truncated,finished_at
1,36,-0.004247796259019498,0.0021704116847310207,0.0,0.0,0.0,-0.005000000000000002,0.05175394835365153,-0.15292066532470194,0.07813482065031674,0.0,0.0,0.0,-0.18000000000000008,1.8631421407314552,0,False,True,False,1764700202.9962249
2,27,-0.0030421721226665094,0.0036301756892068754,0.0,0.0,-0.07407407407407407,-0.005000000000000001,0.0,-0.08213864731199576,0.09801474360858564,0.0,0.0,-2.0,-0.13500000000000004,0.0,0,False,False,True,1764700213.6107554
3,34,-0.006520239269196605,-0.009157526783898329,0.0,0.0,-0.058823529411764705,-0.005000000000000002,0.051810540245229075,-0.22168813515268457,-0.3113559106525432,0.0,0.0,-2.0,-0.17000000000000007,1.7615583683377884,0,False,False,True,1764700222.2696552
4,23,-0.0028241824932402266,0.0038300276216022013,0.0,0.0,0.0,-0.005000000000000002,0.14084292089985048,-0.06495619734452521,0.08809063529685063,0.0,0.0,0.0,-0.11500000000000003,3.239387180696561,0,False,True,False,1764700236.0965958
5,52,-0.005430631013511651,-0.003423007684320676,0.0,0.0,-0.038461538461538464,-0.005000000000000003,0.05591635521786743,-0.28239281270260586,-0.17799639958467517,0.0,0.0,-2.0,-0.2600000000000001,2.9076504713291067,0,False,False,True,1764700294.348772
