episode_index,steps,mean_reward_drift,mean_reward_progress,mean_reward_intrusion,mean_reward_path_efficiency,mean_reward_boundary,mean_reward_step,mean_reward_proximity,sum_reward_drift,sum_reward_progress,sum_reward_intrusion,sum_reward_path_efficiency,sum_reward_boundary,sum_reward_step,sum_reward_proximity,total_intrusions,terminated_waypoint,terminated_collision,truncated,finished_at
1,44,-0.0014573494792364846,0.013236257975869092,-0.3409090909090909,0.0,0.0,-0.005000000000000003,0.07646547363685385,-0.06412337708640532,0.58239535093824,-15.0,0.0,0.0,-0.2200000000000001,3.3644808400215696,1,False,True,False,1764700203.50894
2,72,-0.002656218266951266,0.010415770578965674,-0.20833333333333334,0.0,-0.027777777777777776,-0.005000000000000003,0.25964340909452743,-0.19124771522049114,0.7499354816855285,-15.0,0.0,-2.0,-0.3600000000000002,18.694325454805977,1,False,False,True,1764700216.9223824
3,131,-0.005120885053764638,-0.0013089240243355307,-0.4580152671755725,0.0,-0.015267175572519083,-0.005000000000000004,0.18821568293042684,-0.6708359420431675,-0.17146904718795453,-60.0,0.0,-2.0,-0.6550000000000005,24.656254463885915,4,False,False,True,1764700228.0813534
4,11,-0.0038615870888514276,0.0021049521595864333,0.0,0.0,0.0,-0.004999999999999999,0.28192905360770876,-0.042477457977365705,0.023154473755450766,0.0,0.0,0.0,-0.05499999999999999,3.1012195896847965,0,False,True,False,1764700234.6099744
5,17,-0.004346305245485611,-2.8191635536219363e-06,0.0,0.0,-0.11764705882352941,-0.005,0.0,-0.07388718917325539,-4.7925780411572916e-05,0.0,0.0,-2.0,-0.085,0.0,0,False,False,True,1764700289.0084052
