episode_index,steps,mean_reward_drift,mean_reward_progress,mean_reward_intrusion,sum_reward_drift,sum_reward_progress,sum_reward_intrusion,total_intrusions,finished_at
1,38,-0.17000663296391624,0.0,-0.05263157894736842,-6.460252052628817,0.0,-2.0,2,1761055477.8040671
2,52,-0.16991642564817025,0.0,-0.019230769230769232,-8.835654133704853,0.0,-1.0,1,1761055478.9215298
3,124,-0.1776424493933027,0.0,0.0,-22.027663724769535,0.0,0.0,0,1761055513.575016
