episode_index,steps,mean_reward_drift,mean_reward_progress,mean_reward_intrusion,mean_reward_proximity,sum_reward_drift,sum_reward_progress,sum_reward_intrusion,sum_reward_proximity,total_intrusions,terminated_waypoint,truncated,finished_at
1,146,-0.002589949768304285,-0.0007260043601072181,0.0,-0.016969952949347618,-0.37813266617242564,-0.10599663657565384,0.0,-2.477613130604752,0,False,True,1762866198.4205506
2,259,-0.0026224632444495203,-0.0015479782798081946,0.0,0.0,-0.6792179803124258,-0.4009263744703224,0.0,0.0,0,False,True,1762866232.705768
3,293,-0.002726705082789803,-0.001623122193921945,-0.010238907849829351,-0.0028119588907543538,-0.7989245892574123,-0.4755748028191299,-3.0,-0.8239039549910256,1,False,True,1762866251.930547
