episode_index,steps,mean_reward_drift,mean_reward_progress,mean_reward_intrusion,sum_reward_drift,sum_reward_progress,sum_reward_intrusion,total_intrusions,finished_at
1,17,-0.16305981634198236,0.0,0.0,-2.7720168778137,0.0,0.0,0,1761051075.0604405
2,65,-0.15206471141439168,0.0,0.0,-9.884206241935459,0.0,0.0,0,1761051076.8981202
3,192,-0.16160671660097617,0.0,0.0,-31.028489587387423,0.0,0.0,0,1761051114.2055836
4,13,-0.1167372347192821,0.0,0.0,-1.5175840513506673,0.0,0.0,0,1761051114.4334538
5,11,-0.19893938346451562,0.0,-0.09090909090909091,-2.1883332181096717,0.0,-1.0,1,1761051147.956222
6,22,-0.08873619290930207,0.045454545454545456,0.0,-1.9521962440046454,1.0,0.0,0,1761051148.8781378
7,31,-0.14115996268042288,0.0,0.0,-4.37595884309311,0.0,0.0,0,1761051149.5718362
8,41,-0.20540709487284983,0.0,0.0,-8.421690889786843,0.0,0.0,0,1761051150.2352698
