episode_index,steps,mean_reward_drift,mean_reward_progress,mean_reward_intrusion,sum_reward_drift,sum_reward_progress,sum_reward_intrusion,total_intrusions,finished_at
1,75,-0.1474974586246335,0.0,-0.013333333333333334,-11.062309396847514,0.0,-1.0,1,1761051075.848348
2,13,-0.08742706340228071,0.0,0.0,-1.1365518242296493,0.0,0.0,0,1761051076.136356
3,3,-0.05873472809548511,0.3333333333333333,0.0,-0.17620418428645535,1.0,0.0,0,1761051076.9838436
4,25,-0.1879847801106254,0.0,0.0,-4.699619502765635,0.0,0.0,0,1761051114.6066546
5,45,-0.0892375868762992,0.0,0.0,-4.0156914094334635,0.0,0.0,0,1761051148.5174313
