episode_index,steps,mean_reward_drift,mean_reward_progress,mean_reward_intrusion,sum_reward_drift,sum_reward_progress,sum_reward_intrusion,total_intrusions,finished_at
1,25,-0.1789589943678845,0.0,-0.12,-4.473974859197113,0.0,-3.0,3,1761051075.188507
2,18,-0.12400181007650736,0.0,0.0,-2.2320325813771325,0.0,0.0,0,1761051076.226633
3,24,-0.16749503353731487,0.0,0.0,-4.019880804895557,0.0,0.0,0,1761051077.3409095
4,34,-0.1765859142550284,0.0,0.0,-6.003921084670965,0.0,0.0,0,1761051114.7329674
5,4,-0.1197629508478393,0.0,-0.25,-0.4790518033913572,0.0,-1.0,1,1761051147.8482902
6,30,-0.10902934880240152,0.0,0.0,-3.2708804640720457,0.0,0.0,0,1761051148.9800086
7,31,-0.08923217860153015,0.0,-0.03225806451612903,-2.766197536647435,0.0,-1.0,1,1761051149.5718362
8,12,-0.16957009803089687,0.0,-0.08333333333333333,-2.0348411763707626,0.0,-1.0,1,1761051149.839154
9,45,-0.10537661943386772,0.0,0.0,-4.7419478745240475,0.0,0.0,0,1761051150.9654677
