episode_index,steps,mean_reward_drift,mean_reward_progress,mean_reward_intrusion,mean_reward_path_efficiency,sum_reward_drift,sum_reward_progress,sum_reward_intrusion,sum_reward_path_efficiency,total_intrusions,terminated_waypoint,truncated,finished_at
1,121,-0.012761958292193133,-0.020986715835563337,0.0,0.0,-1.544196953355369,-2.539392616103164,0.0,0.0,0,False,True,1764321071.0346742
2,42,-0.0018851575262445503,0.1599262500096365,-1.1428571428571428,0.0,-0.07917661610227111,6.716902500404734,-48.0,0.0,4,True,False,1764321094.4224782
3,114,-0.007489347863404626,0.011089200321907572,-0.3157894736842105,0.0,-0.8537856564281273,1.2641688366974633,-36.0,0.0,3,False,True,1764321165.883828
4,112,-0.008394122015996245,0.006857302182185243,0.0,0.0,-0.9401416657915794,0.7680178444047472,0.0,0.0,0,False,True,1764321191.6103697
5,93,-0.007198180779897988,0.010731717888189714,-1.8064516129032258,0.0,-0.669430812530513,0.9980497636016434,-168.0,0.0,14,False,True,1764321208.113593
