episode_index,steps,mean_reward_drift,mean_reward_progress,mean_reward_intrusion,mean_reward_path_efficiency,sum_reward_drift,sum_reward_progress,sum_reward_intrusion,sum_reward_path_efficiency,total_intrusions,terminated_waypoint,truncated,finished_at
1,81,-0.00855776377917107,-6.0656890337829334e-06,0.0,0.0,-0.6931788661128566,-0.0004913208117364176,0.0,0.0,0,False,True,1764321065.7632513
2,38,-0.011760207202897603,-0.01244595203902518,0.0,0.0,-0.4468878737101089,-0.47294617748295686,0.0,0.0,0,False,True,1764321094.0506403
3,72,-0.005331503449858114,0.023248312437013988,-1.0,0.0,-0.3838682483897842,1.673878495465007,-72.0,0.0,6,False,True,1764321161.0409434
4,124,-0.006173320016456852,0.057630814635622626,-0.0967741935483871,0.0,-0.7654916820406497,7.146221014817206,-12.0,0.0,1,True,False,1764321193.354647
5,94,-0.004959233589849496,0.023776522208697536,-0.2553191489361702,0.0,-0.4661679574458526,2.2349930876175685,-24.0,0.0,2,False,True,1764321208.160136
