episode_index,steps,mean_reward_drift,mean_reward_progress,mean_reward_intrusion,mean_reward_path_efficiency,sum_reward_drift,sum_reward_progress,sum_reward_intrusion,sum_reward_path_efficiency,total_intrusions,terminated_waypoint,truncated,finished_at
1,7,-0.006449618467657335,0.010322647013568128,0.0,0.0,-0.04514732927360134,0.0722585290949769,0.0,0.0,0,False,True,1764321056.8201094
2,108,-0.00744334902260385,0.009250365091964453,-0.4444444444444444,0.0,-0.8038816944412158,0.9990394299321609,-48.0,0.0,4,False,True,1764321101.3064275
3,63,-0.010830302798667249,-0.004704617999081305,-0.9523809523809523,0.0,-0.6823090763160367,-0.29639093394212224,-60.0,0.0,5,False,True,1764321160.1390336
4,74,-0.00489346933743071,0.023352665949638467,-0.972972972972973,0.0,-0.36211673096987257,1.7280972802732466,-72.0,0.0,6,False,True,1764321187.0074852
5,137,-0.008099473720566212,0.006097359199584355,-1.2262773722627738,0.0,-1.109627899717571,0.8353382103430567,-168.0,0.0,14,False,True,1764321214.0083005
