episode_index,steps,mean_reward_drift,mean_reward_progress,mean_reward_intrusion,mean_reward_path_efficiency,sum_reward_drift,sum_reward_progress,sum_reward_intrusion,sum_reward_path_efficiency,total_intrusions,terminated_waypoint,truncated,finished_at
1,92,-0.009653241577412314,0.0015333746693294624,0.0,0.0,-0.8880982251219328,0.14107046957831054,0.0,0.0,0,False,True,1764321066.848132
2,151,-0.006727927706120415,0.003975857088997775,-0.3973509933774834,0.0,-1.0159170836241826,0.6003544204386639,-60.0,0.0,5,False,True,1764321106.8967228
3,112,-0.01068003641471883,-0.00966899697025426,-0.5357142857142857,0.0,-1.196164078448509,-1.082927660668477,-60.0,0.0,5,False,True,1764321165.536518
4,133,-0.006319344463461461,0.015901953242858903,-0.2706766917293233,0.0,-0.8404728136403743,2.114959781300234,-36.0,0.0,3,False,True,1764321194.3538136
5,14,-0.0030133518293890904,0.377537569055174,0.0,0.0,-0.04218692561144727,5.285525966772436,0.0,0.0,0,True,False,1764321197.7263649
