episode_index,steps,mean_reward_drift,mean_reward_progress,mean_reward_intrusion,mean_reward_path_efficiency,sum_reward_drift,sum_reward_progress,sum_reward_intrusion,sum_reward_path_efficiency,total_intrusions,terminated_waypoint,truncated,finished_at
1,101,-0.011698107101419095,-0.014163639221520974,-0.3564356435643564,0.0,-1.1815088172433286,-1.4305275613736184,-36.0,0.0,3,False,True,1764321067.6097429
2,91,-0.005478992852080477,0.07286399050192162,-1.8461538461538463,0.0,-0.49858834953932335,6.630623135674867,-168.0,0.0,14,True,False,1764321099.8224747
3,42,-0.007074303109745921,0.014311831559498509,0.0,0.0,-0.2971207306093287,0.6010969254989373,0.0,0.0,0,False,True,1764321157.674432
4,43,-0.008363365982714314,0.004997279459521411,-0.8372093023255814,0.0,-0.3596247372567155,0.21488301675942068,-36.0,0.0,3,False,True,1764321182.9784546
5,1,-0.00295750846268706,5.0,0.0,0.0,-0.00295750846268706,5.0,0.0,0.0,0,True,False,1764321195.9912226
