episode_index,steps,mean_reward_drift,mean_reward_progress,mean_reward_intrusion,mean_reward_path_efficiency,sum_reward_drift,sum_reward_progress,sum_reward_intrusion,sum_reward_path_efficiency,total_intrusions,terminated_waypoint,truncated,finished_at
1,166,-0.008954512111599939,0.0007477282877547374,0.0,0.0,-1.4864490105255899,0.12412289576728641,0.0,0.0,0,False,True,1764321076.8431816
2,27,-0.007780117274499249,0.009841251305429554,0.0,0.0,-0.21006316641147973,0.26571378524659794,0.0,0.0,0,False,True,1764321092.6987236
3,59,-0.0077551215348027145,0.011596409331983318,-0.6101694915254238,0.0,-0.45755217055336017,0.6841881505870158,-36.0,0.0,3,False,True,1764321159.5681088
4,133,-0.00519577685739993,0.06379831556336406,0.0,0.0,-0.6910383220341907,8.48517596992742,0.0,0.0,0,True,False,1764321194.3538136
5,102,-0.00978201305530222,-0.0017979159334823868,-0.7058823529411765,0.0,-0.9977653316408265,-0.18338742521520346,-72.0,0.0,6,False,True,1764321209.2059464
