episode_index,steps,mean_reward_drift,mean_reward_progress,mean_reward_intrusion,mean_reward_path_efficiency,sum_reward_drift,sum_reward_progress,sum_reward_intrusion,sum_reward_path_efficiency,total_intrusions,terminated_waypoint,truncated,finished_at
1,46,-0.00946710415972296,-0.006244421717397347,-7.043478260869565,0.0,-0.43548679134725615,-0.28724339900027795,-324.0,0.0,27,False,True,1764321062.0452461
2,186,-0.008262609232920236,0.006212372545535235,0.0,0.0,-1.5368453173231638,1.1555012934695537,0.0,0.0,0,False,True,1764321111.4067764
3,101,-0.0070345168727551045,0.012335881666372797,0.0,0.0,-0.7104862041482656,1.2459240483036524,0.0,0.0,0,False,True,1764321164.4630113
4,43,-0.007543825597404484,0.004502548501830409,0.0,0.0,-0.3243845006883928,0.1936095855787076,0.0,0.0,0,False,True,1764321182.9784546
5,77,-0.0036466290275292187,0.03527621604545172,0.0,0.0,-0.2807904351197498,2.716268635499782,0.0,0.0,0,False,True,1764321206.2181156
