episode_index,steps,mean_reward_drift,mean_reward_progress,mean_reward_intrusion,mean_reward_path_efficiency,sum_reward_drift,sum_reward_progress,sum_reward_intrusion,sum_reward_path_efficiency,total_intrusions,terminated_waypoint,truncated,finished_at
1,104,-0.008489791579978282,0.00496559403039495,-3.576923076923077,0.0,-0.8829383243177414,0.5164217791610748,-372.0,0.0,31,False,True,1764321067.8632023
2,168,-0.010082226611597408,-0.0006648524842941141,-0.2857142857142857,0.0,-1.6938140707483644,-0.11169521736141116,-48.0,0.0,4,False,True,1764321108.7815034
3,78,-0.015257857269080142,-0.02849928611640423,0.0,0.0,-1.190112866988251,-2.2229443170795298,0.0,0.0,0,False,True,1764321161.6854062
4,119,-0.005324978487862162,0.024491110821381477,-0.6050420168067226,0.0,-0.6336724400555973,2.914442187744396,-72.0,0.0,6,False,True,1764321192.2763603
5,40,-0.003159181308161567,0.032934962638353646,0.0,0.0,-0.12636725232646268,1.3173985055341457,0.0,0.0,0,False,True,1764321201.158679
