episode_index,steps,mean_reward_drift,mean_reward_progress,mean_reward_intrusion,mean_reward_path_efficiency,sum_reward_drift,sum_reward_progress,sum_reward_intrusion,sum_reward_path_efficiency,total_intrusions,terminated_waypoint,truncated,finished_at
1,97,-0.011111937684555012,-0.009554750382211125,-0.3711340206185567,0.0,-1.0778579554018362,-0.9268107870744791,-36.0,0.0,3,False,True,1764321067.1687286
2,131,-0.004471096871577409,0.02937934486282069,0.0,0.0,-0.5857136901766405,3.8486941770295107,0.0,0.0,0,False,True,1764321104.318277
3,64,-0.010829342159110772,-0.005861857079067144,0.0,0.0,-0.6930778981830894,-0.3751588530602972,0.0,0.0,0,False,True,1764321160.1635277
4,56,-0.009869415565384829,-0.005102097081936283,-0.6428571428571429,0.0,-0.5526872716615504,-0.28571743658843185,-36.0,0.0,3,False,True,1764321184.5299835
5,74,-0.01246574333943506,-0.02039366099665596,-0.16216216216216217,0.0,-0.9224650071181943,-1.509130913752541,-12.0,0.0,1,False,True,1764321205.869827
