episode_index,steps,mean_reward_drift,mean_reward_progress,mean_reward_intrusion,mean_reward_path_efficiency,sum_reward_drift,sum_reward_progress,sum_reward_intrusion,sum_reward_path_efficiency,total_intrusions,terminated_waypoint,truncated,finished_at
1,262,-0.010540810659242453,-0.008796245030289562,-0.2748091603053435,0.0,-2.761692392721523,-2.3046161979358653,-72.0,0.0,6,False,True,1764321089.3258176
2,72,-0.008506744017455723,0.0056872342985228395,0.0,0.0,-0.6124855692568121,0.40948086949364443,0.0,0.0,0,False,True,1764321097.6441002
3,180,-0.009174855577481461,0.0013275110277011584,-0.9333333333333333,0.0,-1.651474003946663,0.2389519849862085,-168.0,0.0,14,False,True,1764321174.6768804
4,146,-0.007983150398995383,0.008084620238285397,-0.1643835616438356,0.0,-1.165539958253326,1.180354554789668,-24.0,0.0,2,False,True,1764321195.850736
