episode_index,steps,mean_reward_drift,mean_reward_progress,mean_reward_intrusion,mean_reward_path_efficiency,sum_reward_drift,sum_reward_progress,sum_reward_intrusion,sum_reward_path_efficiency,total_intrusions,terminated_waypoint,truncated,finished_at
1,31,-0.009172590282129562,-0.00155963927025109,0.0,0.0,-0.2843502987460164,-0.04834881737778379,0.0,0.0,0,False,True,1764321060.3462663
2,177,-0.009766481999912159,-0.004463801955662545,0.0,0.0,-1.7286673139844522,-0.7900929461522704,0.0,0.0,0,False,True,1764321110.0437915
3,43,-0.013463000732356201,-0.02314165670652289,-0.8372093023255814,0.0,-0.5789090314913167,-0.9950912383804842,-36.0,0.0,3,False,True,1764321157.7025628
4,117,-0.005026293184307417,0.022196838089775364,0.0,0.0,-0.5880763025639678,2.5970300565037174,0.0,0.0,0,False,True,1764321192.002134
5,79,-0.008054368451421068,0.007819393766394947,0.0,0.0,-0.6362951076622644,0.6177321075452008,0.0,0.0,0,False,True,1764321206.288449
