episode_index,steps,mean_reward_drift,mean_reward_progress,mean_reward_intrusion,mean_reward_path_efficiency,sum_reward_drift,sum_reward_progress,sum_reward_intrusion,sum_reward_path_efficiency,total_intrusions,terminated_waypoint,truncated,finished_at
1,86,-0.012856316954213758,-0.013967207321567459,0.0,0.0,-1.1056432580623832,-1.2011798296548015,0.0,0.0,0,False,True,1764321066.316828
2,108,-0.0061864803367410225,0.017914893704375375,-0.5555555555555556,0.0,-0.6681398763680304,1.9348085200725407,-60.0,0.0,5,False,True,1764321101.3064275
3,81,-0.013506560791276653,-0.021751696445507597,-1.1851851851851851,0.0,-1.0940314240934088,-1.7618874120861154,-96.0,0.0,8,False,True,1764321162.0072894
4,73,-0.006919147919576701,0.011877158759667246,0.0,0.0,-0.5050977981290992,0.8670325894557089,0.0,0.0,0,False,True,1764321186.9871938
5,87,-0.008195328368189073,0.0019906632250519525,-0.9655172413793104,0.0,-0.7129935680324493,0.17318770057951988,-84.0,0.0,7,False,True,1764321207.410623
