episode_index,steps,mean_reward_drift,mean_reward_progress,mean_reward_intrusion,mean_reward_path_efficiency,sum_reward_drift,sum_reward_progress,sum_reward_intrusion,sum_reward_path_efficiency,total_intrusions,terminated_waypoint,truncated,finished_at
1,210,-0.010811886942953586,-0.00873811819491543,0.0,0.0,-2.2704962580202532,-1.8350048209322405,0.0,0.0,0,False,True,1764321083.0756083
2,116,-0.01265989489058741,-0.021221701607374785,-1.1379310344827587,0.0,-1.4685478073081397,-2.461717386455475,-132.0,0.0,11,False,True,1764321102.0726607
3,99,-0.0031992194872194324,0.03456360205089142,-0.6060606060606061,0.0,-0.31672272923472383,3.421796603038251,-60.0,0.0,5,False,True,1764321164.167221
4,4,-0.005355177719858421,0.020096535187278403,0.0,0.0,-0.021420710879433685,0.08038614074911361,0.0,0.0,0,False,True,1764321177.8734915
5,52,-0.011871026869153508,-0.015330074211861321,-1.8461538461538463,0.0,-0.6172933971959824,-0.7971638590167887,-96.0,0.0,8,False,True,1764321202.7430642
