episode_index,steps,mean_reward_drift,mean_reward_progress,mean_reward_intrusion,sum_reward_drift,sum_reward_progress,sum_reward_intrusion,total_intrusions,finished_at
1,42,-0.1312432540730682,0.0,-0.023809523809523808,-5.512216671068864,0.0,-1.0,1,1761049212.431875
2,104,-0.15151929981695225,0.0,-0.08653846153846154,-15.758007180963034,0.0,-9.0,9,1761049213.9202611
3,35,-0.20179629969884413,0.0,0.0,-7.062870489459544,0.0,0.0,0,1761049214.586493
4,46,-0.08364554500757464,0.021739130434782608,0.0,-3.8476950703484336,1.0,0.0,0,1761049250.1500795
5,85,-0.1596266024247273,0.0,-0.023529411764705882,-13.56826120610182,0.0,-2.0,2,1761049252.0915384
