episode_index,steps,mean_reward_drift,mean_reward_progress,mean_reward_intrusion,sum_reward_drift,sum_reward_progress,sum_reward_intrusion,total_intrusions,finished_at
1,34,-0.12975050764488588,0.0,-0.029411764705882353,-4.41151725992612,0.0,-1.0,1,1761049212.319938
2,33,-0.14367277957161959,0.0,-0.15151515151515152,-4.741201725863446,0.0,-5.0,5,1761049213.052153
3,67,-0.12429153631947269,0.0,0.0,-8.32753293340467,0.0,0.0,0,1761049249.4359586
