episode_index,steps,mean_reward_drift,mean_reward_progress,mean_reward_intrusion,sum_reward_drift,sum_reward_progress,sum_reward_intrusion,finished_at
1,27,-0.19065734850139185,-0.00622483533993755,0.0,-5.14774840953758,-0.16807055417831385,0.0,1760947063.8347127
2,55,-0.20984858253368208,-0.00785582608114727,0.0,-11.541672039352514,-0.4320704344630998,0.0,1760947065.2383752
3,52,-0.1988918913829296,-0.006896914026933927,0.0,-10.34237835191234,-0.3586395294005642,0.0,1760947065.9756618
4,11,-0.14029421771370745,0.005510199941501905,-0.2727272727272727,-1.5432363948507821,0.06061219935652096,-3.0,1760947066.179923
5,6,-0.17973639319268206,-0.001039334193003505,0.0,-1.0784183591560923,-0.00623600515802103,0.0,1760947067.0745473
6,42,-0.15392758545717697,0.0018804092014064189,0.0,-6.464958589201433,0.07897718645906959,0.0,1760947068.857291
7,62,-0.2095540982103338,-0.009016810903692017,0.0,-12.992354089040695,-0.5590422760289051,0.0,1760947136.6069827
8,28,-0.18873486263494205,-0.004789362246434801,0.0,-5.284576153778377,-0.13410214290017441,0.0,1760947137.2305937
