episode_index,steps,mean_reward_drift,mean_reward_progress,mean_reward_intrusion,sum_reward_drift,sum_reward_progress,sum_reward_intrusion,finished_at
1,38,-0.15979921614310486,0.0007153516920760938,-0.23684210526315788,-6.072370213437985,0.027183364298891566,-9.0,1760947063.9997044
2,56,-0.14317278918289494,0.003313215449050121,0.0,-8.017676194242117,0.18554006514680677,0.0,1760947065.2514355
3,8,-0.12975885781226976,0.0074239696735857105,0.0,-1.038070862498158,0.059391757388685684,0.0,1760947065.4145494
4,11,-0.10997841010864375,0.010220324344380038,-0.2727272727272727,-1.2097625111950812,0.11242356778818041,-3.0,1760947066.179923
5,1,-0.09179379945651034,0.028968387331084117,0.0,-0.09179379945651034,0.028968387331084117,0.0,1760947067.008747
6,102,-0.15833708110645847,-2.3888783310030905e-05,0.0,-16.150382272858764,-0.0024366558976231523,0.0,1760947135.6320703
7,71,-0.13841059751669488,0.004051431776432572,0.0,-9.827152423685336,0.2876516561267126,0.0,1760947136.7144408
