episode_index,steps,mean_reward_drift,mean_reward_progress,mean_reward_intrusion,sum_reward_drift,sum_reward_progress,sum_reward_intrusion,total_intrusions,finished_at
1,26,-0.2233321340656942,0.0,0.0,-5.806635485708049,0.0,0.0,0,1761049212.2067742
2,89,-0.12682579101096958,0.0,0.0,-11.287495399976292,0.0,0.0,0,1761049213.784774
3,13,-0.12583759818195206,0.0,-0.15384615384615385,-1.6358887763653767,0.0,-2.0,2,1761049214.0288908
4,37,-0.1747051135734769,0.0,0.0,-6.464089202218646,0.0,0.0,0,1761049249.3338363
