episode_index,steps,mean_reward_drift,mean_reward_progress,mean_reward_intrusion,mean_reward_proximity,sum_reward_drift,sum_reward_progress,sum_reward_intrusion,sum_reward_proximity,total_intrusions,terminated_waypoint,truncated,finished_at
1,132,-0.003023909285827718,-0.0024414702842961585,0.0,0.0,-0.39915602572925873,-0.3222740775270929,0.0,0.0,0,False,True,1764256496.3972635
2,193,-0.0026542916706873447,-0.0018792261876102853,-0.031088082901554404,-0.013630774621306707,-0.5122782924426575,-0.36269065420878505,-6.0,-2.6307395019121946,2,False,True,1764256511.1396577
