episode_index,steps,mean_reward_drift,mean_reward_progress,mean_reward_intrusion,sum_reward_drift,sum_reward_progress,sum_reward_intrusion,finished_at
1,15,-0.1715600833012399,-0.001658706986000221,0.0,-2.5734012495185983,-0.024880604790003313,0.0,1760947063.670611
2,73,-0.19587428620903471,-0.006884844238178779,0.0,-14.298822893259535,-0.5025936293870509,0.0,1760947065.0245569
3,13,-0.11918847196101698,0.009763059978838114,0.0,-1.5494501354932206,0.1269197797248955,0.0,1760947065.2816558
4,27,-0.08812898241984517,0.013923742608300834,0.0,-2.3794825253358196,0.3759410504241225,0.0,1760947066.8147871
5,38,-0.11743507939425078,0.008156458255997742,0.0,-4.46253301698153,0.3099454137279142,0.0,1760947067.4104152
6,37,-0.20004287276822558,-0.007672444896143382,0.0,-7.401586292424346,-0.28388046115730514,0.0,1760947068.3915954
7,9,-0.07760774876100789,0.01806891294545543,0.0,-0.6984697388490709,0.16262021650909886,0.0,1760947069.1657827
8,13,-0.0958399082723107,0.014004313391563706,0.0,-1.2459188075400391,0.18205607409032817,0.0,1760947136.0546265
9,55,-0.17309679100857223,-0.0022243769954681946,-0.21818181818181817,-9.520323505471472,-0.12234073475075069,-12.0,1760947137.3045619
