episode_index,steps,mean_reward_drift,mean_reward_progress,mean_reward_intrusion,mean_reward_proximity,sum_reward_drift,sum_reward_progress,sum_reward_intrusion,sum_reward_proximity,total_intrusions,terminated_waypoint,truncated,finished_at
1,214,-0.0030019028541784913,-0.002901294359350685,-0.014018691588785047,-0.01354928191051528,-0.6424072107941972,-0.6208769929010466,-3.0,-2.8995463288502696,1,False,True,1762851837.0717072
2,89,-0.0021368173758199837,7.68542723719129e-05,0.0,0.0,-0.19017674644797855,0.006840030241100248,0.0,0.0,0,False,True,1762851925.697235
3,211,-0.0031159760208681365,-0.002599204064499003,0.0,0.0,-0.6574709404031768,-0.5484320576092896,0.0,0.0,0,False,True,1762852126.0857537
