episode_index,steps,mean_reward_drift,mean_reward_progress,mean_reward_intrusion,sum_reward_drift,sum_reward_progress,sum_reward_intrusion,total_intrusions,finished_at
1,34,-0.1683222686796915,0.0,0.0,-5.722957135109511,0.0,0.0,0,1761055180.0224457
2,49,-0.17904683844993174,0.0,-0.04081632653061224,-8.773295084046655,0.0,-2.0,2,1761055181.2464502
