episode_index,steps,mean_reward_drift,mean_reward_progress,mean_reward_intrusion,sum_reward_drift,sum_reward_progress,sum_reward_intrusion,total_intrusions,finished_at
1,54,-0.19731234312078894,0.0,-0.07407407407407407,-10.654866528522602,0.0,-4.0,4,1761055180.2962263
2,25,-0.20921949750898505,0.0,0.0,-5.230487437724626,0.0,0.0,0,1761055180.858165
3,7,-0.1284735708631441,0.0,0.0,-0.8993149960420087,0.0,0.0,0,1761055181.375231
4,46,-0.15174342572212376,0.0,0.0,-6.980197583217693,0.0,0.0,0,1761055218.6813593
5,17,-0.19367823052420893,0.0,0.0,-3.292529918911552,0.0,0.0,0,1761055219.3373628
6,82,-0.14844742458815233,0.0,0.0,-12.17268881622849,0.0,0.0,0,1761055220.8633583
