episode_index,steps,mean_reward_drift,mean_reward_progress,mean_reward_intrusion,sum_reward_drift,sum_reward_progress,sum_reward_intrusion,total_intrusions,finished_at
1,46,-0.16636582262538727,0.0,-0.043478260869565216,-7.652827840767815,0.0,-2.0,2,1761055180.1830885
2,26,-0.21835038333510803,0.0,0.0,-5.677109966712809,0.0,0.0,0,1761055180.874852
3,28,-0.12565128751160362,0.0,0.0,-3.518236050324901,0.0,0.0,0,1761055181.6623645
4,5,-0.11582779124241276,0.0,0.0,-0.5791389562120638,0.0,0.0,0,1761055182.2112348
5,40,-0.19211993533650168,0.0,0.0,-7.684797413460068,0.0,0.0,0,1761055219.7157276
