episode_index,steps,mean_reward_drift,mean_reward_progress,mean_reward_intrusion,sum_reward_drift,sum_reward_progress,sum_reward_intrusion,total_intrusions,finished_at
1,44,-0.20171730772753377,0.0,-0.09090909090909091,-8.875561540011486,0.0,-4.0,4,1761055180.1549816
2,13,-0.1453657756779677,0.0,-0.07692307692307693,-1.8897550838135804,0.0,-1.0,1,1761055180.62353
3,66,-0.18375265926003112,0.0,0.0,-12.127675511162053,0.0,0.0,0,1761055182.0847785
4,6,-0.09595024806578618,0.16666666666666666,0.0,-0.5757014883947171,1.0,0.0,0,1761055182.2308273
5,40,-0.15207372520718282,0.0,0.0,-6.082949008287313,0.0,0.0,0,1761055219.7157276
