episode_index,steps,mean_reward_drift,mean_reward_progress,mean_reward_intrusion,sum_reward_drift,sum_reward_progress,sum_reward_intrusion,total_intrusions,finished_at
1,26,-0.15767111094819036,0.0,0.0,-4.09944888465295,0.0,0.0,0,1761054784.8611357
2,49,-0.1332754070058792,0.0,0.0,-6.530494943288081,0.0,0.0,0,1761054785.5883846
3,5,-0.09549558585581268,0.2,0.0,-0.4774779292790634,1.0,0.0,0,1761054785.7129138
4,24,-0.15530660112293118,0.0,0.0,-3.727358426950348,0.0,0.0,0,1761054787.6766098
5,27,-0.16061214648941402,0.0,0.0,-4.336527955214178,0.0,0.0,0,1761054824.1760106
6,39,-0.19569154331604077,0.0,-0.05128205128205128,-7.63197018932559,0.0,-2.0,2,1761054825.3050516
