episode_index,steps,mean_reward_drift,mean_reward_progress,mean_reward_intrusion,sum_reward_drift,sum_reward_progress,sum_reward_intrusion,total_intrusions,finished_at
1,9,-0.11590513888181622,0.0,0.0,-1.043146249936346,0.0,0.0,0,1761054784.6233518
2,27,-0.11973988575908152,0.0,0.0,-3.2329769154952013,0.0,0.0,0,1761054785.3109527
3,43,-0.19281742703698454,0.0,-0.046511627906976744,-8.291149362590335,0.0,-2.0,2,1761054786.3409426
4,6,-0.14286234336509085,0.0,0.0,-0.8571740601905451,0.0,0.0,0,1761054787.40757
5,60,-0.13103629269793748,0.0,-0.03333333333333333,-7.8621775618762495,0.0,-2.0,2,1761054824.6233861
