episode_index,steps,mean_reward_drift,mean_reward_progress,mean_reward_intrusion,sum_reward_drift,sum_reward_progress,sum_reward_intrusion,total_intrusions,finished_at
1,13,-0.11042637692489607,0.0,0.0,-1.4355429000236488,0.0,0.0,0,1761054784.6783123
2,12,-0.21104409214985043,0.0,0.0,-2.532529105798205,0.0,0.0,0,1761054785.0980392
3,37,-0.16174808243019367,0.0,0.0,-5.984679049917166,0.0,0.0,0,1761054786.245534
4,142,-0.17490377428989726,0.0,0.0,-24.83633594916541,0.0,0.0,0,1761054823.643866
