episode_index,steps,mean_reward_drift,mean_reward_progress,mean_reward_intrusion,sum_reward_drift,sum_reward_progress,sum_reward_intrusion,total_intrusions,finished_at
1,3,-0.025817167426627027,0.3333333333333333,0.0,-0.07745150227988108,1.0,0.0,0,1761056922.7066755
2,12,-0.11488631180483004,0.0,0.0,-1.3786357416579604,0.0,0.0,0,1761056923.43545
3,7,-0.13060271212713467,0.0,-0.14285714285714285,-0.9142189848899427,0.0,-1.0,1,1761056924.3062997
4,53,-0.0947933568409578,0.0,0.0,-5.024047912570763,0.0,0.0,0,1761056925.6240244
5,22,-0.06781772010907113,0.0,-0.36363636363636365,-1.4919898423995648,0.0,-8.0,8,1761056925.9386604
6,16,-0.13422568923747866,0.0,-0.25,-2.1476110277996585,0.0,-4.0,4,1761056961.5012755
7,17,-0.10225552683986908,0.0,-0.058823529411764705,-1.7383439562777743,0.0,-1.0,1,1761056961.9412713
8,39,-0.14987911258359873,0.0,-0.02564102564102564,-5.845285390760351,0.0,-1.0,1,1761056962.7414505
