episode_index,steps,mean_reward_drift,mean_reward_progress,mean_reward_intrusion,sum_reward_drift,sum_reward_progress,sum_reward_intrusion,total_intrusions,finished_at
1,40,-0.16711097592515173,0.0,-0.025,-6.68443903700607,0.0,-1.0,1,1761056923.2361498
2,56,-0.1642812289181538,0.0,0.0,-9.199748819416612,0.0,0.0,0,1761056924.1370504
3,15,-0.07256573124855951,0.0,0.0,-1.0884859687283928,0.0,0.0,0,1761056924.4673219
4,2,-0.05987468281846542,0.5,0.0,-0.11974936563693084,1.0,0.0,0,1761056924.9208727
5,44,-0.17016860400475645,0.0,0.0,-7.487418576209284,0.0,0.0,0,1761056961.2115722
6,15,-0.06660586050731647,0.06666666666666667,0.0,-0.9990879076097471,1.0,0.0,0,1761056961.4868631
7,26,-0.09701539518588201,0.0,0.0,-2.522400274832932,0.0,0.0,0,1761056962.1115868
