episode_index,steps,mean_reward_drift,mean_reward_progress,mean_reward_intrusion,sum_reward_drift,sum_reward_progress,sum_reward_intrusion,total_intrusions,finished_at
1,19,-0.21624789425183485,0.0,-0.15789473684210525,-4.108709990784862,0.0,-3.0,3,1761056922.9708865
2,14,-0.08689043354362602,0.07142857142857142,0.0,-1.2164660696107643,1.0,0.0,0,1761056923.462973
3,38,-0.1639450845644619,0.0,-0.07894736842105263,-6.229913213449553,0.0,-3.0,3,1761056924.840582
