episode_index,steps,mean_reward_drift,mean_reward_progress,mean_reward_intrusion,sum_reward_drift,sum_reward_progress,sum_reward_intrusion,total_intrusions,finished_at
1,32,-0.11985572120006503,0.0,-0.03125,-3.835383078402081,0.0,-1.0,1,1761056923.1468585
2,37,-0.13240907808245964,0.02702702702702703,0.0,-4.899135889051006,1.0,0.0,0,1761056923.8450904
3,20,-0.13477885819661584,0.0,-0.1,-2.6955771639323167,0.0,-2.0,2,1761056924.566741
4,22,-0.19468298250541938,0.0,0.0,-4.283025615119226,0.0,0.0,0,1761056925.2734034
5,14,-0.06568210987347604,0.0,-0.2857142857142857,-0.9195495382286646,0.0,-4.0,4,1761056925.8547068
6,20,-0.06732224421997682,0.0,-0.1,-1.3464448843995362,0.0,-2.0,2,1761056961.5532508
