episode_index,steps,mean_reward_drift,mean_reward_progress,mean_reward_intrusion,sum_reward_drift,sum_reward_progress,sum_reward_intrusion,total_intrusions,finished_at
1,17,-0.18686552470253015,0.0,0.0,-3.1767139199430128,0.0,0.0,0,1761054784.783314
2,6,-0.1383436222478703,0.0,0.0,-0.8300617334872219,0.0,0.0,0,1761054785.3521843
3,7,-0.06897007524146777,0.14285714285714285,0.0,-0.4827905266902744,1.0,0.0,0,1761054785.9686792
4,17,-0.15508979243794588,0.0,0.0,-2.63652647144508,0.0,0.0,0,1761054786.7689874
5,5,-0.16602804933221288,0.0,0.0,-0.8301402466610643,0.0,0.0,0,1761054787.044581
6,29,-0.0833486240638739,0.0,0.0,-2.417110097852343,0.0,0.0,0,1761054823.752285
7,31,-0.1467544541999066,0.0,0.0,-4.5493880801971045,0.0,0.0,0,1761054824.6016884
8,46,-0.2084483707952229,0.0,0.0,-9.588625056580254,0.0,0.0,0,1761054825.2999446
