episode_index,steps,mean_reward_drift,mean_reward_progress,mean_reward_intrusion,sum_reward_drift,sum_reward_progress,sum_reward_intrusion,total_intrusions,finished_at
1,3,-0.13264348834022455,0.0,0.0,-0.39793046502067364,0.0,0.0,0,1761054784.537194
2,24,-0.20514991093978305,0.0,0.0,-4.923597862554793,0.0,0.0,0,1761054785.6209867
3,32,-0.18818137521359607,0.0,0.0,-6.021804006835074,0.0,0.0,0,1761054786.277864
4,23,-0.15466960455872944,0.0,0.0,-3.557400904850777,0.0,0.0,0,1761054786.856117
5,114,-0.14546191440408585,0.0,-0.008771929824561403,-16.582658242065786,0.0,-1.0,1,1761054823.1922326
