episode_index,steps,mean_reward_drift,mean_reward_progress,mean_reward_intrusion,sum_reward_drift,sum_reward_progress,sum_reward_intrusion,total_intrusions,finished_at
1,13,-0.0754895140507644,0.0,0.0,-0.9813636826599372,0.0,0.0,0,1761054784.7172177
2,26,-0.10227200537143241,0.0,0.0,-2.6590721396572428,0.0,0.0,0,1761054785.6450148
3,9,-0.07172595488605928,0.0,-0.1111111111111111,-0.6455335939745335,0.0,-1.0,1,1761054785.99735
4,29,-0.1764872738985637,0.0,0.0,-5.118130943058347,0.0,0.0,0,1761054786.9320884
