episode_index,steps,mean_reward_drift,mean_reward_progress,mean_reward_intrusion,sum_reward_drift,sum_reward_progress,sum_reward_intrusion,total_intrusions,finished_at
1,53,-0.12569968513537957,0.0,0.0,-6.662083312175118,0.0,0.0,0,1761054785.2388384
2,23,-0.10505820228784078,0.0,0.0,-2.416338652620338,0.0,0.0,0,1761054785.6073334
3,11,-0.0980072080926437,0.0,-0.09090909090909091,-1.0780792890190807,0.0,-1.0,1,1761054786.0240433
4,21,-0.08451235827500432,0.0,0.0,-1.7747595237750908,0.0,0.0,0,1761054786.8305757
5,19,-0.2526784348811857,0.0,0.0,-4.800890262742528,0.0,0.0,0,1761054787.3142455
6,53,-0.1671879810599357,0.0,0.0,-8.860962996176593,0.0,0.0,0,1761054824.0536442
