episode_index,steps,mean_reward_drift,mean_reward_progress,mean_reward_intrusion,mean_reward_proximity,sum_reward_drift,sum_reward_progress,sum_reward_intrusion,sum_reward_proximity,total_intrusions,terminated_waypoint,truncated,finished_at
1,82,-0.0025473821306971306,-0.002049874982499203,0.0,-0.05845598369736556,-0.2088853347171647,-0.16808974856493464,0.0,-4.793390663183976,0,False,True,1762856324.612804
2,109,-0.0007593695116478294,0.00815811733664423,0.0,-0.011228513685135276,-0.0827712767696134,0.889234789694221,0.0,-1.223907991679745,0,True,False,1762856349.778351
3,80,-0.0029700290731606294,-0.0037309863262039653,0.0,0.0,-0.23760232585285035,-0.2984789060963172,0.0,0.0,0,False,True,1762856404.7812703
4,213,-0.0013847303435049277,0.004320504009376858,0.0,-0.00779864050221743,-0.2949475631665496,0.9202673539972708,0.0,-1.6611104269723125,0,True,False,1762856449.4628973
5,46,-0.0015023583604899743,0.006365292038832277,-0.06521739130434782,-0.018620578635931483,-0.06910848458253882,0.2928034337862847,-3.0,-0.8565466172528482,1,True,False,1762856478.5582912
6,284,-0.0028550291071792275,-0.002044822903967272,0.0,-0.00015100686841453974,-0.8108282664389006,-0.5807297047267053,0.0,-0.04288595062972929,0,False,True,1762856543.2739928
