episode_index,steps,mean_reward_drift,mean_reward_progress,mean_reward_intrusion,sum_reward_drift,sum_reward_progress,sum_reward_intrusion,total_intrusions,finished_at
1,11,-0.05475062704334392,0.0,-0.09090909090909091,-0.6022568974767831,0.0,-1.0,1,1761055179.6727345
2,40,-0.15438075800497275,0.0,0.0,-6.17523032019891,0.0,0.0,0,1761055180.70144
3,35,-0.1993849167540755,0.0,0.0,-6.978472086392642,0.0,0.0,0,1761055181.2737994
