episode_index,steps,mean_reward_drift,mean_reward_progress,mean_reward_intrusion,sum_reward_drift,sum_reward_progress,sum_reward_intrusion,total_intrusions,finished_at
1,19,-0.10651417712496897,0.0,0.0,-2.0237693653744104,0.0,0.0,0,1761055179.7984717
2,7,-0.19989430669717606,0.0,0.0,-1.3992601468802324,0.0,0.0,0,1761055180.1337774
3,15,-0.11808300156444859,0.0,-0.06666666666666667,-1.771245023466729,0.0,-1.0,1,1761055181.0256033
4,79,-0.15001523156395416,0.0,-0.012658227848101266,-11.851203293552379,0.0,-1.0,1,1761055182.4786038
5,37,-0.13856710387868162,0.0,0.0,-5.12698284351122,0.0,0.0,0,1761055218.8145964
6,32,-0.12215272116973351,0.0,0.0,-3.9088870774314723,0.0,0.0,0,1761055219.772086
7,37,-0.13146223402756207,0.0,0.0,-4.864102659019797,0.0,0.0,0,1761055220.6331153
8,54,-0.18635153059186338,0.0,-0.09259259259259259,-10.062982651960622,0.0,-5.0,5,1761055221.4331765
