episode_index,steps,mean_reward_drift,mean_reward_progress,mean_reward_intrusion,sum_reward_drift,sum_reward_progress,sum_reward_intrusion,total_intrusions,finished_at
1,9,-0.0674285169229713,0.0,0.0,-0.6068566523067418,0.0,0.0,0,1761055179.6459312
2,20,-0.04780539934219949,0.0,0.0,-0.9561079868439898,0.0,0.0,0,1761055180.3807943
3,14,-0.09012615286113419,0.0,0.0,-1.2617661400558786,0.0,0.0,0,1761055181.0057867
4,3,-0.12359106949902486,0.0,0.0,-0.37077320849707457,0.0,0.0,0,1761055181.3592854
5,31,-0.14377059043016968,0.0,-0.16129032258064516,-4.45688830333526,0.0,-5.0,5,1761055218.7204428
6,45,-0.18167091099095944,0.0,-0.022222222222222223,-8.175190994593175,0.0,-1.0,1,1761055219.9585166
