episode_index,steps,mean_reward_drift,mean_reward_progress,mean_reward_intrusion,mean_reward_proximity,sum_reward_drift,sum_reward_progress,sum_reward_intrusion,sum_reward_proximity,total_intrusions,terminated_waypoint,truncated,finished_at
1,139,-0.002530798987926066,-0.0026659869384458657,0.0,0.0,-0.35178105932172316,-0.3705721844439753,0.0,0.0,0,False,True,1762531337.2797782
2,145,-0.002568843336444108,0.0003706681715378962,-0.020689655172413793,-0.005539986816998513,-0.3724822837843957,0.05374688487299495,-3.0,-0.8032980884647845,1,False,True,1762531357.228824
3,90,-0.0033620442379434074,-0.005127593927699271,0.0,-0.009543121096350348,-0.30258398141490667,-0.4614834534929344,0.0,-0.8588808986715313,0,False,True,1762531411.1820304
4,91,-0.0027952355582965063,-0.003375311798532301,-0.03296703296703297,-0.0180952252690989,-0.2543664358049821,-0.30715337366643936,-3.0,-1.6466654994879997,1,False,True,1762531475.6177726
5,114,-0.002259104654152959,5.999042988173452e-05,0.0,0.0,-0.2575379305734373,0.006838909006517735,0.0,0.0,0,False,True,1762531549.6803348
