episode_index,steps,mean_reward_drift,mean_reward_progress,mean_reward_intrusion,sum_reward_drift,sum_reward_progress,sum_reward_intrusion,total_intrusions,finished_at
1,24,-0.14219720236049369,0.0,-0.16666666666666666,-3.4127328566518482,0.0,-4.0,4,1761056923.1638918
2,3,-0.0887181205629159,0.3333333333333333,0.0,-0.26615436168874773,1.0,0.0,0,1761056923.5547595
3,10,-0.07847071402799602,0.0,0.0,-0.7847071402799601,0.0,0.0,0,1761056924.2595994
4,12,-0.09483548702113714,0.0,0.0,-1.1380258442536457,0.0,0.0,0,1761056925.3453715
5,13,-0.16422946678981812,0.0,-0.07692307692307693,-2.1349830682676356,0.0,-1.0,1,1761056961.1374428
6,63,-0.1716763928482143,0.0,0.0,-10.8156127494375,0.0,0.0,0,1761056962.2023427
