episode_index,steps,mean_reward_drift,mean_reward_progress,mean_reward_intrusion,sum_reward_drift,sum_reward_progress,sum_reward_intrusion,total_intrusions,finished_at
1,12,-0.10012701200663622,0.0,0.0,-1.2015241440796347,0.0,0.0,0,1761056922.954874
2,35,-0.1432820768540514,0.0,-0.14285714285714285,-5.014872689891798,0.0,-5.0,5,1761056924.042063
3,7,-0.14702052810373414,0.0,0.0,-1.029143696726139,0.0,0.0,0,1761056924.2139256
4,10,-0.1565689444831695,0.0,0.0,-1.565689444831695,0.0,0.0,0,1761056925.3176525
5,21,-0.1539665455984241,0.0,-0.09523809523809523,-3.233297457566906,0.0,-2.0,2,1761056961.234499
6,9,-0.11885084979668781,0.0,0.0,-1.0696576481701903,0.0,0.0,0,1761056961.4235997
7,29,-0.1613244152166562,0.0,-0.034482758620689655,-4.67840804128303,0.0,-1.0,1,1761056962.7394512
8,16,-0.09657171824632223,0.0625,0.0,-1.5451474919411556,1.0,0.0,0,1761056963.1110616
9,54,-0.14112462307075713,0.018518518518518517,-0.018518518518518517,-7.620729645820885,1.0,-1.0,1,1761056964.2123158
