episode_index,steps,mean_reward_drift,mean_reward_progress,mean_reward_intrusion,sum_reward_drift,sum_reward_progress,sum_reward_intrusion,total_intrusions,finished_at
1,19,-0.19384480299346185,0.0,-0.10526315789473684,-3.683051256875775,0.0,-2.0,2,1761056922.9598866
2,12,-0.10000949702175048,0.0,0.0,-1.2001139642610057,0.0,0.0,0,1761056923.6897907
3,32,-0.13145944559286343,0.0,-0.1875,-4.20670225897163,0.0,-6.0,6,1761056924.7480683
4,97,-0.16434727339722813,0.0,0.0,-15.941685519531127,0.0,0.0,0,1761056961.364297
5,37,-0.1218246560555867,0.0,-0.16216216216216217,-4.507512274056708,0.0,-6.0,6,1761056961.9595764
6,19,-0.22120163710925775,0.0,0.0,-4.202831105075897,0.0,0.0,0,1761056962.6600354
7,38,-0.11024647764268673,0.0,-0.02631578947368421,-4.189366150422096,0.0,-1.0,1,1761056963.4162507
