episode_index,steps,mean_reward_drift,mean_reward_progress,mean_reward_intrusion,mean_reward_proximity,sum_reward_drift,sum_reward_progress,sum_reward_intrusion,sum_reward_proximity,total_intrusions,finished_at
1,86,-0.0021390559589889685,0.031091254779650617,0.0,-0.027348582851594787,-0.1839588124730513,2.673847911049953,0.0,-2.3519781252371517,0,1761296063.7162707
2,82,-0.0018434659580421511,0.03164096993937065,-0.21951219512195122,-0.004603655303716334,-0.1511642085594564,2.5945595350283934,-18.0,-0.3774997349047394,6,1761296075.2772534
3,10,-0.00452045783061059,0.12087426150505634,0.0,0.0,-0.0452045783061059,1.2087426150505634,0.0,0.0,0,1761296076.4533954
4,66,-0.001684377518207672,0.03476373334826338,0.0,-0.12908496945932887,-0.11116891620170635,2.294406400985383,0.0,-8.519607984315705,0,1761296091.5768526
5,63,-0.0022148980355659108,0.03548269602703587,0.0,0.0,-0.13953857624065238,2.2354098497032595,0.0,0.0,0,1761296098.9780483
6,109,-0.003291997244430669,0.028495368091553067,0.0,0.0,-0.3588276996429429,3.1059951219792845,0.0,0.0,0,1761296111.6905756
