episode_index,steps,mean_reward_drift,mean_reward_progress,mean_reward_intrusion,mean_reward_proximity,sum_reward_drift,sum_reward_progress,sum_reward_intrusion,sum_reward_proximity,total_intrusions,finished_at
1,113,-0.0058660854546901415,0.027307938078709668,0.0,-0.0455621775845949,-0.662867656379986,3.0857970028941923,0.0,-5.148526067059224,0,1761296066.5657628
2,1,-0.004651247904706287,1.0,0.0,0.0,-0.004651247904706287,1.0,0.0,0.0,0,1761296066.7756512
3,85,-0.005486966473504252,0.02978500751884305,-0.21176470588235294,-0.014722675829963578,-0.4663921502478614,2.5317256391016594,-18.0,-1.251427445546904,6,1761296084.419792
4,71,-0.012317185605043624,0.02908160285913765,0.0,-0.11520405700345121,-0.8745201779580973,2.064793802998773,0.0,-8.179488047245036,0,1761296092.1073122
5,73,-0.005438045614753413,0.0325605668736112,0.0,0.0,-0.39697732987699913,2.376921381773618,0.0,0.0,0,1761296100.0371294
