episode_index,steps,mean_reward_drift,mean_reward_progress,mean_reward_intrusion,mean_reward_proximity,sum_reward_drift,sum_reward_progress,sum_reward_intrusion,sum_reward_proximity,total_intrusions,terminated_waypoint,truncated,finished_at
1,9,-0.004009808722232498,0.035526714616014435,0.0,0.0,-0.03608827850009248,0.3197404315441299,0.0,0.0,0,False,True,1764080195.0281157
2,59,-0.0029435581754860447,0.17518814172657432,0.0,0.0,-0.17366993235367664,10.336100361867885,0.0,0.0,0,True,False,1764080209.0818882
3,113,-0.0011866410427375353,0.11760328469385235,0.0,0.0,-0.1340904378293415,13.289171170405316,0.0,0.0,0,True,False,1764080225.3200912
4,93,-0.0004102919426294102,0.13394795666250853,0.0,0.0,-0.03815715066453515,12.457159969613294,0.0,0.0,0,True,False,1764080235.4058774
5,131,-0.004643458418428367,0.08862403236098297,-1.0076335877862594,0.0,-0.608293052814116,11.60974823928877,-132.0,0.0,11,True,False,1764080250.752605
6,31,-0.0031470347403131896,0.2975039760259998,0.0,0.0,-0.09755807694970887,9.222623256805994,0.0,0.0,0,True,False,1764080254.2089045
7,80,-0.0014856618333279697,0.14616635577545356,0.0,0.0,-0.11885294666623758,11.693308462036285,0.0,0.0,0,True,False,1764080272.4241586
8,54,-0.0014253111047980978,0.194062887440164,-0.4444444444444444,0.0,-0.07696679965909728,10.479395921768857,-24.0,0.0,2,True,False,1764080287.0403063
9,74,-0.0018719958408317538,0.15363860932273257,0.0,0.0,-0.1385276922215498,11.36925708988221,0.0,0.0,0,True,False,1764080301.2420177
