episode_index,steps,mean_reward_drift,mean_reward_progress,mean_reward_intrusion,mean_reward_path_efficiency,sum_reward_drift,sum_reward_progress,sum_reward_intrusion,sum_reward_path_efficiency,total_intrusions,terminated_waypoint,truncated,finished_at
1,23,-0.0040267531229698636,0.026639999029480613,0.0,0.0,-0.09261532182830687,0.6127199776780541,0.0,0.0,0,False,True,1764321059.4843884
2,106,-0.01089825118402925,-0.011695771154710462,-0.4528301886792453,0.0,-1.1552146255071005,-1.239751742399309,-48.0,0.0,4,False,True,1764321096.653969
3,89,-0.012740115184539413,-0.020116446377598886,-1.752808988764045,0.0,-1.1338702514240078,-1.7903637276063007,-156.0,0.0,13,False,True,1764321114.4079359
4,78,-0.01141438209326179,-0.015377683405034929,0.0,0.0,-0.8903218032744196,-1.1994593055927245,0.0,0.0,0,False,True,1764321176.765651
5,35,-0.0039265752881438,0.027625519107747902,-1.0285714285714285,0.0,-0.13743013508503302,0.9668931687711766,-36.0,0.0,3,False,True,1764321203.1590936
