episode_index,steps,mean_reward_drift,mean_reward_progress,mean_reward_intrusion,mean_reward_path_efficiency,sum_reward_drift,sum_reward_progress,sum_reward_intrusion,sum_reward_path_efficiency,total_intrusions,terminated_waypoint,truncated,finished_at
1,52,-0.0077648588993032945,0.10593180168233099,-2.076923076923077,0.0,-0.40377266276377133,5.508453687481212,-108.0,0.0,9,True,False,1764321062.664978
2,63,-0.003823223410656764,0.03226783856016713,-0.7619047619047619,0.0,-0.24086307487137612,2.032873829290529,-48.0,0.0,4,False,True,1764321091.8697047
3,122,-0.0056924705972433405,0.01962149096347819,-0.6885245901639344,0.0,-0.6944814128636876,2.3938218975443393,-84.0,0.0,7,False,True,1764321154.9856164
4,17,-0.006181837381124153,0.015847676329518858,0.0,0.0,-0.1050912354791106,0.26941049760182056,0.0,0.0,0,False,True,1764321168.735404
5,42,-0.014592811148848936,-0.026492349687326073,0.0,0.0,-0.6128980682516553,-1.112678686867695,0.0,0.0,0,False,True,1764321204.2677724
