episode_index,steps,mean_reward_drift,mean_reward_progress,mean_reward_intrusion,mean_reward_path_efficiency,sum_reward_drift,sum_reward_progress,sum_reward_intrusion,sum_reward_path_efficiency,total_intrusions,terminated_waypoint,truncated,finished_at
1,26,-0.009161040385512935,-0.003587424789534448,0.0,0.0,-0.23818705002333632,-0.09327304452789564,0.0,0.0,0,False,True,1764321059.860357
2,129,-0.010665096969365231,-0.01096318617596434,0.0,0.0,-1.3757975090481147,-1.4142510166993998,0.0,0.0,0,False,True,1764321099.0704055
3,87,-0.013061840966897777,-0.022742041896369164,-0.6896551724137931,0.0,-1.1363801641201066,-1.9785576449841171,-60.0,0.0,5,False,True,1764321114.0275154
4,59,-0.0036887657386323386,0.02438204182137527,-3.457627118644068,0.0,-0.21763717857930798,1.4385404674611408,-204.0,0.0,17,False,True,1764321174.4253917
5,36,-0.003000998086070376,0.03481296429189437,0.0,0.0,-0.10803593109853354,1.2532667145081973,0.0,0.0,0,False,True,1764321203.4506328
