episode_index,steps,mean_reward_drift,mean_reward_progress,mean_reward_intrusion,mean_reward_path_efficiency,sum_reward_drift,sum_reward_progress,sum_reward_intrusion,sum_reward_path_efficiency,total_intrusions,terminated_waypoint,truncated,finished_at
1,70,-0.010858283649557949,-0.008513221432990445,-1.0285714285714285,0.0,-0.7600798554690564,-0.5959255003093311,-72.0,0.0,6,False,True,1764321064.3589783
2,44,-0.008833951172247292,0.004028726701356716,-1.0909090909090908,0.0,-0.38869385157888087,0.17726397485969547,-48.0,0.0,4,False,True,1764321089.3811753
3,96,-0.008575233052411571,0.007500160567581922,-0.625,0.0,-0.8232223730315109,0.7200154144878645,-60.0,0.0,5,False,True,1764321115.2216506
4,123,-0.0069455151922522985,0.012459405811194634,0.0,0.0,-0.8542983686470327,1.53250691477694,0.0,0.0,0,False,True,1764321182.599926
5,44,-0.006817017798203398,0.007741533158897821,-2.4545454545454546,0.0,-0.2999487831209495,0.34062745899150415,-108.0,0.0,9,False,True,1764321204.369157
