episode_index,steps,mean_reward_drift,mean_reward_progress,mean_reward_intrusion,mean_reward_path_efficiency,sum_reward_drift,sum_reward_progress,sum_reward_intrusion,sum_reward_path_efficiency,total_intrusions,terminated_waypoint,truncated,finished_at
1,115,-0.014710413908280612,-0.031062141121119134,-0.7304347826086957,0.0,-1.6916975994522705,-3.5721462289287005,-84.0,0.0,7,False,True,1764321069.9265893
2,120,-0.006642396969832213,0.017903313445623306,-1.8,0.0,-0.7970876363798656,2.148397613474797,-216.0,0.0,18,False,True,1764321098.1697383
3,192,-0.010995665149043272,-0.010561274188238707,-0.75,0.0,-2.1111677086163083,-2.0277646441418318,-144.0,0.0,12,False,True,1764321162.6843553
4,104,-0.01333526581657338,-0.022649940713324032,-0.46153846153846156,0.0,-1.3868676449236317,-2.3555938341856995,-48.0,0.0,4,False,True,1764321179.876342
5,45,-0.00817115369614015,0.0008700123268870362,-3.466666666666667,0.0,-0.3677019163263067,0.03915055470991663,-156.0,0.0,13,False,True,1764321204.628448
