episode_index,steps,mean_reward_drift,mean_reward_progress,mean_reward_intrusion,mean_reward_path_efficiency,sum_reward_drift,sum_reward_progress,sum_reward_intrusion,sum_reward_path_efficiency,total_intrusions,terminated_waypoint,truncated,finished_at
1,122,-0.005652604905415261,0.022128387321263186,-0.29508196721311475,0.0,-0.6896177984606618,2.6996632531941085,-36.0,0.0,3,False,True,1764321071.3354816
2,79,-0.01157429097959735,-0.01711270274032705,-1.2151898734177216,0.0,-0.9143689873881906,-1.351903516485837,-96.0,0.0,8,False,True,1764321093.6488278
3,22,-0.004732971512052662,0.01712690242026108,-3.272727272727273,0.0,-0.10412537326515857,0.3767918532457437,-72.0,0.0,6,False,True,1764321105.1261268
4,83,-0.010886368626970016,-0.009870376423661863,0.0,0.0,-0.9035685960385114,-0.8192412431639345,0.0,0.0,0,False,True,1764321177.1815584
5,91,-0.004307261638599982,0.029620077807954902,-0.7912087912087912,0.0,-0.39196080911259834,2.695427080523896,-72.0,0.0,6,False,True,1764321210.381951
