episode_index,steps,mean_reward_drift,mean_reward_progress,mean_reward_intrusion,mean_reward_path_efficiency,sum_reward_drift,sum_reward_progress,sum_reward_intrusion,sum_reward_path_efficiency,total_intrusions,terminated_waypoint,truncated,finished_at
1,73,-0.005608644556354771,0.017300770639842106,-0.9863013698630136,0.0,-0.4094310526138983,1.2629562567084738,-72.0,0.0,6,False,True,1764321064.7109125
2,30,-0.008493943458255934,0.0032520454861822514,-1.2,0.0,-0.254818303747678,0.09756136458546755,-36.0,0.0,3,False,True,1764321087.8334067
3,169,-0.0063331402591240045,0.01853920065029606,-0.6390532544378699,0.0,-1.0703007037919567,3.133124909900034,-108.0,0.0,9,False,True,1764321160.118343
4,69,-0.007021671044859331,0.08678851730500502,-0.5217391304347826,0.0,-0.48449530209529384,5.988407694045346,-36.0,0.0,3,True,False,1764321175.7273695
5,69,-0.004099008737955946,0.08998462050142961,-0.17391304347826086,0.0,-0.28283160291896026,6.208938814598643,-12.0,0.0,1,True,False,1764321207.7412312
