episode_index,steps,mean_reward_drift,mean_reward_progress,mean_reward_intrusion,mean_reward_path_efficiency,sum_reward_drift,sum_reward_progress,sum_reward_intrusion,sum_reward_path_efficiency,total_intrusions,terminated_waypoint,truncated,finished_at
1,11,-0.00913946676698073,-0.0017343145451937834,0.0,0.0,-0.10053413443678802,-0.01907745999713162,0.0,0.0,0,False,True,1764321057.7881796
2,120,-0.003453137790090295,0.07658647983697969,-1.1,0.0,-0.4143765348108354,9.190377580437563,-132.0,0.0,11,True,False,1764321098.1697383
3,70,-0.00974070364640158,-0.006464112977924636,0.0,0.0,-0.6818492552481106,-0.45248790845472453,0.0,0.0,0,False,True,1764321111.5184245
4,184,-0.007186643506739826,0.014338029031524004,0.0,0.0,-1.322342405240128,2.6381973418004168,0.0,0.0,0,False,True,1764321190.1216075
5,47,-0.0034365279324570855,0.1386403500776884,0.0,0.0,-0.16151681282548302,6.516096453651355,0.0,0.0,0,True,False,1764321204.7098765
