episode_index,steps,mean_reward_drift,mean_reward_progress,mean_reward_intrusion,mean_reward_path_efficiency,sum_reward_drift,sum_reward_progress,sum_reward_intrusion,sum_reward_path_efficiency,total_intrusions,terminated_waypoint,truncated,finished_at
1,86,-0.009583764749962339,-0.0032046460055218397,-2.7906976744186047,0.0,-0.8242037684967611,-0.2755995564748782,-240.0,0.0,20,False,True,1764321066.3033078
2,46,-0.004341273401506334,0.031125977606260805,-1.565217391304348,0.0,-0.19969857646929134,1.431794969887997,-72.0,0.0,6,False,True,1764321089.7241204
3,55,-0.00676729003746574,0.012371131678629643,-1.9636363636363636,0.0,-0.3722009520606157,0.6804122423246304,-108.0,0.0,9,False,True,1764321109.3399875
4,15,-0.01234579699263303,-0.009985266851115967,0.0,0.0,-0.18518695488949546,-0.1497790027667395,0.0,0.0,0,False,True,1764321168.6367166
5,31,-0.0058542526291871285,0.012115062765221134,0.0,0.0,-0.181481831504801,0.37556694572185517,0.0,0.0,0,False,True,1764321202.6586783
