episode_index,steps,mean_reward_drift,mean_reward_progress,mean_reward_intrusion,mean_reward_path_efficiency,sum_reward_drift,sum_reward_progress,sum_reward_intrusion,sum_reward_path_efficiency,total_intrusions,terminated_waypoint,truncated,finished_at
1,162,-0.011467238402294912,-0.012197494298801301,-0.8888888888888888,0.0,-1.8576926211717757,-1.9759940764058108,-144.0,0.0,12,False,True,1764321076.231113
2,35,-0.009909205442555132,-0.00460509889191431,0.0,0.0,-0.34682219048942964,-0.16117846121700086,0.0,0.0,0,False,True,1764321088.2922797
3,102,-0.008986288744938379,0.00384450133681163,-0.35294117647058826,0.0,-0.9166014519837147,0.39213913635478626,-36.0,0.0,3,False,True,1764321116.0216508
4,140,-0.004273369284282305,0.028936052215020488,-0.08571428571428572,0.0,-0.5982716997995227,4.051047310102868,-12.0,0.0,1,False,True,1764321184.5279822
5,27,-0.0015689523735649524,0.2194384256549504,-1.7777777777777777,0.0,-0.042361714086253714,5.92483749268366,-48.0,0.0,4,True,False,1764321202.1760097
