episode_index,steps,mean_reward_drift,mean_reward_progress,mean_reward_intrusion,mean_reward_path_efficiency,sum_reward_drift,sum_reward_progress,sum_reward_intrusion,sum_reward_path_efficiency,total_intrusions,terminated_waypoint,truncated,finished_at
1,157,-0.010140811972632733,-0.005427035742650646,-0.535031847133758,0.0,-1.592107479703339,-0.8520446115961514,-84.0,0.0,7,False,True,1764321075.3003125
2,41,-0.0036942643826592776,0.14708810452247945,0.0,0.0,-0.15146483968903038,6.0306122854216575,0.0,0.0,0,True,False,1764321088.9416895
3,46,-0.006189660378805337,0.01920118131226215,-0.782608695652174,0.0,-0.2847243774250455,0.883254340364059,-36.0,0.0,3,False,True,1764321108.1727254
4,67,-0.010736459557922693,-0.007364195071941521,-0.5373134328358209,0.0,-0.7193427903808204,-0.4934010698200819,-36.0,0.0,3,False,True,1764321175.4234774
5,85,-0.01113768556681894,-0.01099787167359007,-1.1294117647058823,0.0,-0.9467032731796099,-0.934819092255156,-96.0,0.0,8,False,True,1764321209.6035287
