episode_index,steps,mean_reward_drift,mean_reward_progress,mean_reward_intrusion,mean_reward_path_efficiency,sum_reward_drift,sum_reward_progress,sum_reward_intrusion,sum_reward_path_efficiency,total_intrusions,terminated_waypoint,truncated,finished_at
1,140,-0.007720864759087103,0.008423518542386607,0.0,0.0,-1.0809210662721944,1.179292595934125,0.0,0.0,0,False,True,1764321073.5732534
2,31,-0.0027828367129869645,0.19462899250733548,-3.4838709677419355,0.0,-0.0862679381025959,6.0334987677274,-108.0,0.0,9,True,False,1764321087.8646595
3,107,-0.012214731678229906,-0.012985357172769685,-0.3364485981308411,0.0,-1.3069762895705999,-1.3894332174863564,-36.0,0.0,3,False,True,1764321116.7256541
4,146,-0.007426957733645046,0.012458691597656908,0.0,0.0,-1.0843358291121767,1.8189689732579084,0.0,0.0,0,False,True,1764321185.2840738
5,103,-0.013538746537915747,-0.023980698132005075,-0.34951456310679613,0.0,-1.394490893405322,-2.470011907596523,-36.0,0.0,3,False,True,1764321211.9325953
