episode_index,steps,mean_reward_drift,mean_reward_progress,mean_reward_intrusion,mean_reward_path_efficiency,sum_reward_drift,sum_reward_progress,sum_reward_intrusion,sum_reward_path_efficiency,total_intrusions,terminated_waypoint,truncated,finished_at
1,51,-0.003985088022871437,0.029477620047202457,-0.9411764705882353,0.0,-0.2032394891664433,1.5033586224073252,-48.0,0.0,4,False,True,1764321062.6062582
2,35,-0.0017418766732051451,0.18299043626627984,0.0,0.0,-0.06096568356218008,6.4046652693197945,0.0,0.0,0,True,False,1764321088.2922797
3,80,-0.004547872130134157,0.023605823082703183,-3.6,0.0,-0.3638297704107325,1.8884658466162545,-288.0,0.0,24,False,True,1764321113.1923597
4,69,-0.012127592893855189,-0.017826152306560823,0.0,0.0,-0.836803909676008,-1.2300045091526968,0.0,0.0,0,False,True,1764321175.7273695
5,96,-0.0041493244157242625,0.028610764449827283,-1.5,0.0,-0.39833514390952923,2.746633387183419,-144.0,0.0,12,False,True,1764321211.1584778
