episode_index,steps,mean_reward_drift,mean_reward_progress,mean_reward_intrusion,mean_reward_proximity,sum_reward_drift,sum_reward_progress,sum_reward_intrusion,sum_reward_proximity,total_intrusions,terminated_waypoint,truncated,finished_at
1,93,-0.002708447083070242,-0.00226315162899523,0.0,0.0,-0.2518855787255325,-0.2104731014965564,0.0,0.0,0,False,True,1762870864.8724437
2,90,-0.002757564128045358,-0.0017768361760099464,0.0,0.0,-0.2481807715240822,-0.15991525584089517,0.0,0.0,0,False,True,1762870880.8024843
3,162,-0.002424765580400488,-0.0011829134697272042,-0.037037037037037035,-0.04101071362106715,-0.392812024024879,-0.1916319820958071,-6.0,-6.6437356066128785,2,False,True,1762870901.1646602
4,182,-0.0025694930204241302,0.0005434151365584185,0.0,-0.021176862507227428,-0.4676477297171917,0.09890155485363217,0.0,-3.854188976315392,0,False,True,1762870916.0240288
