episode_index,steps,mean_reward_drift,mean_reward_progress,mean_reward_intrusion,mean_reward_proximity,sum_reward_drift,sum_reward_progress,sum_reward_intrusion,sum_reward_proximity,total_intrusions,terminated_waypoint,truncated,finished_at
1,112,-0.0020505430496943577,0.0010004505691770724,0.0,-0.008949440514007352,-0.22966082156576806,0.11205046374783212,0.0,-1.0023373375688234,0,False,True,1762870865.4941666
2,230,-0.002367195232808228,-0.00011148206386602304,0.0,0.0,-0.5444549035458924,-0.0256408746891853,0.0,0.0,0,False,True,1762870890.2950625
3,190,-0.001971924594190526,-0.0026333717008515745,0.0,-0.009735127013995325,-0.37466567289619995,-0.5003406231617992,0.0,-1.849674132659112,0,False,True,1762870903.1115785
