episode_index,steps,mean_reward_drift,mean_reward_progress,mean_reward_intrusion,mean_reward_path_efficiency,mean_reward_boundary,mean_reward_step,mean_reward_proximity,sum_reward_drift,sum_reward_progress,sum_reward_intrusion,sum_reward_path_efficiency,sum_reward_boundary,sum_reward_step,sum_reward_proximity,total_intrusions,terminated_waypoint,terminated_collision,truncated,finished_at
1,26,-0.004833427168579937,-0.002210284771801591,0.0,0.0,-0.07692307692307693,-0.005000000000000001,0.0,-0.12566910638307835,-0.057467404066841365,0.0,0.0,-2.0,-0.13000000000000003,0.0,0,False,False,True,1764700202.340531
2,22,-0.003062518472410361,0.005213621091312454,-0.6818181818181818,0.0,0.0,-0.005000000000000001,0.10231981087001744,-0.06737540639302794,0.11469966400887399,-15.0,0.0,0.0,-0.11000000000000003,2.2510358391403837,1,False,True,False,1764700214.6036992
3,168,-0.004156781989910972,0.0005651440666481674,0.0,0.0,-0.011904761904761904,-0.005000000000000004,0.16421664844466355,-0.6983393743050432,0.09494420319689212,0.0,0.0,-2.0,-0.8400000000000006,27.588396938703475,0,False,False,True,1764700233.4115062
4,9,-0.0011654024668070538,0.009024244338366572,-1.6666666666666667,0.0,0.0,-0.005,0.21058736360938235,-0.010488622201263485,0.08121819904529914,-15.0,0.0,0.0,-0.045,1.8952862724844413,1,False,True,False,1764700264.814097
5,5,-0.005385452286035618,0.0003924034765406592,-3.0,0.0,0.0,-0.005,0.6676521887379563,-0.02692726143017809,0.001962017382703296,-15.0,0.0,0.0,-0.025,3.3382609436897814,1,False,True,False,1764700297.5841334
