episode_index,steps,mean_reward_drift,mean_reward_progress,mean_reward_intrusion,mean_reward_path_efficiency,mean_reward_boundary,mean_reward_step,mean_reward_proximity,sum_reward_drift,sum_reward_progress,sum_reward_intrusion,sum_reward_path_efficiency,sum_reward_boundary,sum_reward_step,sum_reward_proximity,total_intrusions,terminated_waypoint,terminated_collision,truncated,finished_at
1,13,-0.003827280455244828,0.0038709432485541074,-1.1538461538461537,0.0,0.0,-0.004999999999999999,0.1405682201540192,-0.049754645918182766,0.050322262231203396,-15.0,0.0,0.0,-0.06499999999999999,1.8273868620022495,1,False,True,False,1764700201.117521
2,29,-0.004099462415304081,0.0021186830166188084,0.0,0.0,-0.06896551724137931,-0.005000000000000002,0.001127761488557087,-0.11888441004381835,0.06144180748194544,0.0,0.0,-2.0,-0.14500000000000005,0.03270508316815553,0,False,False,True,1764700215.064219
3,44,-0.0036797123699710698,0.004264881045120423,0.0,0.0,-0.045454545454545456,-0.005000000000000003,0.0009593050150557259,-0.16190734427872708,0.18765476598529862,0.0,0.0,-2.0,-0.2200000000000001,0.04220942066245194,0,False,False,True,1764700225.861216
4,9,-0.00339859641258884,0.0035155178160222672,0.0,0.0,-0.2222222222222222,-0.005,0.0,-0.030587367713299562,0.031639660344200404,0.0,0.0,-2.0,-0.045,0.0,0,False,False,True,1764700264.814097
5,42,-0.003996116715637317,0.0012251772191371852,-0.35714285714285715,0.0,0.0,-0.005000000000000003,0.4857101585600562,-0.16783690205676732,0.05145744320376178,-15.0,0.0,0.0,-0.2100000000000001,20.39982665952236,1,False,True,False,1764700303.490682
