episode_index,steps,mean_reward_drift,mean_reward_progress,mean_reward_intrusion,mean_reward_path_efficiency,mean_reward_boundary,mean_reward_step,mean_reward_proximity,sum_reward_drift,sum_reward_progress,sum_reward_intrusion,sum_reward_path_efficiency,sum_reward_boundary,sum_reward_step,sum_reward_proximity,total_intrusions,terminated_waypoint,terminated_collision,truncated,finished_at
1,8,-0.0027721105050200557,0.007380694730998338,0.0,0.0,-0.25,-0.005,1.797790552108995e-05,-0.022176884040160445,0.05904555784798671,0.0,0.0,-2.0,-0.04,0.0001438232441687196,0,False,False,True,1764700200.7504606
2,27,-0.002343469609323007,0.006775328460409221,-6.111111111111111,0.0,0.0,-0.005000000000000001,0.5425754075492899,-0.06327367945172119,0.18293386843104897,-165.0,0.0,0.0,-0.13500000000000004,14.649536003830827,11,False,True,False,1764700214.861594
3,36,-0.0023772360654374654,0.008454930518268516,-0.4166666666666667,0.0,0.0,-0.005000000000000002,0.16315279173577524,-0.08558049835574875,0.30437749865766656,-15.0,0.0,0.0,-0.18000000000000008,5.873500502487909,1,False,True,False,1764700225.3990686
4,18,-0.0043302287541763665,0.00027784794962145326,0.0,0.0,-0.1111111111111111,-0.005000000000000001,0.0,-0.0779441175751746,0.005001263093186159,0.0,0.0,-2.0,-0.09000000000000001,0.0,0,False,False,True,1764700266.0070362
5,85,-0.0054839396483723915,-0.0009677802771132981,0.0,0.0,0.0,-0.005000000000000003,0.06620034113224349,-0.4661348701116533,-0.08226132355463034,0.0,0.0,0.0,-0.42500000000000027,5.627028996240697,0,False,True,False,1764700309.5113175
