episode_index,steps,mean_reward_drift,mean_reward_progress,mean_reward_intrusion,mean_reward_path_efficiency,mean_reward_boundary,mean_reward_step,mean_reward_proximity,sum_reward_drift,sum_reward_progress,sum_reward_intrusion,sum_reward_path_efficiency,sum_reward_boundary,sum_reward_step,sum_reward_proximity,total_intrusions,terminated_waypoint,terminated_collision,truncated,finished_at
1,65,-0.0040300761136200045,0.0036186087768858813,0.0,0.0,0.0,-0.005000000000000003,0.033348398014302505,-0.2619549473853003,0.2352095704975823,0.0,0.0,0.0,-0.3250000000000002,2.167645870929663,0,False,True,False,1764700204.5730648
2,24,-0.003684558591728539,0.00425582079730889,-0.625,0.0,0.0,-0.005000000000000002,0.0805089215928451,-0.08842940620148494,0.10213969913541338,-15.0,0.0,0.0,-0.12000000000000004,1.9322141182282824,1,False,True,False,1764700214.6752
3,5,-0.0012218286017190404,0.00959439901676864,-3.0,0.0,0.0,-0.005,0.7447457601330807,-0.006109143008595202,0.0479719950838432,-15.0,0.0,0.0,-0.025,3.7237288006654032,1,False,True,False,1764700223.5595765
4,2,-0.00027338452558499257,0.00904780494701074,-7.5,0.0,0.0,-0.005,0.7736560636394618,-0.0005467690511699851,0.01809560989402148,-15.0,0.0,0.0,-0.01,1.5473121272789236,1,False,True,False,1764700263.9940832
5,51,-0.006087994463957017,-0.0013393803673272416,0.0,0.0,0.0,-0.005000000000000002,0.1042844164050355,-0.3104877176618079,-0.06830839873368932,0.0,0.0,0.0,-0.2550000000000001,5.318505236656811,0,False,True,False,1764700304.7004154
