episode_index,steps,mean_reward_drift,mean_reward_progress,mean_reward_intrusion,mean_reward_path_efficiency,mean_reward_boundary,mean_reward_step,mean_reward_proximity,sum_reward_drift,sum_reward_progress,sum_reward_intrusion,sum_reward_path_efficiency,sum_reward_boundary,sum_reward_step,sum_reward_proximity,total_intrusions,terminated_waypoint,terminated_collision,truncated,finished_at
1,159,-0.004519632682385685,0.0005953717083807304,-0.660377358490566,0.0,-0.012578616352201259,-0.005000000000000004,0.31510052718024256,-0.718621596499324,0.09466410163253614,-105.0,0.0,-2.0,-0.7950000000000006,50.100983821658566,7,False,False,True,1764700209.8776891
2,22,-0.003087502715604387,0.005071369092721939,0.0,0.0,0.0,-0.005000000000000001,0.10231981087001744,-0.06792505974329652,0.11157012003988265,0.0,0.0,0.0,-0.11000000000000003,2.2510358391403837,0,False,True,False,1764700214.6036992
3,216,-0.004257419466777118,0.0016355439873775818,0.0,0.0,-0.009259259259259259,-0.004999999999999995,0.10810344008520749,-0.9196026048238575,0.35327750127355767,0.0,0.0,-2.0,-1.079999999999999,23.350343058404817,0,False,False,True,1764700239.6272867
4,50,-0.005001339605764369,-0.0013662237267611378,-0.3,0.0,0.0,-0.005000000000000002,0.307115946543448,-0.25006698028821844,-0.06831118633805688,-15.0,0.0,0.0,-0.2500000000000001,15.3557973271724,1,False,True,False,1764700270.3037686
5,15,-0.005372355197056373,-0.0003629754135698956,-1.0,0.0,0.0,-0.005,0.3826106524826359,-0.0805853279558456,-0.0054446312035484334,-15.0,0.0,0.0,-0.075,5.739159787239539,1,False,True,False,1764700299.082511
