episode_index,steps,mean_reward_drift,mean_reward_progress,mean_reward_intrusion,mean_reward_path_efficiency,mean_reward_boundary,mean_reward_step,mean_reward_proximity,sum_reward_drift,sum_reward_progress,sum_reward_intrusion,sum_reward_path_efficiency,sum_reward_boundary,sum_reward_step,sum_reward_proximity,total_intrusions,terminated_waypoint,terminated_collision,truncated,finished_at
1,3,-0.0019402281745743947,0.00875498223408333,-5.0,0.0,0.0,-0.005,0.6127553550920634,-0.005820684523723184,0.02626494670224999,-15.0,0.0,0.0,-0.015,1.8382660652761902,1,False,True,False,1764700200.0660155
2,4,-0.0027019377452413987,0.007233449993417573,-3.75,0.0,0.0,-0.005,0.6912677665097756,-0.010807750980965595,0.028933799973670293,-15.0,0.0,0.0,-0.02,2.7650710660391025,1,False,True,False,1764700213.4273927
3,6,-0.0025013725301940098,0.006355373656754658,-2.5,0.0,0.0,-0.005,0.37774966070733096,-0.015008235181164058,0.038132241940527944,-15.0,0.0,0.0,-0.030000000000000002,2.2664979642439858,1,False,True,False,1764700223.5856798
4,234,-0.005644975148014677,-0.0025976590518134893,0.0,0.0,-0.008547008547008548,-0.004999999999999987,0.16207960956127765,-1.3209241846354345,-0.6078522181243565,0.0,0.0,-2.0,-1.169999999999997,37.92662863733897,0,False,False,True,1764700296.5397823
