episode_index,steps,mean_reward_drift,mean_reward_progress,mean_reward_intrusion,mean_reward_path_efficiency,mean_reward_boundary,mean_reward_step,mean_reward_proximity,sum_reward_drift,sum_reward_progress,sum_reward_intrusion,sum_reward_path_efficiency,sum_reward_boundary,sum_reward_step,sum_reward_proximity,total_intrusions,terminated_waypoint,terminated_collision,truncated,finished_at
1,33,-0.005185270544972426,-0.003178933740601294,0.0,0.0,0.0,-0.005000000000000002,0.08990373394831286,-0.17111392798409006,-0.1049048134398427,0.0,0.0,0.0,-0.16500000000000006,2.9668232202943243,0,False,True,False,1764700202.7798336
2,44,-0.003259693788689612,0.0049288729269844215,0.0,0.0,0.0,-0.005000000000000003,0.06861511978905697,-0.14342652670234293,0.21687040878731456,0.0,0.0,0.0,-0.2200000000000001,3.0190652707185066,0,False,True,False,1764700216.216231
3,7,-0.0007292915925489268,0.014482539321025658,-2.142857142857143,0.0,0.0,-0.005,0.29935670253945645,-0.005105041147842488,0.10137777524717961,-15.0,0.0,0.0,-0.035,2.0954969177761953,1,False,True,False,1764700223.6171036
4,59,-0.006441084223741955,-0.002516382377830917,0.0,0.0,-0.03389830508474576,-0.005000000000000003,0.03799698926068514,-0.38002396920077536,-0.1484665602920241,0.0,0.0,-2.0,-0.29500000000000015,2.2418223663804233,0,False,False,True,1764700271.3287926
5,5,-0.00377199942909688,0.0027095381162343113,-3.0,0.0,0.0,-0.005,0.6676521887379563,-0.0188599971454844,0.013547690581171556,-15.0,0.0,0.0,-0.025,3.3382609436897814,1,False,True,False,1764700297.587128
