episode_index,steps,mean_reward_drift,mean_reward_progress,mean_reward_intrusion,mean_reward_path_efficiency,mean_reward_boundary,mean_reward_step,mean_reward_proximity,sum_reward_drift,sum_reward_progress,sum_reward_intrusion,sum_reward_path_efficiency,sum_reward_boundary,sum_reward_step,sum_reward_proximity,total_intrusions,terminated_waypoint,terminated_collision,truncated,finished_at
1,7,-0.0017229598667799584,0.0066937650777885,-2.142857142857143,0.0,0.0,-0.005,0.3757954899893419,-0.012060719067459709,0.0468563555445195,-15.0,0.0,0.0,-0.035,2.6305684299253933,1,False,True,False,1764700200.5902615
2,30,-0.00251357119146011,0.00745980666227631,0.0,0.0,-0.06666666666666667,-0.005000000000000002,0.0,-0.0754071357438033,0.2237941998682893,0.0,0.0,-2.0,-0.15000000000000005,0.0,0,False,False,True,1764700215.0969481
3,50,-0.00483243663852007,-0.002095338587328803,0.0,0.0,-0.04,-0.005000000000000002,0.0,-0.2416218319260035,-0.10476692936644016,0.0,0.0,-2.0,-0.2500000000000001,0.0,0,False,False,True,1764700226.1855853
4,17,-0.0042991877923493444,0.0004500659176711477,-0.8823529411764706,0.0,0.0,-0.005,0.12199728389386642,-0.07308619246993886,0.007651120600409511,-15.0,0.0,0.0,-0.085,2.073953826195729,1,False,True,False,1764700265.9708033
5,6,-0.004908514166264661,0.0004806225431974546,0.0,0.0,-0.3333333333333333,-0.005,0.0,-0.029451084997587966,0.0028837352591847276,0.0,0.0,-2.0,-0.030000000000000002,0.0,0,False,False,True,1764700297.6404293
