episode_index,steps,mean_reward_drift,mean_reward_progress,mean_reward_intrusion,sum_reward_drift,sum_reward_progress,sum_reward_intrusion,finished_at
1,99,-0.14749693366256147,0.0,0.0,-14.602196432593587,0.0,0.0,1761043112.9174812
2,25,-0.16831434459952666,0.0,0.0,-4.207858614988166,0.0,0.0,1761043113.3644538
3,43,-0.1078434946583607,0.0,0.0,-4.63727027030951,0.0,0.0,1761043149.9478061
4,3,-0.06025486918465522,0.3333333333333333,-0.6666666666666666,-0.18076460755396564,1.0,-2.0,1761043150.494462
5,23,-0.08969230720511018,0.0,-0.043478260869565216,-2.062923065717534,0.0,-1.0,1761043151.8907487
6,34,-0.2127578695784901,0.0,0.0,-7.233767565668663,0.0,0.0,1761043185.8689563
7,40,-0.13153016830432598,0.0,0.0,-5.261206732173039,0.0,0.0,1761043187.2162735
8,10,-0.09004921024170509,0.0,0.0,-0.9004921024170509,0.0,0.0,1761043221.4608068
9,59,-0.12221714645635978,0.0,-0.01694915254237288,-7.210811640925227,0.0,-1.0,1761043223.1963828
