episode_index,steps,mean_reward_drift,mean_reward_progress,mean_reward_intrusion,sum_reward_drift,sum_reward_progress,sum_reward_intrusion,finished_at
1,127,-0.16188578824306957,0.0,0.0,-20.559495106869836,0.0,0.0,1761043113.236021
2,179,-0.1624135920745599,0.0,0.0,-29.072032981346222,0.0,0.0,1761043150.726234
3,78,-0.126054568993798,0.0,-0.01282051282051282,-9.832256381516244,0.0,-1.0,1761043151.9512696
4,14,-0.1630713283722394,0.0,-0.07142857142857142,-2.2829985972113516,0.0,-1.0,1761043152.2435138
5,75,-0.1456094192864052,0.0,0.0,-10.92070644648039,0.0,0.0,1761043185.5350885
