episode_index,steps,mean_reward_drift,mean_reward_progress,mean_reward_intrusion,sum_reward_drift,sum_reward_progress,sum_reward_intrusion,finished_at
1,50,-0.18578005523417396,0.0,0.0,-9.289002761708698,0.0,0.0,1761043112.282775
2,9,-0.06507279584668296,0.0,-0.3333333333333333,-0.5856551626201467,0.0,-3.0,1761043113.4074306
3,8,-0.15958049434276533,0.0,0.0,-1.2766439547421227,0.0,0.0,1761043150.904778
4,28,-0.0669524263808478,0.0,-0.14285714285714285,-1.8746679386637382,0.0,-4.0,1761043152.4814653
5,31,-0.1876675603766341,0.0,0.0,-5.817694371675657,0.0,0.0,1761043184.9160538
6,58,-0.1571014136013877,0.0,-0.05172413793103448,-9.111881988880487,0.0,-3.0,1761043186.490817
