episode_index,steps,mean_reward_drift,mean_reward_progress,mean_reward_intrusion,sum_reward_drift,sum_reward_progress,sum_reward_intrusion,finished_at
1,32,-0.2165767420620029,0.0,0.0,-6.9304557459840925,0.0,0.0,1761043112.0681055
2,57,-0.17423136114063603,0.0,-0.05263157894736842,-9.931187585016254,0.0,-3.0,1761043114.0770922
3,8,-0.15220549970962774,0.0,0.0,-1.217643997677022,0.0,0.0,1761043150.904778
4,39,-0.13299785322124383,0.0,-0.02564102564102564,-5.186916275628509,0.0,-1.0,1761043184.3084118
5,27,-0.09750821884261948,0.0,-0.037037037037037035,-2.632721908750726,0.0,-1.0,1761043184.856316
6,22,-0.10117666242826028,0.0,0.0,-2.225886573421726,0.0,0.0,1761043185.9309607
7,164,-0.14300613479509333,0.0,-0.018292682926829267,-23.453006106395307,0.0,-3.0,1761043222.2239914
