episode_index,steps,mean_reward_drift,mean_reward_progress,mean_reward_intrusion,sum_reward_drift,sum_reward_progress,sum_reward_intrusion,total_intrusions,finished_at
1,9,-0.17406450751648073,0.0,0.0,-1.5665805676483264,0.0,0.0,0,1761049212.001065
2,15,-0.20753342646559686,0.0,0.0,-3.113001396983953,0.0,0.0,0,1761049213.037118
3,162,-0.15026378090442297,0.0,0.0,-24.34273250651652,0.0,0.0,0,1761049250.2483647
4,86,-0.1277252275163247,0.011627906976744186,-0.011627906976744186,-10.984369566403924,1.0,-1.0,1,1761049251.5307992
