episode_index,steps,mean_reward_drift,mean_reward_progress,mean_reward_intrusion,sum_reward_drift,sum_reward_progress,sum_reward_intrusion,finished_at
1,75,-0.13656448147917322,0.00433836775566017,0.0,-10.242336110937991,0.32537758167451275,0.0,1760947064.3540869
2,5,-0.09577241000191923,0.01596023972809261,0.0,-0.47886205000959614,0.07980119864046306,0.0,1760947064.475828
3,4,-0.10326548903655808,0.015707509027156726,0.0,-0.4130619561462323,0.0628300361086269,0.0,1760947065.4316814
4,26,-0.1806944166611301,-0.0023481546047152304,0.0,-4.698054833189382,-0.061052019722595996,0.0,1760947066.5480256
5,19,-0.18811551305278162,-0.0038327392664132777,-0.3157894736842105,-3.574194748002851,-0.07282204606185227,-6.0,1760947067.614571
6,53,-0.12015841306672673,0.0061129897076661055,0.0,-6.368395892536516,0.3239884545063036,0.0,1760947068.7585049
7,35,-0.06737139114736788,0.016968953042226963,0.0,-2.357998690157876,0.5939133564779437,0.0,1760947135.699529
8,4,-0.05920926785643557,0.02107766446600566,0.0,-0.23683707142574228,0.08431065786402264,0.0,1760947136.3525672
9,103,-0.127963449985933,0.004031460159091212,-0.14563106796116504,-13.1802353485511,0.41524039638639487,-15.0,1760947138.554674
