episode_index,steps,mean_reward_drift,mean_reward_progress,mean_reward_intrusion,sum_reward_drift,sum_reward_progress,sum_reward_intrusion,finished_at
1,17,-0.11633117805652263,0.008553607646931631,0.0,-1.9776300269608846,0.14541132999783773,0.0,1760947063.6781602
2,57,-0.17078873926220536,-0.0016961997359164803,0.0,-9.734958137945705,-0.09668338494723938,0.0,1760947065.234345
3,25,-0.09995273658267115,0.010519689757757092,-0.48,-2.4988184145667787,0.2629922439439273,-12.0,1760947065.7514248
4,11,-0.08653584157551322,0.016162230008639287,0.0,-0.9518942573306455,0.17778453009503217,0.0,1760947066.3318772
5,11,-0.18211811885916684,-0.003381586401562442,0.0,-2.003299307450835,-0.03719745041718686,0.0,1760947067.4788818
6,35,-0.21833392905897717,-0.010338850249738999,0.0,-7.6416875170642005,-0.36185975874086496,0.0,1760947068.5194213
7,4,-0.14075868486687423,0.010243378251274133,0.0,-0.5630347394674969,0.04097351300509653,0.0,1760947069.1647851
8,45,-0.17302507120250465,-0.002879114320741944,-0.13333333333333333,-7.78612820411271,-0.12956014443338748,-6.0,1760947137.0213249
