episode_index,steps,mean_reward_drift,mean_reward_progress,mean_reward_intrusion,sum_reward_drift,sum_reward_progress,sum_reward_intrusion,finished_at
1,10,-0.22699806381687454,-0.01056227696546209,0.0,-2.2699806381687453,-0.10562276965462089,0.0,1760947063.5804863
2,19,-0.09043208652931355,0.013186864557465714,0.0,-1.7182096440569574,0.25055042659184856,0.0,1760947064.6881752
3,57,-0.15878166119653384,-0.0008389275307738109,-0.21052631578947367,-9.050554688202428,-0.04781886925410722,-12.0,1760947066.147175
4,18,-0.19770066464828823,-0.0066475991984098854,0.0,-3.558611963669188,-0.11965678557137793,0.0,1760947066.427926
5,22,-0.0733596984290653,0.016081149155460443,0.0,-1.6139133654394366,0.35378528142012977,0.0,1760947067.659837
6,50,-0.15701644173243645,0.0006913098937178841,0.0,-7.850822086621823,0.034565494685894205,0.0,1760947068.719557
7,72,-0.20742294387885107,-0.007418214776757117,0.0,-14.934451959277277,-0.5341114639265124,0.0,1760947136.2494779
