episode_index,steps,mean_reward_drift,mean_reward_progress,mean_reward_intrusion,mean_reward_proximity,sum_reward_drift,sum_reward_progress,sum_reward_intrusion,sum_reward_proximity,total_intrusions,terminated_waypoint,truncated,finished_at
1,49,-0.0034845112182883275,-0.005348420482859002,0.0,-0.00468715311425633,-0.17074104969612805,-0.2620726036600911,0.0,-0.2296705025985602,0,False,True,1762852902.0257163
2,273,-0.002315088457868816,-0.00047876311793782546,-0.01098901098901099,-0.013625216871075692,-0.6320191489981868,-0.13070233119702634,-3.0,-3.719684205803664,1,False,True,1762852928.369983
3,53,-0.002017975330100998,0.00014868836684871656,0.0,0.0,-0.1069526924953529,0.007880483442981978,0.0,0.0,0,False,True,1762852955.3202713
4,80,-0.0029731189073139925,-0.0020182216921617356,0.0,-0.019320166182837616,-0.23784951258511938,-0.16145773537293884,0.0,-1.5456132946270094,0,False,True,1762852983.564223
5,204,-0.00278117099928199,-0.0020547091383593527,-0.04411764705882353,-0.012645980766818136,-0.567358883853526,-0.41916066422530796,-9.0,-2.5797800764309,3,False,True,1762853045.006794
6,266,-0.001682199821856191,-0.002519207049579475,-0.011278195488721804,-0.00903007153326996,-0.4474651526137468,-0.6701090751881403,-3.0,-2.4019990278498096,1,False,True,1762853101.887959
7,63,-0.0026274629814385018,-0.0023778672595284878,0.0,0.0,-0.1655301678306256,-0.14980563735029473,0.0,0.0,0,False,True,1762853127.694885
8,227,-0.0016113505267709364,0.003933457997496706,0.0,0.0,-0.36577656957700255,0.8928949654317523,0.0,0.0,0,True,False,1762853212.8514447
