episode_index,steps,mean_reward_drift,mean_reward_progress,mean_reward_intrusion,sum_reward_drift,sum_reward_progress,sum_reward_intrusion,total_intrusions,finished_at
1,58,-0.193518791096674,0.0,-0.017241379310344827,-11.224089883607093,0.0,-1.0,1,1761055180.367862
2,16,-0.18181161665590523,0.0,0.0,-2.9089858664944837,0.0,0.0,0,1761055181.002276
3,35,-0.14613209697549748,0.0,0.0,-5.114623394142412,0.0,0.0,0,1761055181.9072196
