episode_index,steps,mean_reward_drift,mean_reward_progress,mean_reward_intrusion,mean_reward_proximity,sum_reward_drift,sum_reward_progress,sum_reward_intrusion,sum_reward_proximity,total_intrusions,terminated_waypoint,truncated,finished_at
1,72,-0.002050891158041869,-0.0002967060987421919,0.0,-0.0005490619770914408,-0.14766416337901458,-0.021362839109437814,0.0,-0.03953246235058374,0,False,True,1762870445.298119
2,75,-0.0019286777645860676,0.0011792836731354642,0.0,-0.00607622983977102,-0.14465083234395507,0.08844627548515982,0.0,-0.4557172379828265,0,False,True,1762870471.720046
3,219,-0.003157413551574176,-0.003390770948082351,0.0,-0.0017266237183343326,-0.6914735677947446,-0.7425788376300348,0.0,-0.37813059431521884,0,False,True,1762870489.646999
