episode_index,steps,mean_reward_drift,mean_reward_progress,mean_reward_intrusion,mean_reward_proximity,sum_reward_drift,sum_reward_progress,sum_reward_intrusion,sum_reward_proximity,total_intrusions,terminated_waypoint,truncated,finished_at
1,166,-0.002301818317928085,-0.0007999402301567601,0.0,-0.009088094629906677,-0.38210184077606213,-0.13279007820602218,0.0,-1.5086237085645084,0,False,True,1762869444.6884096
2,400,-0.002358210143576079,0.00046477574492292397,0.0,0.0,-0.9432840574304315,0.18591029796916958,0.0,0.0,0,False,True,1762869479.6958532
