episode_index,steps,mean_reward_drift,mean_reward_progress,mean_reward_intrusion,mean_reward_proximity,sum_reward_drift,sum_reward_progress,sum_reward_intrusion,sum_reward_proximity,total_intrusions,terminated_waypoint,truncated,finished_at
1,139,-0.002175947023236872,-0.0004563168074707072,-0.02158273381294964,-0.012380710099786092,-0.30245663622992525,-0.0634280362384283,-3.0,-1.720918703870267,1,False,True,1762858283.6075811
2,154,-0.00297116258077842,-0.0031391643202820407,0.0,0.0,-0.4575590374398767,-0.48343130532343426,0.0,0.0,0,False,True,1762858299.81968
3,19,-0.002394278595282135,-0.0008490055221506085,0.0,0.0,-0.045491293310360566,-0.01613110492086156,0.0,0.0,0,False,True,1762858301.362853
4,68,-0.0027935603597675535,-0.0017670758728965887,0.0,-0.02296858076262644,-0.18996210446419365,-0.12016115935696803,0.0,-1.5618634918585979,0,False,True,1762858331.163888
5,142,-0.0019554882550847116,-2.1716375228247796e-05,0.0,-0.005362115874265171,-0.27767933222202906,-0.003083725282411187,0.0,-0.7614204541456543,0,False,True,1762858362.1107128
6,384,-0.0025373454097056057,0.001178004562426083,-0.015625,-0.011044363807079025,-0.9743406373269525,0.45235375197161587,-6.0,-4.241035701918346,2,False,True,1762858407.5224202
