episode_index,steps,mean_reward_drift,mean_reward_progress,mean_reward_intrusion,sum_reward_drift,sum_reward_progress,sum_reward_intrusion,finished_at
1,55,-0.11865891914517991,0.0,-0.05454545454545454,-6.526240552984895,0.0,-3.0,1761040920.6283345
2,124,-0.1861418936376838,0.0,-0.008064516129032258,-23.08159481107279,0.0,-1.0,1761040922.5007484
