episode_index,steps,mean_reward_drift,mean_reward_progress,mean_reward_intrusion,sum_reward_drift,sum_reward_progress,sum_reward_intrusion,total_intrusions,finished_at
1,10,-0.06376661975566597,0.0,0.0,-0.6376661975566597,0.0,0.0,0,1761054471.8894806
2,24,-0.052008027130352075,0.0,-0.125,-1.2481926511284498,0.0,-3.0,3,1761054472.77514
3,8,-0.15144650340089294,0.0,0.0,-1.2115720272071435,0.0,0.0,0,1761054473.2636006
4,16,-0.18217854220491692,0.0,-0.125,-2.9148566752786707,0.0,-2.0,2,1761054474.0249503
5,83,-0.1712561293998737,0.0,0.0,-14.214258740189518,0.0,0.0,0,1761054513.1223638
6,38,-0.2080600617985324,0.0,0.0,-7.906282348344231,0.0,0.0,0,1761054513.7643702
