episode_index,steps,mean_reward_drift,mean_reward_progress,mean_reward_intrusion,sum_reward_drift,sum_reward_progress,sum_reward_intrusion,total_intrusions,finished_at
1,34,-0.16882486148595152,0.0,0.0,-5.740045290522351,0.0,0.0,0,1761054472.2462516
2,20,-0.1715567066894117,0.0,0.0,-3.431134133788234,0.0,0.0,0,1761054472.7107983
3,37,-0.14616659375983962,0.0,0.0,-5.4081639691140655,0.0,0.0,0,1761054473.6799004
4,145,-0.15720336763584608,0.0,0.0,-22.794488307197682,0.0,0.0,0,1761054511.8736064
