episode_index,steps,mean_reward_drift,mean_reward_progress,mean_reward_intrusion,mean_reward_proximity,sum_reward_drift,sum_reward_progress,sum_reward_intrusion,sum_reward_proximity,total_intrusions,terminated_waypoint,truncated,finished_at
1,208,-0.0018487787470165297,0.0027493988613758857,0.0,-0.0005593369133177535,-0.3845459793794382,0.5718749631661842,0.0,-0.11634207797009272,0,False,True,1762858288.0172684
2,64,-0.0017906497143875954,-5.000523413726046e-05,-0.046875,-0.011213253734676298,-0.1146015817208061,-0.0032003349847846696,-3.0,-0.7176482390192831,1,False,True,1762858304.5702388
3,112,-0.0029117557537525697,-0.003114785953538853,0.0,-0.006219784570382398,-0.3261166444202878,-0.3488560267963515,0.0,-0.6966158718828286,0,False,True,1762858327.1542199
4,101,-0.0019260266215479949,-0.0027643874194414656,0.0,-0.00010628648512834845,-0.1945286887763475,-0.27920312936358804,0.0,-0.010734934997963195,0,False,True,1762858366.8072407
5,99,-0.0025060718560381435,-0.0015175046531290491,-0.030303030303030304,-0.03734319270094388,-0.24810111374777621,-0.15023296065977587,-3.0,-3.6969760773934435,1,False,True,1762858376.9058645
6,288,-0.002606133748124665,-0.001101278270904947,-0.010416666666666666,-0.010093731760168837,-0.7505665194599036,-0.3171681420206247,-3.0,-2.9069947469286253,1,False,True,1762858405.6202862
