episode_index,steps,mean_reward_drift,mean_reward_progress,mean_reward_intrusion,sum_reward_drift,sum_reward_progress,sum_reward_intrusion,finished_at
1,6,-0.09556190365537816,0.016472135053228767,0.0,-0.573371421932269,0.0988328103193726,0.0,1760947063.5224745
2,6,-0.06085151995191066,0.019378044829494793,0.0,-0.365109119711464,0.11626826897696876,0.0,1760947064.4188452
3,12,-0.14629049416579484,0.002369143468040911,0.0,-1.755485929989538,0.028429721616490933,0.0,1760947065.5044854
4,137,-0.15299963759283478,0.0014835052592108767,-0.08759124087591241,-20.960950350218365,0.2032402205118901,-12.0,1760947068.2404296
