episode_index,steps,mean_reward_drift,mean_reward_progress,mean_reward_intrusion,sum_reward_drift,sum_reward_progress,sum_reward_intrusion,finished_at
1,5,-0.10982687578304669,0.014045355618224686,0.0,-0.5491343789152334,0.07022677809112343,0.0,1760947063.5079103
2,78,-0.13603078215538802,0.005024677485218009,-0.15384615384615385,-10.610401008120265,0.3919248438470047,-12.0,1760947065.289249
3,24,-0.2022923423381829,-0.005853280924547254,0.0,-4.85501621611639,-0.1404787421891341,0.0,1760947065.7111592
4,9,-0.1768920327205006,-0.0025130607064549368,0.0,-1.5920282944845054,-0.02261754635809443,0.0,1760947066.5113041
5,66,-0.16737749740614913,-0.0018346073699699258,0.0,-11.046914828805843,-0.1210840864180151,0.0,1760947069.263751
6,179,-0.15804067221891951,0.0005697714222323797,-0.01675977653631285,-28.289280327186592,0.10198908457959596,-3.0,1760947138.4987714
