episode_index,steps,mean_reward_drift,mean_reward_progress,mean_reward_intrusion,sum_reward_drift,sum_reward_progress,sum_reward_intrusion,finished_at
1,25,-0.19812943443875708,-0.006047342274709755,-0.24,-4.953235860968927,-0.15118355686774387,-6.0,1760947063.7705812
2,37,-0.1464723183149592,0.0030108983218231035,-0.40540540540540543,-5.41947577765349,0.11140323790745484,-15.0,1760947064.8214245
3,74,-0.1891774872979865,-0.004352813436149554,0.0,-13.999134060051002,-0.322108194275067,0.0,1760947066.352445
4,5,-0.1122282117479213,0.01509022411198696,0.0,-0.5611410587396065,0.0754511205599348,0.0,1760947066.4515777
5,105,-0.1538548533600647,0.000389704838267286,0.0,-16.15475960280679,0.04091900801806503,0.0,1760947136.0304906
