episode_index,steps,mean_reward_drift,mean_reward_progress,mean_reward_intrusion,mean_reward_path_efficiency,sum_reward_drift,sum_reward_progress,sum_reward_intrusion,sum_reward_path_efficiency,total_intrusions,terminated_waypoint,truncated,finished_at
1,86,-0.004294823279185818,0.03182274596584409,-0.4186046511627907,0.0,-0.3693548020099804,2.736756153062592,-36.0,0.0,3,False,True,1764321066.3138273
2,97,-0.006457284041304619,0.015644316191341347,-0.3711340206185567,0.0,-0.626356552006548,1.5174986705601106,-36.0,0.0,3,False,True,1764321099.8305035
3,75,-0.008883452518149591,-0.0026865645211940977,0.0,0.0,-0.6662589388612193,-0.20149233908955733,0.0,0.0,0,False,True,1764321117.544374
4,80,-0.009394138236677266,-0.003920890865702596,0.0,0.0,-0.7515310589341813,-0.3136712692562077,0.0,0.0,0,False,True,1764321191.6558099
5,30,-0.005019823796778568,0.027900090955715256,0.0,0.0,-0.15059471390335705,0.8370027286714576,0.0,0.0,0,False,True,1764321211.9724636
