episode_index,steps,mean_reward_drift,mean_reward_progress,mean_reward_intrusion,mean_reward_path_efficiency,sum_reward_drift,sum_reward_progress,sum_reward_intrusion,sum_reward_path_efficiency,total_intrusions,terminated_waypoint,truncated,finished_at
1,117,-0.004619167673090839,0.023257411410564123,-0.3076923076923077,0.0,-0.5404426177516282,2.7211171350360024,-36.0,0.0,3,False,True,1764321070.3145351
2,105,-0.009152056468044694,-0.0008158051947634092,-0.45714285714285713,0.0,-0.9609659291446928,-0.08565954545015797,-48.0,0.0,4,False,True,1764321100.4379854
3,300,-0.008417903738700497,0.005145282202991052,-0.12,0.0,-2.5253711216101493,1.5435846608973156,-36.0,0.0,3,False,True,1764321181.3933995
