episode_index,steps,mean_reward_drift,mean_reward_progress,mean_reward_intrusion,mean_reward_path_efficiency,sum_reward_drift,sum_reward_progress,sum_reward_intrusion,sum_reward_path_efficiency,total_intrusions,terminated_waypoint,truncated,finished_at
1,256,-0.009005736032993069,0.00347779805031,-0.28125,0.0,-2.3054684244462256,0.89031630087936,-72.0,0.0,6,False,True,1764321088.5565088
2,78,-0.005910707749958279,0.02110259000147741,-0.3076923076923077,0.0,-0.46103520449674573,1.6460020201152379,-24.0,0.0,2,False,True,1764321097.6551244
3,163,-0.011723860116292232,-0.01205465011584915,-0.44171779141104295,0.0,-1.9109891989556338,-1.9649079688834115,-72.0,0.0,6,False,True,1764321164.1331542
4,205,-0.007426391382505714,0.011699868670637817,0.0,0.0,-1.5224102334136713,2.3984730774807526,0.0,0.0,0,False,True,1764321208.076691
