episode_index,steps,mean_reward_drift,mean_reward_progress,mean_reward_intrusion,mean_reward_path_efficiency,sum_reward_drift,sum_reward_progress,sum_reward_intrusion,sum_reward_path_efficiency,total_intrusions,terminated_waypoint,truncated,finished_at
1,207,-0.011995800241810956,-0.012782600331598294,0.0,0.0,-2.4831306500548678,-2.645998268640847,0.0,0.0,0,False,True,1764321082.7275245
2,81,-0.0027410678591892786,0.09752026258809744,0.0,0.0,-0.22202649659433157,7.8991412696358925,0.0,0.0,0,True,False,1764321097.9743428
3,38,-0.0065542331329897716,0.015379918220997397,0.0,0.0,-0.24906085905361133,0.5844368923979011,0.0,0.0,0,False,True,1764321112.8390238
4,164,-0.008680688184147441,0.0034129202157599623,-0.14634146341463414,0.0,-1.4236328622001804,0.5597189153846338,-24.0,0.0,2,False,True,1764321202.599804
5,47,-0.006275404208832592,0.018120919263361773,0.0,0.0,-0.2949439978151318,0.8516832053780033,0.0,0.0,0,False,True,1764321214.1339555
