episode_index,steps,mean_reward_drift,mean_reward_progress,mean_reward_intrusion,mean_reward_path_efficiency,sum_reward_drift,sum_reward_progress,sum_reward_intrusion,sum_reward_path_efficiency,total_intrusions,terminated_waypoint,truncated,finished_at
1,102,-0.011391647491168706,-0.012156013288329461,-0.8235294117647058,0.0,-1.161948044099208,-1.2399133554096051,-84.0,0.0,7,False,True,1764321067.6564698
2,162,-0.010410590662070965,-0.006338989068793063,-0.14814814814814814,0.0,-1.6865156872554963,-1.0269162291444762,-24.0,0.0,2,False,True,1764321107.2415557
