episode_index,steps,mean_reward_drift,mean_reward_progress,mean_reward_intrusion,mean_reward_path_efficiency,sum_reward_drift,sum_reward_progress,sum_reward_intrusion,sum_reward_path_efficiency,total_intrusions,terminated_waypoint,truncated,finished_at
1,118,-0.01013938744653038,-0.007431139386728199,0.0,0.0,-1.1964477186905849,-0.8768744476339274,0.0,0.0,0,False,True,1764321070.3582358
2,71,-0.011493486376769033,-0.015290719378433452,-0.3380281690140845,0.0,-0.8160375327506014,-1.0856410758687751,-24.0,0.0,2,False,True,1764321097.0115001
3,35,-0.0027843965519526435,0.1776705907844362,-1.3714285714285714,0.0,-0.09745387931834253,6.218470677455267,-48.0,0.0,4,True,False,1764321112.2597485
4,111,-0.005243774730391875,0.06992820230289416,-0.8648648648648649,0.0,-0.5820589950734981,7.762030455621252,-96.0,0.0,8,True,False,1764321195.5497372
5,31,-0.002449521106288081,0.18207452824459605,0.0,0.0,-0.0759351542949305,5.644310375582478,0.0,0.0,0,True,False,1764321212.0148714
