episode_index,steps,mean_reward_drift,mean_reward_progress,mean_reward_intrusion,mean_reward_path_efficiency,sum_reward_drift,sum_reward_progress,sum_reward_intrusion,sum_reward_path_efficiency,total_intrusions,terminated_waypoint,truncated,finished_at
1,120,-0.013632881532767049,-0.015990775270979907,0.0,0.0,-1.635945783932046,-1.918893032517589,0.0,0.0,0,False,True,1764321071.0218005
2,111,-0.007753787306319692,0.008071232665882479,0.0,0.0,-0.8606703910014858,0.8959068259129552,0.0,0.0,0,False,True,1764321101.0127792
3,141,-0.011597286715889533,-0.014151710886959093,-0.425531914893617,0.0,-1.6352174269404243,-1.995391235061232,-60.0,0.0,5,False,True,1764321161.352288
4,157,-0.0044041078623753265,0.027545281798924015,-0.22929936305732485,0.0,-0.6914449343929263,4.3246092424310705,-36.0,0.0,3,False,True,1764321201.777968
5,40,-0.006081013739494276,0.01745230968302687,0.0,0.0,-0.24324054957977104,0.6980923873210748,0.0,0.0,0,False,True,1764321213.0974705
