episode_index,steps,mean_reward_drift,mean_reward_progress,mean_reward_intrusion,mean_reward_path_efficiency,sum_reward_drift,sum_reward_progress,sum_reward_intrusion,sum_reward_path_efficiency,total_intrusions,terminated_waypoint,truncated,finished_at
1,182,-0.004954552982308097,0.022672475448121003,-0.989010989010989,0.0,-0.9017286427800736,4.126390531558022,-180.0,0.0,15,False,True,1764321079.4446335
2,133,-0.011704121155674808,-0.013583712202051191,-0.18045112781954886,0.0,-1.5566481137047494,-1.8066337228728084,-24.0,0.0,2,False,True,1764321103.9223652
3,166,-0.011949347907162854,-0.015155984923068097,-0.21686746987951808,0.0,-1.9835917525890339,-2.515893497229304,-36.0,0.0,3,False,True,1764321164.473587
4,38,-0.008265242091552424,0.0005321034503973307,0.0,0.0,-0.31407919947899215,0.020219931115098566,0.0,0.0,0,False,True,1764321186.6348727
5,17,-0.0045047058830909445,0.012164736009882974,0.0,0.0,-0.07658000001254606,0.20680051216801054,0.0,0.0,0,False,True,1764321210.1127095
