episode_index,steps,mean_reward_drift,mean_reward_progress,mean_reward_intrusion,mean_reward_path_efficiency,sum_reward_drift,sum_reward_progress,sum_reward_intrusion,sum_reward_path_efficiency,total_intrusions,terminated_waypoint,truncated,finished_at
1,89,-0.012488355931976692,-0.012452620352543502,0.0,0.0,-1.1114636779459255,-1.1082832113763716,0.0,0.0,0,False,True,1764321066.5898154
2,52,-0.006664174742829881,0.010198845910156323,-0.9230769230769231,0.0,-0.3465370866271538,0.5303399873281288,-48.0,0.0,4,False,True,1764321095.0006175
3,103,-0.008772416859327954,0.002067465771535664,0.0,0.0,-0.9035589365107792,0.2129489744681734,0.0,0.0,0,False,True,1764321157.286305
4,92,-0.0055838699825645575,0.020733303457198798,-0.782608695652174,0.0,-0.5137160383959393,1.9074639180622894,-72.0,0.0,6,False,True,1764321193.3963158
5,33,-0.005318567357277742,0.02434319391634667,0.0,0.0,-0.17551272279016547,0.8033253992394401,0.0,0.0,0,False,True,1764321212.3630044
