episode_index,steps,mean_reward_drift,mean_reward_progress,mean_reward_intrusion,mean_reward_proximity,sum_reward_drift,sum_reward_progress,sum_reward_intrusion,sum_reward_proximity,total_intrusions,terminated_waypoint,truncated,finished_at
1,244,-0.0025582142662419743,0.0009642747137228301,0.0,-0.0015527914628129377,-0.6242042809630417,0.23528303014837054,0.0,-0.3788811169263568,0,False,True,1762851837.7705188
2,156,-0.002315069338688539,-0.0007876687166132893,0.0,-0.0009160172913359929,-0.36115081683541206,-0.12287631979167313,0.0,-0.14289869744841488,0,False,True,1762851885.7058535
3,222,-0.002083753537040439,0.0008494674152702779,0.0,0.0,-0.46259328522297744,0.1885817661900017,0.0,0.0,0,False,True,1762851994.4256122
