episode_index,steps,mean_reward_drift,mean_reward_progress,mean_reward_intrusion,mean_reward_proximity,sum_reward_drift,sum_reward_progress,sum_reward_intrusion,sum_reward_proximity,total_intrusions,terminated_waypoint,truncated,finished_at
1,115,-0.0017091716245429378,0.002602286403753549,0.0,-0.00037280058859585685,-0.19655473682243785,0.29926293643165813,0.0,-0.04287206768852354,0,False,True,1762851834.8131752
2,172,-0.002393149481294709,0.00028704414045487275,-0.01744186046511628,-0.010621281445106516,-0.41162171078268994,0.04937159215823811,-3.0,-1.8268604085583207,1,False,True,1762851901.265534
