episode_index,steps,mean_reward_drift,mean_reward_progress,mean_reward_intrusion,mean_reward_proximity,sum_reward_drift,sum_reward_progress,sum_reward_intrusion,sum_reward_proximity,total_intrusions,terminated_waypoint,truncated,finished_at
1,103,-0.0017562619727016823,-0.002724896654006733,0.0,0.0,-0.18089498318827327,-0.2806643553626935,0.0,0.0,0,False,True,1762865677.760341
2,335,-0.0022683186743874487,0.0003140681278568934,0.0,-0.004129291435851986,-0.7598867559197954,0.1052128228320593,0.0,-1.3833126310104154,0,False,True,1762865707.709308
