episode_index,steps,mean_reward_drift,mean_reward_progress,mean_reward_intrusion,mean_reward_proximity,sum_reward_drift,sum_reward_progress,sum_reward_intrusion,sum_reward_proximity,total_intrusions,terminated_waypoint,truncated,finished_at
1,197,-0.001961040201464018,0.0025170153875051088,0.0,-2.914591333322914e-06,-0.38632491968841154,0.49585203133850647,0.0,-0.0005741744926646141,0,False,True,1762865684.1187274
2,150,-0.0021966430668033323,9.011402255384956e-05,0.0,0.0,-0.32949646002049987,0.013517103383077433,0.0,0.0,0,False,True,1762865694.5813034
3,178,-0.0026443430406595156,-0.0012860921772606122,-0.016853932584269662,-0.03234125366685578,-0.4706930612373938,-0.22892440755238896,-3.0,-5.756743152700328,1,False,True,1762865720.5127366
