episode_index,steps,mean_reward_drift,mean_reward_progress,mean_reward_intrusion,mean_reward_proximity,sum_reward_drift,sum_reward_progress,sum_reward_intrusion,sum_reward_proximity,total_intrusions,terminated_waypoint,truncated,finished_at
1,90,-0.001777939093521593,0.00019135051880987903,-0.1,-0.03491120404004223,-0.16001451841694336,0.01722154669288911,-9.0,-3.1420083636038005,3,False,True,1762869440.655196
2,223,-0.0019352088378722491,0.0019050215570175241,0.0,-0.0027628733679838174,-0.43155157084551155,0.42481980721490786,0.0,-0.6161207610603913,0,False,True,1762869473.400321
