episode_index,steps,mean_reward_drift,mean_reward_progress,mean_reward_intrusion,mean_reward_proximity,sum_reward_drift,sum_reward_progress,sum_reward_intrusion,sum_reward_proximity,total_intrusions,terminated_waypoint,truncated,finished_at
1,69,-0.03238296082863742,-0.00010298881217899024,-0.08695652173913043,-0.23280728691546304,-2.234424297175982,-0.007106228040350326,-6.0,-16.06370279716695,1,False,True,1761568938.3575516
2,400,-0.033776259425667934,-0.0007297979560193396,-0.03,-0.14304587273616834,-13.510503770267174,-0.29191918240773584,-12.0,-57.218349094467335,2,False,True,1761568941.7741368
