episode_index,steps,mean_reward_drift,mean_reward_progress,mean_reward_intrusion,mean_reward_path_efficiency,mean_reward_boundary,mean_reward_step,mean_reward_proximity,sum_reward_drift,sum_reward_progress,sum_reward_intrusion,sum_reward_path_efficiency,sum_reward_boundary,sum_reward_step,sum_reward_proximity,total_intrusions,terminated_waypoint,terminated_collision,truncated,finished_at
1,17,-0.0017591885584347137,0.010111356328660703,-0.8823529411764706,0.0,0.0,-0.005,0.1493288843652112,-0.029906205493390133,0.17189305758723195,-15.0,0.0,0.0,-0.085,2.53859103420859,1,False,True,False,1764700201.552836
2,21,-0.004158513594240032,0.0009549270518090804,-0.7142857142857143,0.0,0.0,-0.005000000000000001,0.1302603881157156,-0.08732878547904067,0.02005346808799069,-15.0,0.0,0.0,-0.10500000000000002,2.735468150430028,1,False,True,False,1764700208.553382
3,44,-0.005548929644084265,-0.0014328170347179133,0.0,0.0,-0.045454545454545456,-0.005000000000000003,0.008819640651581456,-0.24415290433970768,-0.06304394952758818,0.0,0.0,-2.0,-0.2200000000000001,0.38806418866958403,0,False,False,True,1764700217.1057296
4,58,-0.00412673796764809,0.0009560541372722273,-1.0344827586206897,0.0,-0.034482758620689655,-0.005000000000000003,0.18848243134571638,-0.23935080212358925,0.055451139961789186,-60.0,0.0,-2.0,-0.29000000000000015,10.93198101805155,4,False,False,True,1764700227.8184206
5,107,-0.004693313659365432,0.0007522571248362957,0.0,0.0,0.0,-0.005000000000000004,0.20856338120020487,-0.5021845615521012,0.08049151235748364,0.0,0.0,0.0,-0.5350000000000004,22.31628178842192,0,False,True,False,1764700250.58318
