episode_index,steps,mean_reward_drift,mean_reward_progress,mean_reward_intrusion,mean_reward_path_efficiency,mean_reward_boundary,mean_reward_step,mean_reward_proximity,sum_reward_drift,sum_reward_progress,sum_reward_intrusion,sum_reward_path_efficiency,sum_reward_boundary,sum_reward_step,sum_reward_proximity,total_intrusions,terminated_waypoint,terminated_collision,truncated,finished_at
1,24,-0.007176904521747182,-0.010861081299176642,0.0,0.0,-0.08333333333333333,-0.005000000000000002,0.0,-0.17224570852193238,-0.2606659511802394,0.0,0.0,-2.0,-0.12000000000000004,0.0,0,False,False,True,1764700202.0433023
2,21,-0.0009599723104934994,0.015710339006295544,0.0,0.0,-0.09523809523809523,-0.005000000000000001,0.0,-0.020159418520363487,0.32991711913220645,0.0,0.0,-2.0,-0.10500000000000002,0.0,0,False,False,True,1764700208.553382
3,7,-0.004803159277956141,-0.0002956184633988406,-2.142857142857143,0.0,0.0,-0.005,0.33452221856992964,-0.03362211494569299,-0.002069329243791884,-15.0,0.0,0.0,-0.035,2.3416555299895077,1,False,True,False,1764700214.240752
4,25,-0.00536607999250183,-0.005447279458881278,-0.6,0.0,0.0,-0.005000000000000001,0.0837615782947237,-0.13415199981254575,-0.13618198647203195,-15.0,0.0,0.0,-0.12500000000000003,2.0940394573680923,1,False,True,False,1764700225.7565415
5,39,-0.0038187210094543234,0.05422509882220038,0.0,0.0,0.0,-0.005000000000000003,0.13520487993310265,-0.1489301193687186,2.114778854065815,0.0,0.0,0.0,-0.1950000000000001,5.272990317391003,0,True,False,False,1764700242.159881
