episode_index,steps,mean_reward_drift,mean_reward_progress,mean_reward_intrusion,mean_reward_path_efficiency,mean_reward_boundary,mean_reward_step,mean_reward_proximity,sum_reward_drift,sum_reward_progress,sum_reward_intrusion,sum_reward_path_efficiency,sum_reward_boundary,sum_reward_step,sum_reward_proximity,total_intrusions,terminated_waypoint,terminated_collision,truncated,finished_at
1,9,-0.001243615451742434,0.012503047639723812,-1.6666666666666667,0.0,0.0,-0.005,0.20561761454119296,-0.011192539065681906,0.11252742875751431,-15.0,0.0,0.0,-0.045,1.8505585308707366,1,False,True,False,1764700200.7900016
2,8,-0.0006648701385979526,0.0116440895859291,-1.875,0.0,0.0,-0.005,0.23735939027825154,-0.005318961108783621,0.0931527166874328,-15.0,0.0,0.0,-0.04,1.8988751222260123,1,False,True,False,1764700207.7400372
3,71,-0.006437630510373679,-0.0023248799080832555,0.0,0.0,0.0,-0.005000000000000003,0.2142834669960219,-0.4570717662365312,-0.16506647347391112,0.0,0.0,0.0,-0.3550000000000002,15.214126156717557,0,False,True,False,1764700219.0281253
4,145,-0.0036512390154948707,0.0051691042129782296,-2.586206896551724,0.0,-0.013793103448275862,-0.005000000000000004,0.20733414991636734,-0.5294296572467563,0.7495201108818432,-375.0,0.0,-2.0,-0.7250000000000005,30.063451737873265,25,False,False,True,1764700232.834273
5,18,-0.0009582769298388237,0.00931427336433377,-0.8333333333333334,0.0,0.0,-0.005000000000000001,0.20586811071702363,-0.017248984737098825,0.16765692055800785,-15.0,0.0,0.0,-0.09000000000000001,3.7056259929064255,1,False,True,False,1764700239.277808
