episode_index,steps,mean_reward_drift,mean_reward_progress,mean_reward_intrusion,mean_reward_path_efficiency,mean_reward_boundary,mean_reward_step,mean_reward_proximity,sum_reward_drift,sum_reward_progress,sum_reward_intrusion,sum_reward_path_efficiency,sum_reward_boundary,sum_reward_step,sum_reward_proximity,total_intrusions,terminated_waypoint,terminated_collision,truncated,finished_at
1,54,-0.0059657218248451395,-0.006633002655298142,0.0,0.0,0.0,-0.005000000000000003,0.19763283039139576,-0.32214897854163754,-0.35818214338609966,0.0,0.0,0.0,-0.27000000000000013,10.672172841135371,0,False,True,False,1764700203.9892292
2,68,-0.004737527727368062,-0.0012586268208712775,-2.6470588235294117,0.0,0.0,-0.005000000000000003,0.4241813528647345,-0.3221518854610282,-0.08558662381924687,-180.0,0.0,0.0,-0.3400000000000002,28.844331994801948,12,False,True,False,1764700211.6821947
3,3,-0.001297628552970378,0.008125579506342998,-5.0,0.0,0.0,-0.005,0.7831608646976239,-0.003892885658911134,0.024376738519028995,-15.0,0.0,0.0,-0.015,2.349482594092872,1,False,True,False,1764700214.0210843
4,26,-0.002747563550223028,0.008175768552498984,-0.5769230769230769,0.0,0.0,-0.005000000000000001,0.16654497632512977,-0.07143665230579872,0.2125699823649736,-15.0,0.0,0.0,-0.13000000000000003,4.330169384453374,1,False,True,False,1764700225.7830517
5,266,-0.004186814604950195,0.0029423171339351155,-0.45112781954887216,0.0,0.0,-0.004999999999999976,0.13925942706796046,-1.1136926849167517,0.7826563576267407,-120.0,0.0,0.0,-1.3299999999999936,37.04300760007748,8,False,True,False,1764700271.3551178
