episode_index,steps,mean_reward_drift,mean_reward_progress,mean_reward_intrusion,mean_reward_path_efficiency,mean_reward_boundary,mean_reward_step,mean_reward_proximity,sum_reward_drift,sum_reward_progress,sum_reward_intrusion,sum_reward_path_efficiency,sum_reward_boundary,sum_reward_step,sum_reward_proximity,total_intrusions,terminated_waypoint,terminated_collision,truncated,finished_at
1,21,-0.0013047272381554744,0.009215261398416578,0.0,0.0,0.0,-0.005000000000000001,0.08720252109982213,-0.027399272001264963,0.19352048936674815,0.0,0.0,0.0,-0.10500000000000002,1.8312529430962647,0,False,True,False,1764700201.8303745
2,8,-0.005388825108932226,-0.002191373397740476,-1.875,0.0,0.0,-0.005,0.2851942607929616,-0.04311060087145781,-0.017530987181923807,-15.0,0.0,0.0,-0.04,2.281554086343693,1,False,True,False,1764700207.7400372
3,71,-0.005267507560493974,-0.0029365023668955974,-2.535211267605634,0.0,0.0,-0.005000000000000003,0.24704128041296478,-0.3739930367950722,-0.2084916680495874,-180.0,0.0,0.0,-0.3550000000000002,17.5399309093205,12,False,True,False,1764700219.0281253
4,15,-0.003871612305088014,0.0012910725914376069,-1.0,0.0,0.0,-0.005,0.3707706753550635,-0.05807418457632021,0.019366088871564102,-15.0,0.0,0.0,-0.075,5.561560130325952,1,False,True,False,1764700225.2254782
5,14,-0.004077378869134841,0.0022763965261429764,0.0,0.0,-0.14285714285714285,-0.004999999999999999,0.0019338241357250844,-0.05708330416788777,0.03186955136600167,0.0,0.0,-2.0,-0.06999999999999999,0.02707353790015118,0,False,False,True,1764700238.520579
