episode_index,steps,mean_reward_drift,mean_reward_progress,mean_reward_intrusion,mean_reward_path_efficiency,mean_reward_boundary,mean_reward_step,mean_reward_proximity,sum_reward_drift,sum_reward_progress,sum_reward_intrusion,sum_reward_path_efficiency,sum_reward_boundary,sum_reward_step,sum_reward_proximity,total_intrusions,terminated_waypoint,terminated_collision,truncated,finished_at
1,69,-0.005965964780128232,-0.006381572632092075,0.0,0.0,-0.028985507246376812,-0.005000000000000003,0.06834647437760823,-0.411651569828848,-0.44032851161435316,0.0,0.0,-2.0,-0.3450000000000002,4.715906732054967,0,False,False,True,1764700204.722257
2,24,-0.0022773213663921095,0.009570680248555305,-0.625,0.0,0.0,-0.005000000000000002,0.15499000557013576,-0.054655712793410624,0.2296963259653273,-15.0,0.0,0.0,-0.12000000000000004,3.719760133683258,1,False,True,False,1764700208.7072873
3,14,-0.0027379683069467422,0.007021263221080686,-1.0714285714285714,0.0,0.0,-0.004999999999999999,0.2539827345909203,-0.03833155629725439,0.0982976850951296,-15.0,0.0,0.0,-0.06999999999999999,3.5557582842728843,1,False,True,False,1764700214.8113656
4,30,-0.0017896733456847472,0.00966342817074783,0.0,0.0,-0.06666666666666667,-0.005000000000000002,0.0,-0.05369020037054242,0.2899028451224349,0.0,0.0,-2.0,-0.15000000000000005,0.0,0,False,False,True,1764700225.9999108
5,27,-0.002376974749353986,0.00761511934617114,0.0,0.0,0.0,-0.005000000000000001,0.27751090165925263,-0.06417831823255762,0.2056082223466208,0.0,0.0,0.0,-0.13500000000000004,7.492794344799821,0,False,True,False,1764700240.6543453
