episode_index,steps,mean_reward_drift,mean_reward_progress,mean_reward_intrusion,mean_reward_path_efficiency,mean_reward_boundary,mean_reward_step,mean_reward_proximity,sum_reward_drift,sum_reward_progress,sum_reward_intrusion,sum_reward_path_efficiency,sum_reward_boundary,sum_reward_step,sum_reward_proximity,total_intrusions,terminated_waypoint,terminated_collision,truncated,finished_at
1,8,-0.003033344769399934,0.005105859229376411,-1.875,0.0,0.0,-0.005,0.4309695224505405,-0.02426675815519947,0.04084687383501129,-15.0,0.0,0.0,-0.04,3.447756179604324,1,False,True,False,1764700200.7357397
2,19,-0.0023158000045798485,0.010198155861907626,-0.7894736842105263,0.0,0.0,-0.005000000000000001,0.1398612765012803,-0.04400020008701712,0.19376496137624488,-15.0,0.0,0.0,-0.09500000000000001,2.657364253524326,1,False,True,False,1764700208.4092724
3,26,-0.006803591044307718,-0.008187083349269337,0.0,0.0,0.0,-0.005000000000000001,0.06778217611427308,-0.17689336715200069,-0.21286416708100275,0.0,0.0,0.0,-0.13000000000000003,1.7623365789710999,0,False,True,False,1764700215.7380738
4,25,-0.0033439595303614493,0.0027510405813039453,0.0,0.0,0.0,-0.005000000000000001,0.25429729061583184,-0.08359898825903624,0.06877601453259863,0.0,0.0,0.0,-0.12500000000000003,6.357432265395795,0,False,True,False,1764700225.7565415
5,373,-0.0056720691850918005,-0.0021981091341980773,0.0,0.0,-0.005361930294906166,-0.004999999999999952,0.0011390726184374298,-2.1156818060392415,-0.8198947070558829,0.0,0.0,-2.0,-1.8649999999999822,0.4248740866771613,0,False,False,True,1764700286.6492531
