episode_index,steps,mean_reward_drift,mean_reward_progress,mean_reward_intrusion,mean_reward_path_efficiency,mean_reward_boundary,mean_reward_step,mean_reward_proximity,sum_reward_drift,sum_reward_progress,sum_reward_intrusion,sum_reward_path_efficiency,sum_reward_boundary,sum_reward_step,sum_reward_proximity,total_intrusions,terminated_waypoint,terminated_collision,truncated,finished_at
1,3,-0.0010445795831374564,0.009262948494081122,-5.0,0.0,0.0,-0.005,0.5874017736630845,-0.0031337387494123695,0.027788845482243363,-15.0,0.0,0.0,-0.015,1.7622053209892536,1,False,True,False,1764700200.0815341
2,86,-0.005510463268089829,-0.005094879169011077,0.0,0.0,-0.023255813953488372,-0.005000000000000004,0.010847346755806096,-0.4738998410557253,-0.4381596085349526,0.0,0.0,-2.0,-0.43000000000000027,0.9328718209993242,0,False,False,True,1764700212.7909384
3,63,-0.0012059067266268176,0.04484363960685891,0.0,0.0,0.0,-0.005000000000000003,0.020606436266485097,-0.0759721237774895,2.8251492952321113,0.0,0.0,0.0,-0.31500000000000017,1.2982054847885611,0,True,False,False,1764700218.2025518
4,15,-0.004541723688085526,-0.0006110799226191658,-1.0,0.0,0.0,-0.005,0.17491852754104212,-0.06812585532128289,-0.009166198839287487,-15.0,0.0,0.0,-0.075,2.6237779131156316,1,False,True,False,1764700225.2254782
5,27,-0.0020303372074266333,0.011836647058668237,-0.5555555555555556,0.0,0.0,-0.005000000000000001,0.0627878434113482,-0.0548191046005191,0.3195894705840424,-15.0,0.0,0.0,-0.13500000000000004,1.6952717721064015,1,False,True,False,1764700240.6553376
