episode_index,steps,mean_reward_drift,mean_reward_progress,mean_reward_intrusion,mean_reward_path_efficiency,mean_reward_boundary,mean_reward_step,mean_reward_proximity,sum_reward_drift,sum_reward_progress,sum_reward_intrusion,sum_reward_path_efficiency,sum_reward_boundary,sum_reward_step,sum_reward_proximity,total_intrusions,terminated_waypoint,terminated_collision,truncated,finished_at
1,32,-0.0053643186751713545,-0.004547184271527234,0.0,0.0,-0.0625,-0.005000000000000002,0.1806854026632711,-0.17165819760548334,-0.1455098966888715,0.0,0.0,-2.0,-0.16000000000000006,5.781932885224675,0,False,False,True,1764700202.7641377
2,82,-0.004131490644450991,0.0031056172706486872,-2.1951219512195124,0.0,-0.024390243902439025,-0.005000000000000003,0.20744777875217377,-0.33878223284498127,0.25466061619319236,-180.0,0.0,-2.0,-0.41000000000000025,17.010717857678248,12,False,False,True,1764700212.467268
3,26,-0.0025474364994345702,0.006088148257800532,-2.3076923076923075,0.0,0.0,-0.005000000000000001,0.2903155633219279,-0.06623334898529883,0.15829185470281382,-60.0,0.0,0.0,-0.13000000000000003,7.548204646370126,4,False,True,False,1764700215.7380738
4,64,-0.002252726336842306,0.007867073176403592,-1.640625,0.0,-0.03125,-0.005000000000000003,0.1365551998997442,-0.14417448555790757,0.5034926832898299,-105.0,0.0,-2.0,-0.3200000000000002,8.73953279358363,7,False,False,True,1764700228.2955987
5,20,-0.002141065473756538,0.007412074214115471,-0.75,0.0,0.0,-0.005000000000000001,0.08634548880328555,-0.04282130947513076,0.14824148428230943,-15.0,0.0,0.0,-0.10000000000000002,1.7269097760657108,1,False,True,False,1764700239.3343713
