episode_index,steps,mean_reward_drift,mean_reward_progress,mean_reward_intrusion,mean_reward_path_efficiency,mean_reward_boundary,mean_reward_step,mean_reward_proximity,sum_reward_drift,sum_reward_progress,sum_reward_intrusion,sum_reward_path_efficiency,sum_reward_boundary,sum_reward_step,sum_reward_proximity,total_intrusions,terminated_waypoint,terminated_collision,truncated,finished_at
1,28,-0.0023637549729329213,0.00949118070885244,0.0,0.0,-0.07142857142857142,-0.005000000000000002,0.0,-0.0661851392421218,0.26575305984786834,0.0,0.0,-2.0,-0.14000000000000004,0.0,0,False,False,True,1764700202.4366813
2,8,-0.0006596776867685071,0.008713269590391842,-1.875,0.0,0.0,-0.005,0.357547064531359,-0.005277421494148057,0.06970615672313474,-15.0,0.0,0.0,-0.04,2.860376516250872,1,False,True,False,1764700207.7400372
3,32,-0.0008505009414053834,0.016338625662917463,-3.28125,0.0,0.0,-0.005000000000000002,0.32677165397913943,-0.027216030124972267,0.5228360212133588,-105.0,0.0,0.0,-0.16000000000000006,10.456692927332462,7,False,True,False,1764700216.2042296
4,24,-0.0027852094566529384,0.004019965666442966,-0.625,0.0,0.0,-0.005000000000000002,0.06392913804169274,-0.06684502695967053,0.09647917599463118,-15.0,0.0,0.0,-0.12000000000000004,1.534299313000626,1,False,True,False,1764700225.7316015
5,107,-0.0057154308418757745,-0.0019325704909662527,-0.7009345794392523,0.0,0.0,-0.005000000000000004,0.24481902523356072,-0.6115511000807079,-0.20678504253338903,-75.0,0.0,0.0,-0.5350000000000004,26.195635699990998,5,False,True,False,1764700250.581339
