episode_index,steps,mean_reward_drift,mean_reward_progress,mean_reward_intrusion,mean_reward_path_efficiency,mean_reward_boundary,mean_reward_step,mean_reward_proximity,sum_reward_drift,sum_reward_progress,sum_reward_intrusion,sum_reward_path_efficiency,sum_reward_boundary,sum_reward_step,sum_reward_proximity,total_intrusions,terminated_waypoint,terminated_collision,truncated,finished_at
1,35,-0.004668649342746249,0.0017103330679830498,-0.42857142857142855,0.0,0.0,-0.005000000000000002,0.06346756028874352,-0.16340272699611874,0.05986165737940674,-15.0,0.0,0.0,-0.17500000000000007,2.2213646101060234,1,False,True,False,1764700202.940395
2,34,-0.001446402725978495,0.012447572430866966,0.0,0.0,0.0,-0.005000000000000002,0.0630600390273673,-0.04917769268326883,0.42321746264947685,0.0,0.0,0.0,-0.17000000000000007,2.144041326930488,0,False,True,False,1764700209.3643715
3,68,-0.003790026125925212,0.003146802298796895,0.0,0.0,-0.029411764705882353,-0.005000000000000003,0.009355315682133951,-0.2577217765629144,0.21398255631818885,0.0,0.0,-2.0,-0.3400000000000002,0.6361614663851087,0,False,False,True,1764700218.6061478
4,26,-0.004684635920001187,-0.00022216540889093034,-0.5769230769230769,0.0,0.0,-0.005000000000000001,0.07559743820876509,-0.12180053392003086,-0.0057763006311641885,-15.0,0.0,0.0,-0.13000000000000003,1.9655333934278922,1,False,True,False,1764700225.7830517
5,18,-0.0019573452723855873,0.009445192491431338,0.0,0.0,0.0,-0.005000000000000001,0.20190576908766514,-0.03523221490294057,0.17001346484576407,0.0,0.0,0.0,-0.09000000000000001,3.6343038435779724,0,False,True,False,1764700239.2762995
