episode_index,steps,mean_reward_drift,mean_reward_progress,mean_reward_intrusion,mean_reward_path_efficiency,mean_reward_boundary,mean_reward_step,mean_reward_proximity,sum_reward_drift,sum_reward_progress,sum_reward_intrusion,sum_reward_path_efficiency,sum_reward_boundary,sum_reward_step,sum_reward_proximity,total_intrusions,terminated_waypoint,terminated_collision,truncated,finished_at
1,22,-0.0042815980782771445,0.0012188697898285875,0.0,0.0,-0.09090909090909091,-0.005000000000000001,0.0,-0.09419515772209718,0.026815135376228927,0.0,0.0,-2.0,-0.11000000000000003,0.0,0,False,False,True,1764700201.8794086
2,68,-0.00491515845838612,-0.0021321924157156383,-1.9852941176470589,0.0,0.0,-0.005000000000000003,0.43515619020956253,-0.3342307751702562,-0.14498908426866342,-135.0,0.0,0.0,-0.3400000000000002,29.590620934250254,9,False,True,False,1764700211.6821947
3,3,-0.002406602127054894,0.008166863181663894,-5.0,0.0,0.0,-0.005,0.7831608646976239,-0.007219806381164682,0.02450058954499168,-15.0,0.0,0.0,-0.015,2.349482594092872,1,False,True,False,1764700214.0210843
4,88,-0.00609641795136065,-0.007076562744725784,-2.0454545454545454,0.0,-0.022727272727272728,-0.005000000000000004,0.18840100929143322,-0.5364847797197372,-0.622737521535869,-180.0,0.0,-2.0,-0.4400000000000003,16.579288817646123,12,False,False,True,1764700229.7062018
5,10,-0.0028066607418669445,0.005024269555955229,-1.5,0.0,0.0,-0.004999999999999999,0.22999878542625612,-0.028066607418669447,0.0502426955595523,-15.0,0.0,0.0,-0.049999999999999996,2.2999878542625614,1,False,True,False,1764700238.0865414
