episode_index,steps,mean_reward_drift,mean_reward_progress,mean_reward_intrusion,mean_reward_path_efficiency,mean_reward_boundary,mean_reward_step,mean_reward_proximity,sum_reward_drift,sum_reward_progress,sum_reward_intrusion,sum_reward_path_efficiency,sum_reward_boundary,sum_reward_step,sum_reward_proximity,total_intrusions,terminated_waypoint,terminated_collision,truncated,finished_at
1,21,-0.003760564716790043,0.0027468991255869416,-0.7142857142857143,0.0,0.0,-0.005000000000000001,0.08720252109982213,-0.07897185905259091,0.05768488163732577,-15.0,0.0,0.0,-0.10500000000000002,1.8312529430962647,1,False,True,False,1764700201.8303745
2,23,-0.0009261925359996798,0.012191686098870409,0.0,0.0,0.0,-0.005000000000000002,0.10444424099449352,-0.021302428327992635,0.2804087802740194,0.0,0.0,0.0,-0.11500000000000003,2.402217542873351,0,False,True,False,1764700208.6833298
3,26,-0.005004567497937559,-0.00024653089415171113,-0.5769230769230769,0.0,0.0,-0.005000000000000001,0.06510952183779978,-0.13011875494637654,-0.00640980324794449,-15.0,0.0,0.0,-0.13000000000000003,1.692847567782794,1,False,True,False,1764700215.7380738
4,25,-0.004321507658908239,0.0006781702530048328,-11.4,0.0,-0.08,-0.005000000000000001,0.48604897147465415,-0.10803769147270598,0.01695425632512082,-285.0,0.0,-2.0,-0.12500000000000003,12.151224286866354,19,False,False,True,1764700225.7565415
5,376,-0.00555189689416508,-0.0012373377251661166,-0.9973404255319149,0.0,-0.005319148936170213,-0.0049999999999999515,0.18850490876584428,-2.0875132322060703,-0.46523898466245983,-375.0,0.0,-2.0,-1.879999999999982,70.87784569595745,25,False,False,True,1764700287.106069
