episode_index,steps,mean_reward_drift,mean_reward_progress,mean_reward_intrusion,mean_reward_path_efficiency,mean_reward_boundary,mean_reward_step,mean_reward_proximity,sum_reward_drift,sum_reward_progress,sum_reward_intrusion,sum_reward_path_efficiency,sum_reward_boundary,sum_reward_step,sum_reward_proximity,total_intrusions,terminated_waypoint,terminated_collision,truncated,finished_at
1,17,-0.0020654388774888773,0.007901600449002925,-0.8823529411764706,0.0,0.0,-0.005,0.1493288843652112,-0.03511246091731091,0.13432720763304973,-15.0,0.0,0.0,-0.085,2.53859103420859,1,False,True,False,1764700201.552836
2,99,-0.006566530916775709,-0.009083172017888592,-0.15151515151515152,0.0,-0.020202020202020204,-0.005000000000000004,0.2465103755405316,-0.6500865607607952,-0.8992340297709706,-15.0,0.0,-2.0,-0.49500000000000033,24.404527178512627,1,False,False,True,1764700213.566916
3,6,-0.0006734884416310094,0.010154472932691264,-2.5,0.0,0.0,-0.005,0.29224454148375073,-0.004040930649786056,0.06092683759614759,-15.0,0.0,0.0,-0.030000000000000002,1.7534672489025045,1,False,True,False,1764700214.1986434
4,21,-0.001597769816603627,0.10150939330195888,0.0,0.0,0.0,-0.005000000000000001,0.21122761943019697,-0.033553166148676164,2.1316972593411365,0.0,0.0,0.0,-0.10500000000000002,4.435780008034136,0,True,False,False,1764700225.5663962
5,7,-0.0028648363117192255,0.00604966204358253,-4.285714285714286,0.0,0.0,-0.005,0.6123988558503939,-0.020053854182034578,0.04234763430507771,-30.0,0.0,0.0,-0.035,4.286791990952757,2,False,True,False,1764700237.6775732
