episode_index,steps,mean_reward_drift,mean_reward_progress,mean_reward_intrusion,mean_reward_path_efficiency,mean_reward_boundary,mean_reward_step,mean_reward_proximity,sum_reward_drift,sum_reward_progress,sum_reward_intrusion,sum_reward_path_efficiency,sum_reward_boundary,sum_reward_step,sum_reward_proximity,total_intrusions,terminated_waypoint,terminated_collision,truncated,finished_at
1,3,-0.0019528384423910417,0.008343264658603244,-5.0,0.0,0.0,-0.005,0.5874017736630845,-0.005858515327173125,0.025029793975809733,-15.0,0.0,0.0,-0.015,1.7622053209892536,1,False,True,False,1764700200.0815341
2,13,-0.0007755134826531306,0.007500551915752214,-1.1538461538461537,0.0,0.0,-0.004999999999999999,0.18154852174425054,-0.010081675274490698,0.09750717490477878,-15.0,0.0,0.0,-0.06499999999999999,2.360130782675257,1,False,True,False,1764700208.0275357
3,15,-0.00212689982934899,0.007359963880116327,0.0,0.0,0.0,-0.005,0.20336023809298995,-0.03190349744023485,0.1103994582017449,0.0,0.0,0.0,-0.075,3.0504035713948494,0,False,True,False,1764700214.851848
4,24,-0.005094926197387098,-0.001254537748707818,-0.625,0.0,0.0,-0.005000000000000002,0.08102061183553683,-0.12227822873729034,-0.03010890596898763,-15.0,0.0,0.0,-0.12000000000000004,1.9444946840528838,1,False,True,False,1764700225.7316015
5,10,-0.001425568342545279,0.01149279943641272,-1.5,0.0,0.0,-0.004999999999999999,0.22999878542625612,-0.01425568342545279,0.1149279943641272,-15.0,0.0,0.0,-0.049999999999999996,2.2999878542625614,1,False,True,False,1764700238.0859885
