episode_index,steps,mean_reward_drift,mean_reward_progress,mean_reward_intrusion,mean_reward_path_efficiency,mean_reward_boundary,mean_reward_step,mean_reward_proximity,sum_reward_drift,sum_reward_progress,sum_reward_intrusion,sum_reward_path_efficiency,sum_reward_boundary,sum_reward_step,sum_reward_proximity,total_intrusions,terminated_waypoint,terminated_collision,truncated,finished_at
1,9,-0.003213899261885562,0.0045046460429983715,0.0,0.0,0.0,-0.005,0.26868009527679276,-0.028925093356970057,0.04054181438698534,0.0,0.0,0.0,-0.045,2.418120857491135,0,False,True,False,1764700200.7900016
2,55,-0.0018990489402153823,0.009140614332616074,-0.2727272727272727,0.0,0.0,-0.005000000000000003,0.07605470310388666,-0.10444769171184602,0.502733788293884,-15.0,0.0,0.0,-0.27500000000000013,4.183008670713766,1,False,True,False,1764700210.649218
3,69,-0.0038010621876822877,0.0025371061938882903,0.0,0.0,-0.028985507246376812,-0.005000000000000003,0.005860731941581047,-0.26227329095007784,0.17506032737829202,0.0,0.0,-2.0,-0.3450000000000002,0.4043905039690922,0,False,False,True,1764700218.6232579
4,28,-0.0008093200333837385,0.015910368820369804,0.0,0.0,0.0,-0.005000000000000002,0.20821712698799225,-0.02266096093474468,0.4454903269703545,0.0,0.0,0.0,-0.14000000000000004,5.830079555663783,0,False,True,False,1764700225.8879166
5,168,-0.005706680143076892,-0.0034353588143856847,0.0,0.0,0.0,-0.005000000000000004,0.13082246970680042,-0.9587222640369178,-0.577140280816795,0.0,0.0,0.0,-0.8400000000000006,21.97817491074247,0,False,True,False,1764700259.012351
