episode_index,steps,mean_reward_drift,mean_reward_progress,mean_reward_intrusion,mean_reward_path_efficiency,mean_reward_boundary,mean_reward_step,mean_reward_proximity,sum_reward_drift,sum_reward_progress,sum_reward_intrusion,sum_reward_path_efficiency,sum_reward_boundary,sum_reward_step,sum_reward_proximity,total_intrusions,terminated_waypoint,terminated_collision,truncated,finished_at
1,22,-0.0009406817237351533,0.10491641658661853,0.0,0.0,0.0,-0.005000000000000001,0.0,-0.020694997922173372,2.3081611649056075,0.0,0.0,0.0,-0.11000000000000003,0.0,0,True,False,False,1764700201.8794086
2,73,-0.003365791091359541,0.005302522527288049,0.0,0.0,-0.0273972602739726,-0.005000000000000003,0.0707924482567312,-0.2457027496692465,0.38708414449202755,0.0,0.0,-2.0,-0.3650000000000002,5.167848722741377,0,False,False,True,1764700211.8915854
3,15,-0.0026452264049781557,0.00469989553479239,-1.0,0.0,0.0,-0.005,0.20336023809298995,-0.039678396074672335,0.07049843302188585,-15.0,0.0,0.0,-0.075,3.0504035713948494,1,False,True,False,1764700214.851848
4,26,-0.001392290115795573,0.011219842760373843,0.0,0.0,-0.07692307692307693,-0.005000000000000001,0.0,-0.0361995430106849,0.2917159117697199,0.0,0.0,-2.0,-0.13000000000000003,0.0,0,False,False,True,1764700225.7830517
5,71,-0.0054981680273528035,-0.003985027838976486,-0.4225352112676056,0.0,-0.028169014084507043,-0.005000000000000003,0.7274018991131643,-0.39036992994204905,-0.2829369765673305,-30.0,0.0,-2.0,-0.3550000000000002,51.64553483703467,2,False,False,True,1764700245.915289
