episode_index,steps,mean_reward_drift,mean_reward_progress,mean_reward_intrusion,mean_reward_path_efficiency,mean_reward_boundary,mean_reward_step,mean_reward_proximity,sum_reward_drift,sum_reward_progress,sum_reward_intrusion,sum_reward_path_efficiency,sum_reward_boundary,sum_reward_step,sum_reward_proximity,total_intrusions,terminated_waypoint,terminated_collision,truncated,finished_at
1,54,-0.0014547805142243891,0.013214431959926446,-0.2777777777777778,0.0,0.0,-0.005000000000000003,0.39390112208847056,-0.07855814776811701,0.7135793258360281,-15.0,0.0,0.0,-0.27000000000000013,21.27066059277741,1,False,True,False,1764700203.9892292
2,21,-0.0028649967284910273,0.007907937645780768,-0.7142857142857143,0.0,0.0,-0.005000000000000001,0.22917689774041008,-0.060164931298311575,0.1660666905613961,-15.0,0.0,0.0,-0.10500000000000002,4.812714852548612,1,False,True,False,1764700208.553382
3,23,-0.0014205683373736283,0.007339384190342418,0.0,0.0,0.0,-0.005000000000000002,0.13815702774998237,-0.03267307175959345,0.1688058363778756,0.0,0.0,0.0,-0.11500000000000003,3.1776116382495943,0,False,True,False,1764700215.4999716
4,46,-0.0013235147854794118,0.05592307831951184,0.0,0.0,0.0,-0.005000000000000003,0.0,-0.060881680132052945,2.572461602697545,0.0,0.0,0.0,-0.23000000000000012,0.0,0,True,False,False,1764700227.2051673
5,59,-0.0031164717355579496,0.006681986092831946,-0.2542372881355932,0.0,0.0,-0.005000000000000003,0.2607882271812153,-0.18387183239791902,0.3942371794770848,-15.0,0.0,0.0,-0.29500000000000015,15.386505403691704,1,False,True,False,1764700244.4248967
