episode_index,steps,mean_reward_drift,mean_reward_progress,mean_reward_intrusion,mean_reward_path_efficiency,mean_reward_boundary,mean_reward_step,mean_reward_proximity,sum_reward_drift,sum_reward_progress,sum_reward_intrusion,sum_reward_path_efficiency,sum_reward_boundary,sum_reward_step,sum_reward_proximity,total_intrusions,terminated_waypoint,terminated_collision,truncated,finished_at
1,38,-0.002522594107280331,0.009251891688798655,-0.39473684210526316,0.0,0.0,-0.005000000000000002,0.1751071975701413,-0.09585857607665257,0.3515718841743489,-15.0,0.0,0.0,-0.19000000000000009,6.654073507665369,1,False,True,False,1764700203.123299
2,13,-0.0028798074911398045,0.006339199271520712,-1.1538461538461537,0.0,0.0,-0.004999999999999999,0.16964569610757546,-0.037437497384817456,0.08240959052976926,-15.0,0.0,0.0,-0.06499999999999999,2.205394049398481,1,False,True,False,1764700208.0275357
3,14,-0.004101669494512773,0.0011653540363213422,-1.0714285714285714,0.0,0.0,-0.004999999999999999,0.12960114474401843,-0.057423372923178825,0.01631495650849879,-15.0,0.0,0.0,-0.06999999999999999,1.814416026416258,1,False,True,False,1764700214.8113656
4,16,-0.0013968888400722982,0.0067841896082123515,-0.9375,0.0,0.0,-0.005,0.25505871248685447,-0.02235022144115677,0.10854703373139762,-15.0,0.0,0.0,-0.08,4.0809393997896715,1,False,True,False,1764700225.2532096
5,13,-0.0025638520609779967,0.0077082643710995645,-1.1538461538461537,0.0,0.0,-0.004999999999999999,0.18324968945083167,-0.03333007679271396,0.10020743682429434,-15.0,0.0,0.0,-0.06499999999999999,2.3822459628608117,1,False,True,False,1764700238.4829068
