episode_index,steps,mean_reward_drift,mean_reward_progress,mean_reward_intrusion,mean_reward_path_efficiency,mean_reward_boundary,mean_reward_step,mean_reward_proximity,sum_reward_drift,sum_reward_progress,sum_reward_intrusion,sum_reward_path_efficiency,sum_reward_boundary,sum_reward_step,sum_reward_proximity,total_intrusions,terminated_waypoint,terminated_collision,truncated,finished_at
1,8,-0.0012767244920731716,0.0061839808509673855,-1.875,0.0,0.0,-0.005,0.35293045036516646,-0.010213795936585373,0.049471846807739084,-15.0,0.0,0.0,-0.04,2.8234436029213317,1,False,True,False,1764700200.7357397
2,49,-0.006387952386786922,-0.005376399844590192,-0.30612244897959184,0.0,0.0,-0.005000000000000003,0.03701473216343656,-0.31300966695255916,-0.2634435923849194,-15.0,0.0,0.0,-0.24500000000000013,1.8137218760083913,1,False,True,False,1764700210.305356
3,9,-0.0020286732353602135,0.005604023839182311,-1.6666666666666667,0.0,0.0,-0.005,0.2316992328672363,-0.01825805911824192,0.0504362145526408,-15.0,0.0,0.0,-0.045,2.0852930958051266,1,False,True,False,1764700214.460443
4,7,-0.002421467696682528,0.006339819860021586,-2.142857142857143,0.0,0.0,-0.005,0.2225102511525112,-0.016950273876777697,0.0443787390201511,-15.0,0.0,0.0,-0.035,1.5575717580675783,1,False,True,False,1764700224.7159262
5,7,-0.002495388112672755,0.007205365880665893,-2.142857142857143,0.0,0.0,-0.005,0.6123988558503939,-0.017467716788709287,0.05043756116466125,-15.0,0.0,0.0,-0.035,4.286791990952757,1,False,True,False,1764700237.684729
