episode_index,steps,mean_reward_drift,mean_reward_progress,mean_reward_intrusion,mean_reward_proximity,sum_reward_drift,sum_reward_progress,sum_reward_intrusion,sum_reward_proximity,total_intrusions,terminated_waypoint,truncated,finished_at
1,133,-0.002406765548891984,-0.0011053295307212343,-0.022556390977443608,-0.009270041469096345,-0.3200998180026339,-0.14700882758592415,-3.0,-1.232915515389814,1,False,True,1762870447.7277038
2,227,-0.002461490862484726,-0.0006766057359163961,0.0,-0.004964121331950317,-0.5587584257840329,-0.1535895020530219,0.0,-1.126855542352722,0,False,True,1762870470.0054142
3,279,-0.002237262346785876,-0.00023515199524870857,-0.010752688172043012,-0.03032668772922924,-0.6241961947532594,-0.06560740667438969,-3.0,-8.461145876454959,1,False,True,1762870489.639485
