episode_index,steps,mean_reward_drift,mean_reward_progress,mean_reward_intrusion,mean_reward_proximity,sum_reward_drift,sum_reward_progress,sum_reward_intrusion,sum_reward_proximity,total_intrusions,terminated_waypoint,truncated,finished_at
1,254,-0.0026004398329607828,-0.0015991581661837857,-0.011811023622047244,-0.012403773359716345,-0.6605117175720389,-0.4061861742106816,-3.0,-3.1505584333679515,1,False,True,1762870875.1199343
2,110,-0.0026089778012834924,-0.0016529596636920833,0.0,0.0,-0.28698755814118415,-0.18182556300612918,0.0,0.0,0,False,True,1762870882.417974
3,250,-0.0026648019740523614,-0.0013988287129406004,0.0,0.0,-0.6662004935130903,-0.3497071782351501,0.0,0.0,0,False,True,1762870901.5400615
