episode_index,steps,mean_reward_drift,mean_reward_progress,mean_reward_intrusion,mean_reward_proximity,sum_reward_drift,sum_reward_progress,sum_reward_intrusion,sum_reward_proximity,total_intrusions,terminated_waypoint,truncated,finished_at
1,187,-0.0031065668951860046,-0.003676515676003182,-0.016042780748663103,-0.006951422852754574,-0.5809280093997828,-0.687508431412595,-3.0,-1.2999160734651054,1,False,True,1762870870.356784
2,31,-0.00199466232843375,-6.71252120437225e-05,0.0,0.0,-0.06183453218144626,-0.0020808815733553976,0.0,0.0,0,False,True,1762870877.052042
3,221,-0.001760408024689733,0.0019980699575096158,-0.013574660633484163,-0.013272041376607898,-0.389050173456431,0.44157346060962505,-3.0,-2.9331211442303453,1,False,True,1762870899.5845723
4,274,-0.00206575123538047,-0.0011475543850300483,0.0,-0.005564291115003247,-0.5660158384942489,-0.31442990149823324,0.0,-1.5246157655108898,0,False,True,1762870921.1505842
