episode_index,steps,mean_reward_drift,mean_reward_progress,mean_reward_intrusion,mean_reward_proximity,sum_reward_drift,sum_reward_progress,sum_reward_intrusion,sum_reward_proximity,total_intrusions,terminated_waypoint,truncated,finished_at
1,52,-0.0009025881305687337,0.004738652625279114,-0.057692307692307696,-0.07374024302877144,-0.04693458278957415,0.24640993651451396,-3.0,-3.834492637496115,1,False,True,1762869439.9974031
2,260,-0.002145454256561939,0.0005023606557212506,-0.011538461538461539,-0.00520925891890387,-0.5578181067061041,0.13061377048752515,-3.0,-1.3544073189150063,1,False,True,1762869477.7627325
