episode_index,steps,mean_reward_drift,mean_reward_progress,mean_reward_intrusion,mean_reward_proximity,sum_reward_drift,sum_reward_progress,sum_reward_intrusion,sum_reward_proximity,total_intrusions,terminated_waypoint,truncated,finished_at
1,115,-0.024255630760537203,0.0023798136834318356,0.0,-0.0012360364053986864,-2.7893975374617783,0.2736785735946611,0.0,-0.14214418662084893,0,False,True,1761568938.7567108
2,400,-0.03070247055985288,4.078409096608671e-05,-0.015,-0.08774897843609297,-12.28098822394115,0.016313636386434682,-6.0,-35.09959137443719,1,False,True,1761568942.9872112
