episode_index,steps,mean_reward_drift,mean_reward_progress,mean_reward_intrusion,mean_reward_proximity,sum_reward_drift,sum_reward_progress,sum_reward_intrusion,sum_reward_proximity,total_intrusions,terminated_waypoint,truncated,finished_at
1,183,-0.0017048624126781043,0.002465286298177348,-0.01639344262295082,-0.016188592702367853,-0.3119898215200931,0.45114739256645464,-3.0,-2.9625124645333174,1,False,True,1762852343.7909572
2,384,-0.0021285978000942993,0.0009545607959611867,-0.0078125,-0.006690038619592998,-0.8173815552362109,0.3665513456490957,-3.0,-2.5689748299237114,1,False,True,1762852397.210798
3,143,-0.002452909702825178,-0.0006537693551094339,0.0,-0.004426211574645066,-0.35076608750400046,-0.09348901778064905,0.0,-0.6329482551742445,0,False,True,1762852421.4199328
4,262,-0.0018276838458063521,0.00212623399816105,-0.011450381679389313,-0.007610777231036996,-0.4788531676012643,0.5570733075181951,-3.0,-1.9940236345316928,1,False,True,1762852474.640799
5,316,-0.0023406033555746896,-0.0005191832687925841,0.0,-0.0032595413054781275,-0.739630660361602,-0.16406191293845657,0.0,-1.0300150525310883,0,False,True,1762852521.4439125
6,139,-0.0028633019309243853,-0.0020583009321041915,-0.06474820143884892,-0.03835221653356804,-0.3979989683984896,-0.2861038295624826,-9.0,-5.330958098165957,3,False,True,1762852544.0566692
7,154,-0.0019478873435352269,0.0016376762760112167,0.0,0.0,-0.29997465090442493,0.25220214650572736,0.0,0.0,0,False,True,1762852576.899032
