episode_index,steps,mean_reward_drift,mean_reward_progress,mean_reward_intrusion,mean_reward_proximity,sum_reward_drift,sum_reward_progress,sum_reward_intrusion,sum_reward_proximity,total_intrusions,terminated_waypoint,truncated,finished_at
1,123,-0.002274429073234839,-0.0003595610528117217,-0.024390243902439025,-0.020668569146333023,-0.2797547760078852,-0.04422600949584177,-3.0,-2.542234004998962,1,False,True,1762852342.7439542
2,119,-0.0033813391977131385,-0.004109962144271224,0.0,-0.00674798708598443,-0.4023793645278635,-0.4890854951682757,0.0,-0.8030104632321472,0,False,True,1762852349.9986148
3,272,-0.002835407273165738,-0.0015940649588274975,0.0,0.0,-0.7712307783010808,-0.4335856688010793,0.0,0.0,0,False,True,1762852430.2648666
4,100,-0.002792033647211321,-0.002070144223026804,0.0,-0.005415769702334499,-0.2792033647211321,-0.2070144223026804,0.0,-0.5415769702334499,0,False,True,1762852451.138108
5,179,-0.002033300606716945,0.0007939460010825575,0.0,-0.005754274036486527,-0.36396080860233315,0.14211633419377778,0.0,-1.0300150525310883,0,False,True,1762852500.2227836
6,302,-0.002392554334008728,-0.00020475325814060707,-0.009933774834437087,-0.007206066437029156,-0.7225514088706358,-0.06183548395846333,-3.0,-2.176232063982805,1,False,True,1762852566.4943318
