episode_index,steps,mean_reward_drift,mean_reward_progress,mean_reward_intrusion,sum_reward_drift,sum_reward_progress,sum_reward_intrusion,total_intrusions,finished_at
1,20,-0.1421275115959048,0.0,0.0,-2.8425502319180964,0.0,0.0,0,1761054784.771714
2,9,-0.08347328858104369,0.0,0.0,-0.7512595972293932,0.0,0.0,0,1761054785.4394362
3,18,-0.208821503950134,0.0,-0.05555555555555555,-3.758787071102412,0.0,-1.0,1,1761054786.7360046
4,2,-0.062386818366245475,0.5,0.0,-0.12477363673249095,1.0,0.0,0,1761054787.326252
5,93,-0.1848843739048872,0.0,0.0,-17.19424677315451,0.0,0.0,0,1761054824.666811
