episode_index,steps,mean_reward_drift,mean_reward_progress,mean_reward_intrusion,sum_reward_drift,sum_reward_progress,sum_reward_intrusion,total_intrusions,finished_at
1,41,-0.19034883272773687,0.0,-0.04878048780487805,-7.804302141837211,0.0,-2.0,2,1761053491.3456192
2,19,-0.09728837953788023,0.0,0.0,-1.8484792112197244,0.0,0.0,0,1761053492.2190623
3,25,-0.15127398976703646,0.0,0.0,-3.7818497441759114,0.0,0.0,0,1761053492.9182127
4,19,-0.15289056897225284,0.0,0.0,-2.9049208104728037,0.0,0.0,0,1761053493.529461
5,15,-0.1774846145536424,0.0,0.0,-2.662269218304636,0.0,0.0,0,1761053529.0357614
6,67,-0.17877016632447973,0.0,0.0,-11.977601143740142,0.0,0.0,0,1761053530.621457
