episode_index,steps,mean_reward_drift,mean_reward_progress,mean_reward_intrusion,sum_reward_drift,sum_reward_progress,sum_reward_intrusion,total_intrusions,finished_at
1,10,-0.14299425628578916,0.0,0.0,-1.4299425628578915,0.0,0.0,0,1761053490.8235433
2,9,-0.20202333722421395,0.0,0.0,-1.8182100350179256,0.0,0.0,0,1761053492.090047
3,37,-0.17349757175941202,0.0,0.0,-6.4194101550982445,0.0,0.0,0,1761053493.0632582
4,22,-0.18123989404438323,0.0,0.0,-3.987277668976431,0.0,0.0,0,1761053493.570826
5,43,-0.1389691349195887,0.0,0.0,-5.975672801542315,0.0,0.0,0,1761053529.4514322
