episode_index,steps,mean_reward_drift,mean_reward_progress,mean_reward_intrusion,sum_reward_drift,sum_reward_progress,sum_reward_intrusion,total_intrusions,finished_at
1,57,-0.12984027720413957,0.0,0.0,-7.400895800635956,0.0,0.0,0,1761053491.560399
2,5,-0.14823736901674703,0.0,0.0,-0.7411868450837351,0.0,0.0,0,1761053492.035424
3,11,-0.1618579106997504,0.0,0.0,-1.7804370176972544,0.0,0.0,0,1761053492.692834
4,13,-0.08469480147560528,0.0,0.0,-1.1010324191828686,0.0,0.0,0,1761053493.4449334
5,9,-0.1650788877097016,0.0,0.0,-1.4857099893873145,0.0,0.0,0,1761053528.9460747
6,42,-0.13747533482370036,0.0,0.0,-5.773964062595415,0.0,0.0,0,1761053530.2755451
7,54,-0.19603034531445548,0.0,-0.018518518518518517,-10.585638646980597,0.0,-1.0,1,1761053531.5688758
8,31,-0.14165912395057564,0.0,0.0,-4.391432842467845,0.0,0.0,0,1761053532.0292711
