episode_index,steps,mean_reward_drift,mean_reward_progress,mean_reward_intrusion,sum_reward_drift,sum_reward_progress,sum_reward_intrusion,total_intrusions,finished_at
1,35,-0.2277904221135811,0.0,-0.02857142857142857,-7.972664773975339,0.0,-1.0,1,1761053491.2612555
2,39,-0.19108914919405182,0.0,0.0,-7.45247681856802,0.0,0.0,0,1761053492.4580438
3,25,-0.1627714341597419,0.0,-0.04,-4.069285853993548,0.0,-1.0,1,1761053492.9182127
4,40,-0.17835194724027842,0.0,0.0,-7.134077889611136,0.0,0.0,0,1761053493.8078332
