episode_index,steps,mean_reward_drift,mean_reward_progress,mean_reward_intrusion,sum_reward_drift,sum_reward_progress,sum_reward_intrusion,total_intrusions,finished_at
1,30,-0.2144081078976992,0.0,0.0,-6.432243236930976,0.0,0.0,0,1761055179.8920135
2,88,-0.1815091850356662,0.0,0.0,-15.972808283138626,0.0,0.0,0,1761055181.4391308
3,8,-0.10475936241078243,0.0,0.0,-0.8380748992862594,0.0,0.0,0,1761055181.6099138
4,29,-0.2128894900224323,0.0,0.0,-6.173795210650536,0.0,0.0,0,1761055218.6828773
