episode_index,steps,mean_reward_drift,mean_reward_progress,mean_reward_intrusion,sum_reward_drift,sum_reward_progress,sum_reward_intrusion,total_intrusions,finished_at
1,48,-0.1733701128257548,0.0,0.0,-8.32176541563623,0.0,0.0,0,1761055180.091204
2,58,-0.1808821020057855,0.0,-0.10344827586206896,-10.491161916335559,0.0,-6.0,6,1761055181.0469716
3,51,-0.20192103327599098,0.0,0.0,-10.29797269707554,0.0,0.0,0,1761055182.1899881
