episode_index,steps,mean_reward_drift,mean_reward_progress,mean_reward_intrusion,sum_reward_drift,sum_reward_progress,sum_reward_intrusion,total_intrusions,finished_at
1,12,-0.17449855276281526,0.0,0.0,-2.093982633153783,0.0,0.0,0,1761055179.6567352
2,19,-0.06394101877402676,0.0,0.0,-1.2148793567065086,0.0,0.0,0,1761055180.4666426
3,23,-0.19379111391831877,0.0,0.0,-4.457195620121332,0.0,0.0,0,1761055181.8209472
4,7,-0.14798876529931013,0.0,0.0,-1.0359213570951709,0.0,0.0,0,1761055182.3227916
5,71,-0.16789119125878174,0.0,-0.014084507042253521,-11.920274579373503,0.0,-1.0,1,1761055219.6944873
6,104,-0.11722186063231524,0.0,-0.019230769230769232,-12.191073505760786,0.0,-2.0,2,1761055221.2166588
