episode_index,steps,mean_reward_drift,mean_reward_progress,mean_reward_intrusion,sum_reward_drift,sum_reward_progress,sum_reward_intrusion,total_intrusions,finished_at
1,28,-0.18291071082089097,0.0,0.0,-5.121499902984947,0.0,0.0,0,1761055179.8680074
2,7,-0.08308065751391995,0.0,-0.14285714285714285,-0.5815646025974397,0.0,-1.0,1,1761055180.2435305
3,35,-0.16620644065199416,0.0,0.0,-5.817225422819796,0.0,0.0,0,1761055181.9782705
4,12,-0.14329844429040875,0.0,0.0,-1.719581331484905,0.0,0.0,0,1761055182.402015
5,17,-0.18761458462649602,0.0,0.0,-3.1894479386504324,0.0,0.0,0,1761055218.9877975
6,4,-0.16098041520431966,0.0,0.0,-0.6439216608172786,0.0,0.0,0,1761055219.7926025
7,25,-0.13713103017207312,0.0,0.0,-3.4282757543018283,0.0,0.0,0,1761055221.6521413
