episode_index,steps,mean_reward_drift,mean_reward_progress,mean_reward_intrusion,sum_reward_drift,sum_reward_progress,sum_reward_intrusion,finished_at
1,79,-0.1786380711086699,-0.0033056967498586113,-0.0379746835443038,-14.112407617584921,-0.2611500432388303,-3.0,1760947064.578845
2,3,-0.1658753331067366,0.005797675434034093,0.0,-0.4976259993202098,0.01739302630210228,0.0,1760947064.7228925
3,76,-0.15332340686308768,0.0018975921735872854,0.0,-11.652578921594664,0.1442170051926337,0.0,1760947066.4693882
4,49,-0.24052802266695775,-0.012996987111537371,0.0,-11.78587311068093,-0.6368523684653312,0.0,1760947067.320251
5,23,-0.18010006824638344,-0.0021629501289125684,0.0,-4.142301569666819,-0.04974785296498907,0.0,1760947067.7142694
6,23,-0.239675063621428,-0.014043743622155542,0.0,-5.5125264632928435,-0.32300610330957746,0.0,1760947069.4617617
7,24,-0.19037629347641513,-0.003978325113811041,0.0,-4.569031043433963,-0.09547980273146497,0.0,1760947136.166021
8,61,-0.10787757563864009,0.006369055011298306,0.0,-6.580532113957045,0.3885123556891967,0.0,1760947137.6958487
