episode_index,steps,mean_reward_drift,mean_reward_progress,mean_reward_intrusion,sum_reward_drift,sum_reward_progress,sum_reward_intrusion,finished_at
1,30,-0.15299761528707853,0.002018414270505068,-0.1,-4.589928458612356,0.060552428115152046,-3.0,1760947063.8502007
2,20,-0.1035990571319279,0.011515322065932521,0.0,-2.071981142638558,0.2303064413186504,0.0,1760947064.960487
3,46,-0.08850707506077718,0.012477682328713251,0.0,-4.07132545279575,0.5739733871208096,0.0,1760947066.0969944
4,49,-0.14728876960644752,0.0016699706771862144,-0.061224489795918366,-7.217149710715928,0.0818285631821245,-3.0,1760947067.320251
5,29,-0.1665981246327128,-0.0008939648587456167,-0.3103448275862069,-4.831345614348671,-0.025924980903622885,-9.0,1760947067.8160832
6,44,-0.20314342731541013,-0.007226820812631153,0.0,-8.938310801878046,-0.31798011575577073,0.0,1760947135.7395508
