episode_index,steps,mean_reward_drift,mean_reward_progress,mean_reward_intrusion,mean_reward_proximity,sum_reward_drift,sum_reward_progress,sum_reward_intrusion,sum_reward_proximity,total_intrusions,terminated_waypoint,truncated,finished_at
1,106,-0.00047562555476890163,0.009971146638678862,0.0,0.0,-0.050416308805503574,1.0569415436999594,0.0,0.0,0,True,False,1761813399.2846196
2,48,-0.001093942197901555,0.009325277590965934,0.0,0.0,-0.05250922549927464,0.4476133243663648,0.0,0.0,0,True,False,1761813406.8886323
3,87,-0.0005891300662574737,0.010234877552507723,0.0,0.0,-0.05125431576440021,0.8904343470681719,0.0,0.0,0,True,False,1761813424.6826694
4,97,-0.00035165333829078216,0.010436540326820566,0.0,0.0,-0.03411037381420587,1.012344411701595,0.0,0.0,0,True,False,1761813437.5372849
