episode_index,steps,mean_reward_drift,mean_reward_progress,mean_reward_intrusion,mean_reward_proximity,sum_reward_drift,sum_reward_progress,sum_reward_intrusion,sum_reward_proximity,total_intrusions,terminated_waypoint,truncated,finished_at
1,37,-0.0010338179560862755,0.01021862124833239,0.0,0.0,-0.03825126437519219,0.37808898618829845,0.0,0.0,0,True,False,1761813391.971828
2,106,-0.0008897237455576472,0.008315969608432347,-0.02830188679245283,-0.007130985297421342,-0.0943107170291106,0.8814927784938288,-3.0,-0.7558844415266622,1,True,False,1761813413.0044403
3,18,-0.002165437007167791,0.0019895371059483313,0.0,0.0,-0.03897786612902024,0.035811667907069966,0.0,0.0,0,False,True,1761813417.313642
4,66,-0.0011270475306787812,0.00607365082341816,0.0,0.0,-0.07438513702479957,0.40086095434559854,0.0,0.0,0,False,True,1761813434.2874415
