episode_index,steps,mean_reward_drift,mean_reward_progress,mean_reward_intrusion,mean_reward_proximity,sum_reward_drift,sum_reward_progress,sum_reward_intrusion,sum_reward_proximity,total_intrusions,terminated_waypoint,truncated,finished_at
1,25,-0.0008105445154980994,0.012807556775854115,0.0,0.0,-0.020263612887452483,0.32018891939635286,0.0,0.0,0,True,False,1761813390.7021706
2,52,-0.000650628332050644,0.010064270430226674,0.0,-0.015311341882181115,-0.03383267326663349,0.523342062371787,0.0,-0.796189777873418,0,True,False,1761813407.3079264
3,110,-0.00031216808386319496,0.01030572642449952,0.0,-0.006050974534659105,-0.034338489224951446,1.1336299066949471,0.0,-0.6656071988125015,0,True,False,1761813427.128473
4,35,-0.0004743733905168009,0.00774096045078886,0.0,0.0,-0.01660306866808803,0.2709336157776101,0.0,0.0,0,False,True,1761813430.9802523
