episode_index,steps,mean_reward_drift,mean_reward_progress,mean_reward_intrusion,sum_reward_drift,sum_reward_progress,sum_reward_intrusion,total_intrusions,finished_at
1,18,-0.18505564860944923,0.0,0.0,-3.331001674970086,0.0,0.0,0,1761055477.6192553
2,6,-0.10450969847550824,0.0,0.0,-0.6270581908530495,0.0,0.0,0,1761055478.2467349
3,11,-0.09930471289986659,0.0,0.0,-1.0923518418985325,0.0,0.0,0,1761055480.115408
4,27,-0.16332414568651785,0.0,-0.037037037037037035,-4.409751933535982,0.0,-1.0,1,1761055513.9717314
5,95,-0.12171389132216592,0.0,-0.010526315789473684,-11.562819675605763,0.0,-1.0,1,1761055515.9365563
