episode_index,steps,mean_reward_drift,mean_reward_progress,mean_reward_intrusion,sum_reward_drift,sum_reward_progress,sum_reward_intrusion,total_intrusions,finished_at
1,8,-0.1618609915681094,0.0,0.0,-1.2948879325448752,0.0,0.0,0,1761056922.8679702
2,32,-0.20701463706659975,0.0,0.0,-6.624468386131192,0.0,0.0,0,1761056923.758677
3,13,-0.15963343642261102,0.0,-0.15384615384615385,-2.0752346734939433,0.0,-2.0,2,1761056924.2119248
4,27,-0.22508236793183828,0.0,0.0,-6.077223934159633,0.0,0.0,0,1761056925.1514966
5,69,-0.1735778959163538,0.0,0.0,-11.976874818228413,0.0,0.0,0,1761056961.6165197
6,38,-0.18031077132903775,0.0,0.0,-6.851809310503435,0.0,0.0,0,1761056962.2078526
