episode_index,steps,mean_reward_drift,mean_reward_progress,mean_reward_intrusion,sum_reward_drift,sum_reward_progress,sum_reward_intrusion,total_intrusions,finished_at
1,33,-0.21375079639022992,0.0,0.0,-7.053776280877588,0.0,0.0,0,1761056923.263056
2,5,-0.07004215785448001,0.0,0.0,-0.3502107892724,0.0,0.0,0,1761056923.395698
3,8,-0.07618601250022018,0.0,0.0,-0.6094881000017615,0.0,0.0,0,1761056924.1431117
4,58,-0.19673600670846852,0.0,0.0,-11.410688389091174,0.0,0.0,0,1761056925.6208115
5,66,-0.17565204957272654,0.0,-0.030303030303030304,-11.593035271799952,0.0,-2.0,2,1761056961.5767784
6,12,-0.03555885728671792,0.08333333333333333,-0.25,-0.426706287440615,1.0,-3.0,3,1761056961.834116
7,62,-0.1467655887268882,0.0,-0.03225806451612903,-9.099466501067068,0.0,-2.0,2,1761056963.1320345
