episode_index,steps,mean_reward_drift,mean_reward_progress,mean_reward_intrusion,sum_reward_drift,sum_reward_progress,sum_reward_intrusion,total_intrusions,finished_at
1,16,-0.09372004083231275,0.0,-0.0625,-1.499520653317004,0.0,-1.0,1,1761056923.0143976
2,10,-0.053923601402090626,0.1,-0.1,-0.5392360140209063,1.0,-1.0,1,1761056923.4683738
3,8,-0.2223620080176613,0.0,-0.125,-1.7788960641412903,0.0,-1.0,1,1761056924.1431117
4,6,-0.05284885649775878,0.16666666666666666,0.0,-0.31709313898655267,1.0,0.0,0,1761056924.8339374
5,19,-0.0868478560036943,0.0,-0.10526315789473684,-1.6501092640701915,0.0,-2.0,2,1761056925.904645
6,38,-0.2029436044202253,0.0,0.0,-7.711856967968561,0.0,0.0,0,1761056962.2078526
