episode_index,steps,mean_reward_drift,mean_reward_progress,mean_reward_intrusion,sum_reward_drift,sum_reward_progress,sum_reward_intrusion,total_intrusions,finished_at
1,34,-0.11485889753946366,0.0,0.0,-3.9052025163417645,0.0,0.0,0,1761056923.2775903
2,45,-0.16335426788950277,0.0,0.0,-7.350942055027625,0.0,0.0,0,1761056923.944965
3,49,-0.1644395065312864,0.0,0.0,-8.057535820033033,0.0,0.0,0,1761056924.7193983
