episode_index,steps,mean_reward_drift,mean_reward_progress,mean_reward_intrusion,sum_reward_drift,sum_reward_progress,sum_reward_intrusion,total_intrusions,finished_at
1,45,-0.1332990408812281,0.0,0.0,-5.998456839655264,0.0,0.0,0,1761049212.5111542
2,43,-0.14508968088663024,0.0,0.0,-6.2388562781251,0.0,0.0,0,1761049214.437844
3,4,-0.11682733891714045,0.0,0.0,-0.4673093556685618,0.0,0.0,0,1761049214.5540023
4,136,-0.16300224528022492,0.0,0.0,-22.16830535811059,0.0,0.0,0,1761049251.5671034
