episode_index,steps,mean_reward_drift,mean_reward_progress,mean_reward_intrusion,mean_reward_proximity,sum_reward_drift,sum_reward_progress,sum_reward_intrusion,sum_reward_proximity,total_intrusions,terminated_waypoint,truncated,finished_at
1,112,-0.0036003465947012114,-0.005156378605274723,0.0,-0.010161044159880403,-0.40323881860653565,-0.577514403790769,0.0,-1.138036945906605,0,False,True,1762852342.3741267
2,74,-0.0007095651464804857,0.005558518207548534,-0.04054054054054054,-0.039334584454378554,-0.05250782083955594,0.41133034735859153,-3.0,-2.910759249624013,1,False,True,1762852345.5809205
3,156,-0.002087275067181835,0.001098538816478065,0.0,-0.0015016990140462934,-0.3256149104803663,0.17137205537057815,0.0,-0.23426504619122177,0,False,True,1762852421.809347
4,186,-0.0028286000426530596,-0.001957053840411043,0.0,0.0,-0.5261196079334691,-0.364012014316454,0.0,0.0,0,False,True,1762852449.314454
5,189,-0.0026945757625284113,-0.0020437116615022897,-0.031746031746031744,-0.016306256117834164,-0.5092748191178698,-0.3862615040239328,-6.0,-3.081882406270657,2,False,True,1762852478.2630193
6,109,-0.0021729014813348696,0.00043709161127949037,-0.027522935779816515,-0.020780700101209207,-0.23684626146550078,0.04764298562946445,-3.0,-2.2650963110318036,1,False,True,1762852499.064664
7,162,-0.0031269974327943146,-0.0035184237668144333,0.0,0.0,-0.5065735841126789,-0.5699846502239382,0.0,0.0,0,False,True,1762852544.6244855
