episode_index,steps,mean_reward_drift,mean_reward_progress,mean_reward_intrusion,mean_reward_proximity,sum_reward_drift,sum_reward_progress,sum_reward_intrusion,sum_reward_proximity,total_intrusions,terminated_waypoint,truncated,finished_at
1,45,-0.0020474493438869734,-0.0010087161255047297,0.0,0.0,-0.0921352204749138,-0.045392225647712836,0.0,0.0,0,False,True,1762852341.2501476
2,253,-0.002654919425628339,-0.0015824470462546772,-0.011857707509881422,-0.003442744794573055,-0.6716946146839697,-0.40035910270243336,-3.0,-0.8710144330269829,1,False,True,1762852370.5527294
3,78,-0.0025008755674210824,-0.0019627110153414974,0.0,0.0,-0.19506829425884442,-0.1530914591966368,0.0,0.0,0,False,True,1762852401.9870539
4,240,-0.0023109739535326847,0.0004762534158631093,0.0,0.0,-0.5546337488478443,0.11430081980714624,0.0,0.0,0,False,True,1762852452.9058297
