episode_index,steps,mean_reward_drift,mean_reward_progress,mean_reward_intrusion,mean_reward_proximity,sum_reward_drift,sum_reward_progress,sum_reward_intrusion,sum_reward_proximity,total_intrusions,terminated_waypoint,truncated,finished_at
1,194,-0.0026854195270022687,-0.0014416082586662929,0.0,-0.005866169824260851,-0.5209713882384401,-0.2796720021812608,0.0,-1.138036945906605,0,False,True,1762852343.9829988
2,106,-0.0016417995869254431,0.0031776855096630656,-0.02830188679245283,-0.027459992920981256,-0.17403075621409697,0.33683466402428497,-3.0,-2.910759249624013,1,False,True,1762852347.7071948
3,121,-0.0031564208704249284,-0.0038291385103440085,0.0,0.0,-0.3819269253214163,-0.46332575975162504,0.0,0.0,0,False,True,1762852419.370464
4,61,-0.003423267280893122,-0.002795817845356508,0.0,0.0,-0.20881930413448044,-0.170544888566747,0.0,0.0,0,False,True,1762852426.5844493
5,165,-0.003279478316183694,-0.003579332905795922,-0.03636363636363636,-0.013323935191847748,-0.5411139221703095,-0.5905899294563272,-6.0,-2.1984493066548785,2,False,True,1762852476.667347
6,250,-0.002357088155921589,-0.00044258667341598955,0.0,0.0,-0.5892720389803972,-0.11064666835399739,0.0,0.0,0,False,True,1762852520.6673672
