episode_index,steps,mean_reward_drift,mean_reward_progress,mean_reward_intrusion,mean_reward_proximity,sum_reward_drift,sum_reward_progress,sum_reward_intrusion,sum_reward_proximity,total_intrusions,terminated_waypoint,truncated,finished_at
1,69,-0.002123762908388577,-0.001108849744817793,0.0,0.0,-0.1465396406788118,-0.07651063239242772,0.0,0.0,0,False,True,1762863819.8688402
2,15,-0.0011739095848456275,0.012887621309453926,0.0,0.0,-0.017608643772684413,0.1933143196418089,0.0,0.0,0,True,False,1762863835.2398598
3,107,-0.002367392260514982,-0.0010605105214564008,-0.028037383177570093,-0.014330922287130166,-0.25331097187510304,-0.1134746257958349,-3.0,-1.5334086847229278,1,False,True,1762863851.6698418
4,142,-0.0012264715971066734,0.00403939951967196,0.0,0.0,-0.1741589667891476,0.5735947317934184,0.0,0.0,0,False,True,1762863892.0235808
5,114,-0.0022009899451333765,-0.0007811590177156331,0.0,-0.008976782396370012,-0.25091285374520494,-0.08905212801958218,0.0,-1.0233531931861815,0,False,True,1762863899.957835
6,400,-0.0021001691100961464,-0.00023815716513932508,0.0,-0.00024564334731730874,-0.8400676440384586,-0.09526286605573003,0.0,-0.0982573389269235,0,False,True,1762863936.8205242
