episode_index,steps,mean_reward_drift,mean_reward_progress,mean_reward_intrusion,mean_reward_proximity,sum_reward_drift,sum_reward_progress,sum_reward_intrusion,sum_reward_proximity,total_intrusions,terminated_waypoint,truncated,finished_at
1,129,-0.0031579058171909715,-0.0037560758296298234,0.0,-0.0044121862412589835,-0.40736985041763535,-0.48453378202224723,0.0,-0.5691720251224088,0,False,True,1762869442.38168
2,311,-0.0028028631752166733,-0.0012584737276083193,0.0,-0.002197734798677273,-0.8716904474923854,-0.3913853292861873,0.0,-0.6834955223886319,0,False,True,1762869464.2396457
