episode_index,steps,mean_reward_drift,mean_reward_progress,mean_reward_intrusion,mean_reward_proximity,sum_reward_drift,sum_reward_progress,sum_reward_intrusion,sum_reward_proximity,total_intrusions,terminated_waypoint,truncated,finished_at
1,180,-0.0022412482933138822,0.0006425616153715653,0.0,0.0,-0.4034246927964988,0.11566109076688175,0.0,0.0,0,False,True,1762870869.9207983
2,286,-0.0026607648881111197,0.0012701786410958787,-0.01048951048951049,-0.005191427574252681,-0.7609787579997802,0.3632710913534213,-3.0,-1.4847482862362669,1,False,True,1762870893.4432008
3,254,-0.002352935969592155,-0.001142297199414092,0.0,0.0,-0.5976457362764074,-0.2901434886511794,0.0,0.0,0,False,True,1762870911.1793687
