episode_index,steps,mean_reward_drift,mean_reward_progress,mean_reward_intrusion,mean_reward_proximity,sum_reward_drift,sum_reward_progress,sum_reward_intrusion,sum_reward_proximity,total_intrusions,terminated_waypoint,truncated,finished_at
1,16,-0.0010530196067923847,0.0031492451957792758,0.0,0.0,-0.016848313708678155,0.05038792313246841,0.0,0.0,0,False,True,1762870863.4648306
2,99,-0.0013765789118297647,0.003105921600674931,0.0,0.0,-0.1362813122711467,0.30748623846681816,0.0,0.0,0,False,True,1762870880.781031
3,75,-0.001309283220641016,0.0030404468644714094,0.0,0.0,-0.0981962415480762,0.22803351483535572,0.0,0.0,0,False,True,1762870898.3787854
4,146,-0.001815928061345373,0.0014280844264934463,0.0,0.0,-0.26512549695642446,0.20850032626804316,0.0,0.0,0,False,True,1762870921.414918
