episode_index,steps,mean_reward_drift,mean_reward_progress,mean_reward_intrusion,mean_reward_proximity,sum_reward_drift,sum_reward_progress,sum_reward_intrusion,sum_reward_proximity,total_intrusions,terminated_waypoint,truncated,finished_at
1,371,-0.0017120758334800577,0.0028131314475836433,-0.008086253369272238,-0.0039040616029104866,-0.6351801342211014,1.0436717670535316,-3.0,-1.4484068546797906,1,True,False,1762865696.6656995
2,241,-0.0024385462279317965,-0.0015372313862011832,-0.012448132780082987,-0.0026404615643352437,-0.587689640931563,-0.37047276407448515,-3.0,-0.6363512370047937,1,False,True,1762865713.4202447
