episode_index,steps,mean_reward_drift,mean_reward_progress,mean_reward_intrusion,mean_reward_path_efficiency,sum_reward_drift,sum_reward_progress,sum_reward_intrusion,sum_reward_path_efficiency,total_intrusions,terminated_waypoint,truncated,finished_at
1,58,-0.014266638158755809,-0.01699638640720389,0.0,0.0,-0.8274650132078369,-0.9857904116178257,0.0,0.0,0,False,True,1764321063.2285395
2,138,-0.009163735318119277,0.0026951232734252323,0.0,0.0,-1.2645954739004601,0.37192701173268206,0.0,0.0,0,False,True,1764321100.4070013
3,80,-0.0058248455466004935,0.017983217043431022,0.0,0.0,-0.46598764372803947,1.4386573634744817,0.0,0.0,0,False,True,1764321154.6704757
4,20,-0.005234186619176854,0.018264762730286065,0.0,0.0,-0.10468373238353708,0.3652952546057213,0.0,0.0,0,False,True,1764321166.0267355
5,92,-0.008290927155954511,0.004771597049210473,-0.391304347826087,0.0,-0.762765298347815,0.43898692852736354,-36.0,0.0,3,False,True,1764321214.0632887
