episode_index,steps,mean_reward_drift,mean_reward_progress,mean_reward_intrusion,mean_reward_path_efficiency,sum_reward_drift,sum_reward_progress,sum_reward_intrusion,sum_reward_path_efficiency,total_intrusions,terminated_waypoint,truncated,finished_at
1,77,-0.006492506200457967,0.011030838595200161,-3.116883116883117,0.0,-0.4999229774352635,0.8493745718304124,-240.0,0.0,20,False,True,1764321065.1937966
2,124,-0.012621853410289794,-0.017443993096790462,-0.2903225806451613,0.0,-1.5651098228759344,-2.1630551440020174,-36.0,0.0,3,False,True,1764321098.8316715
3,7,-0.005977806635534814,0.01693588215748895,0.0,0.0,-0.041844646448743694,0.11855117510242263,0.0,0.0,0,False,True,1764321108.1346757
4,188,-0.010105248667746994,-0.004593596251228639,0.0,0.0,-1.899786749536435,-0.863596095230984,0.0,0.0,0,False,True,1764321187.7242253
5,73,-0.0029757527066442274,0.10511090428487445,-4.109589041095891,0.0,-0.21722994758502862,7.673096012795835,-300.0,0.0,25,True,False,1764321211.5554876
