episode_index,steps,mean_reward_drift,mean_reward_progress,mean_reward_intrusion,mean_reward_path_efficiency,sum_reward_drift,sum_reward_progress,sum_reward_intrusion,sum_reward_path_efficiency,total_intrusions,terminated_waypoint,truncated,finished_at
1,86,-0.011222304332990875,-0.01261542875605806,0.0,0.0,-0.9651181726372152,-1.084926873020993,0.0,0.0,0,False,True,1764321066.3138273
2,101,-0.011774444352679048,-0.0119053775050694,0.0,0.0,-1.1892188796205838,-1.2024431280120094,0.0,0.0,0,False,True,1764321096.6479623
3,104,-0.009449400548016948,-0.0016465986651551811,-1.1538461538461537,0.0,-0.9827376569937626,-0.17124626117613884,-120.0,0.0,10,False,True,1764321157.271781
4,23,-0.006572457058479238,0.010213531354857279,0.0,0.0,-0.15116651234502249,0.23491122116171742,0.0,0.0,0,False,True,1764321166.3845677
5,52,-0.004533756744476674,0.02865590653473031,-0.23076923076923078,0.0,-0.23575535071278705,1.4901071398059762,-12.0,0.0,1,False,True,1764321208.9153333
