episode_index,steps,mean_reward_drift,mean_reward_progress,mean_reward_intrusion,mean_reward_path_efficiency,sum_reward_drift,sum_reward_progress,sum_reward_intrusion,sum_reward_path_efficiency,total_intrusions,terminated_waypoint,truncated,finished_at
1,161,-0.0130348993593772,-0.020750412632461763,0.0,0.0,-2.0986187968597294,-3.340816433826344,0.0,0.0,0,False,True,1764321076.233309
2,123,-0.01012787785924198,-0.006182673080125177,-0.2926829268292683,0.0,-1.2457289766867636,-0.7604687888553968,-36.0,0.0,3,False,True,1764321098.8021166
3,161,-0.006428656824947016,0.010284522830554574,0.0,0.0,-1.0350137488164695,1.6558081757192864,0.0,0.0,0,False,True,1764321163.714208
