episode_index,steps,mean_reward_drift,mean_reward_progress,mean_reward_intrusion,mean_reward_path_efficiency,sum_reward_drift,sum_reward_progress,sum_reward_intrusion,sum_reward_path_efficiency,total_intrusions,terminated_waypoint,truncated,finished_at
1,12,-0.012004852486559622,-0.014743495753480515,0.0,0.0,-0.14405822983871547,-0.17692194904176617,0.0,0.0,0,False,True,1764321057.8282683
2,121,-0.010684219440448929,-0.01086003821550718,-1.3884297520661157,0.0,-1.2927905522943204,-1.314064624076369,-168.0,0.0,14,False,True,1764321098.5480785
3,51,-0.008616696458961454,0.003174327494555764,0.0,0.0,-0.43945151940703414,0.16189070222234397,0.0,0.0,0,False,True,1764321114.4737952
4,98,-0.007585156982728474,0.010459820938313727,0.0,0.0,-0.7433453843073905,1.0250624519547453,0.0,0.0,0,False,True,1764321176.127736
5,36,-0.0021577012199931966,0.17118859007332657,-1.3333333333333333,0.0,-0.07767724391975507,6.162789242639756,-48.0,0.0,4,True,False,1764321206.979846
