episode_index,steps,mean_reward_drift,mean_reward_progress,mean_reward_intrusion,mean_reward_path_efficiency,sum_reward_drift,sum_reward_progress,sum_reward_intrusion,sum_reward_path_efficiency,total_intrusions,terminated_waypoint,truncated,finished_at
1,78,-0.0068488375854003185,0.009652880145630273,0.0,0.0,-0.5342093316612249,0.7529246513591612,0.0,0.0,0,False,True,1764321065.2223778
2,65,-0.0023273383778224252,0.03752640566316652,-0.9230769230769231,0.0,-0.15127699455845764,2.4392163681058237,-60.0,0.0,5,False,True,1764321092.5767674
3,18,-0.007403686580233522,0.012333429729684242,0.0,0.0,-0.1332663584442034,0.22200173513431634,0.0,0.0,0,False,True,1764321109.6964612
4,300,-0.008788394063879008,0.0029210093534685214,-0.48,0.0,-2.6365182191637024,0.8763028060405564,-144.0,0.0,12,False,True,1764321202.1498854
