episode_index,steps,mean_reward_drift,mean_reward_progress,mean_reward_intrusion,mean_reward_path_efficiency,sum_reward_drift,sum_reward_progress,sum_reward_intrusion,sum_reward_path_efficiency,total_intrusions,terminated_waypoint,truncated,finished_at
1,98,-0.010330601383330864,-0.0030150931857403193,0.0,0.0,-1.0123989355664247,-0.2954791322025513,0.0,0.0,0,False,True,1764321067.3746858
2,104,-0.0118122321873981,-0.012445517417137628,0.0,0.0,-1.2284721474894023,-1.2943338113823133,0.0,0.0,0,False,True,1764321096.9500315
3,65,-0.007171812812941249,0.01190386347109475,-0.7384615384615385,0.0,-0.4661678328411812,0.7737511256211588,-48.0,0.0,4,False,True,1764321116.370844
4,178,-0.010517916593287418,-0.006267677138781189,-0.2696629213483146,0.0,-1.8721891536051603,-1.1156465307030516,-48.0,0.0,4,False,True,1764321186.6298485
5,66,-0.004387084530843266,0.022314956992247795,0.0,0.0,-0.2895475790356556,1.4727871614883545,0.0,0.0,0,False,True,1764321210.7401447
