episode_index,steps,mean_reward_drift,mean_reward_progress,mean_reward_intrusion,mean_reward_path_efficiency,mean_reward_boundary,mean_reward_step,mean_reward_proximity,sum_reward_drift,sum_reward_progress,sum_reward_intrusion,sum_reward_path_efficiency,sum_reward_boundary,sum_reward_step,sum_reward_proximity,total_intrusions,terminated_waypoint,terminated_collision,truncated,finished_at
1,3,-0.0012603774870834597,0.011438562977807246,-5.0,0.0,0.0,-0.005,0.8024592394880358,-0.0037811324612503795,0.03431568893342174,-15.0,0.0,0.0,-0.015,2.407377718464107,1,False,True,False,1764700200.1307635
2,47,-0.005301399635107266,0.00048281323577691255,0.0,0.0,0.0,-0.005000000000000003,0.12178701163964764,-0.2491657828500415,0.02269222208151489,0.0,0.0,0.0,-0.23500000000000013,5.723989547063439,0,False,True,False,1764700209.0824153
3,29,-0.001572322079982921,0.008898221837481601,0.0,0.0,0.0,-0.005000000000000002,0.05082091850604652,-0.04559734031950471,0.2580484332869664,0.0,0.0,0.0,-0.14500000000000005,1.473806636675349,0,False,True,False,1764700224.5231714
4,248,-0.005570199823378985,-0.0013324927168066934,0.0,0.0,-0.008064516129032258,-0.004999999999999982,0.0464760183870778,-1.3814095561979884,-0.33045819376805996,0.0,0.0,-2.0,-1.2399999999999956,11.526052559995295,0,False,False,True,1764700268.5338602
5,29,-0.001116848983348896,0.01298133692203278,0.0,0.0,0.0,-0.005000000000000002,0.17972602304158775,-0.03238862051711798,0.3764587707389506,0.0,0.0,0.0,-0.14500000000000005,5.2120546682060445,0,False,True,False,1764700294.361549
