episode_index,steps,mean_reward_drift,mean_reward_progress,mean_reward_intrusion,mean_reward_path_efficiency,mean_reward_boundary,mean_reward_step,mean_reward_proximity,sum_reward_drift,sum_reward_progress,sum_reward_intrusion,sum_reward_path_efficiency,sum_reward_boundary,sum_reward_step,sum_reward_proximity,total_intrusions,terminated_waypoint,terminated_collision,truncated,finished_at
1,13,-0.000791388331675001,0.010675948872777844,-1.1538461538461537,0.0,0.0,-0.004999999999999999,0.16686851221472931,-0.010288048311775013,0.13878733534611198,-15.0,0.0,0.0,-0.06499999999999999,2.169290658791481,1,False,True,False,1764700201.1253679
2,31,-0.0016773362586293727,0.011480433742037813,-0.4838709677419355,0.0,0.0,-0.005000000000000002,0.20154705276770715,-0.051997424017510556,0.3558934460031722,-15.0,0.0,0.0,-0.15500000000000005,6.247958635798922,1,False,True,False,1764700207.975356
3,101,-0.007100488628020643,-0.006198908992195527,0.0,0.0,-0.019801980198019802,-0.005000000000000004,0.023223564996795423,-0.717149351430085,-0.6260898082117482,0.0,0.0,-2.0,-0.5050000000000003,2.3455800646763376,0,False,False,True,1764700229.053752
4,11,-0.0012273999148270055,0.007058072049921129,-1.3636363636363635,0.0,0.0,-0.004999999999999999,0.17033081980117393,-0.013501399063097061,0.07763879254913242,-15.0,0.0,0.0,-0.05499999999999999,1.8736390178129132,1,False,True,False,1764700237.3384058
5,139,-0.004897872700583451,0.0004566761807087992,0.0,0.0,-0.014388489208633094,-0.005000000000000004,0.0003711193615527028,-0.6808043053810997,0.06347798911852309,0.0,0.0,-2.0,-0.6950000000000005,0.051585591255825694,0,False,False,True,1764700310.374142
