episode_index,steps,mean_reward_drift,mean_reward_progress,mean_reward_intrusion,mean_reward_path_efficiency,mean_reward_boundary,mean_reward_step,mean_reward_proximity,sum_reward_drift,sum_reward_progress,sum_reward_intrusion,sum_reward_path_efficiency,sum_reward_boundary,sum_reward_step,sum_reward_proximity,total_intrusions,terminated_waypoint,terminated_collision,truncated,finished_at
1,94,-0.005271996413107547,-0.003916560650597012,0.0,0.0,0.0,-0.005000000000000004,0.09544517184935083,-0.4955676628321094,-0.3681567011561192,0.0,0.0,0.0,-0.4700000000000003,8.971846153838978,0,False,True,False,1764700205.7626934
2,6,-0.001822155192288808,0.01105733137340185,-2.5,0.0,0.0,-0.005,0.4999615929426076,-0.010932931153732848,0.0663439882404111,-15.0,0.0,0.0,-0.030000000000000002,2.999769557655646,1,False,True,False,1764700206.5194378
3,108,-0.00366598665309339,0.0050436458776993666,0.0,0.0,-0.018518518518518517,-0.005000000000000004,0.0,-0.39592655853408615,0.5447137547915316,0.0,0.0,-2.0,-0.5400000000000004,0.0,0,False,False,True,1764700229.534963
4,21,-0.0021673494709304082,0.006911480248892659,-0.7142857142857143,0.0,0.0,-0.005000000000000001,0.1911868849036773,-0.045514338889538576,0.14514108522674585,-15.0,0.0,0.0,-0.10500000000000002,4.0149245829772235,1,False,True,False,1764700238.8238044
5,74,-0.005016480707825721,-0.00027313226380373286,0.0,0.0,-0.02702702702702703,-0.005000000000000003,0.07068768323594775,-0.37121957237910336,-0.020211787521476232,0.0,0.0,-2.0,-0.3700000000000002,5.2308885594601335,0,False,False,True,1764700301.7142317
