episode_index,steps,mean_reward_drift,mean_reward_progress,mean_reward_intrusion,mean_reward_path_efficiency,mean_reward_boundary,mean_reward_step,mean_reward_proximity,sum_reward_drift,sum_reward_progress,sum_reward_intrusion,sum_reward_path_efficiency,sum_reward_boundary,sum_reward_step,sum_reward_proximity,total_intrusions,terminated_waypoint,terminated_collision,truncated,finished_at
1,6,-0.0005613256014455358,0.010802492060704383,-2.5,0.0,0.0,-0.005,0.3028582108896267,-0.003367953608673215,0.0648149523642263,-15.0,0.0,0.0,-0.030000000000000002,1.8171492653377603,1,False,True,False,1764700200.495592
2,6,-0.0008123225884024613,0.011711408239053922,-2.5,0.0,0.0,-0.005,0.2021674837557245,-0.004873935530414768,0.07026844943432353,-15.0,0.0,0.0,-0.030000000000000002,1.213004902534347,1,False,True,False,1764700206.5194378
3,49,-0.0051474389738099605,-0.0019406595405505895,0.0,0.0,-0.04081632653061224,-0.005000000000000003,0.07336715482502708,-0.2522245097166881,-0.09509231748697888,0.0,0.0,-2.0,-0.24500000000000013,3.5949905864263267,0,False,False,True,1764700225.7125897
4,331,-0.005914633758362776,-0.001645517349428573,-0.18126888217522658,0.0,0.0,-0.00499999999999996,0.033126752353116524,-1.957743774018079,-0.5446662426608577,-60.0,0.0,0.0,-1.6549999999999867,10.964955028881569,4,False,True,False,1764700279.623445
5,107,-0.004066310723541038,0.0012792460100695892,0.0,0.0,-0.018691588785046728,-0.005000000000000004,0.31531072972548246,-0.43509524741889105,0.13687932307744605,0.0,0.0,-2.0,-0.5350000000000004,33.738248080626626,0,False,False,True,1764700306.312001
