episode_index,steps,mean_reward_drift,mean_reward_progress,mean_reward_intrusion,mean_reward_path_efficiency,mean_reward_boundary,mean_reward_step,mean_reward_proximity,sum_reward_drift,sum_reward_progress,sum_reward_intrusion,sum_reward_path_efficiency,sum_reward_boundary,sum_reward_step,sum_reward_proximity,total_intrusions,terminated_waypoint,terminated_collision,truncated,finished_at
1,9,-0.0009569267545042495,0.012365821407278044,-1.6666666666666667,0.0,0.0,-0.005,0.385096018102868,-0.008612340790538246,0.1112923926655024,-15.0,0.0,0.0,-0.045,3.465864162925812,1,False,True,False,1764700200.778995
2,6,-0.0022275173595168772,0.005811175964339462,-2.5,0.0,0.0,-0.005,0.4999615929426076,-0.013365104157101263,0.03486705578603677,-15.0,0.0,0.0,-0.030000000000000002,2.999769557655646,1,False,True,False,1764700206.5194378
3,13,-0.0015895926361532025,0.009539280757866083,-1.1538461538461537,0.0,0.0,-0.004999999999999999,0.20535677948012257,-0.020664704269991632,0.12401064985225907,-15.0,0.0,0.0,-0.06499999999999999,2.6696381332415933,1,False,True,False,1764700223.575661
4,34,-0.0012139488580816828,0.01153477265352752,0.0,0.0,-0.058823529411764705,-0.005000000000000002,0.0,-0.04127426117477721,0.3921822702199357,0.0,0.0,-2.0,-0.17000000000000007,0.0,0,False,False,True,1764700240.6803868
5,6,-0.0005668282396294597,0.008904811119802902,-2.5,0.0,0.0,-0.005,0.29198203840400344,-0.0034009694377767586,0.053428866718817414,-15.0,0.0,0.0,-0.030000000000000002,1.7518922304240208,1,False,True,False,1764700290.7294285
