episode_index,steps,mean_reward_drift,mean_reward_progress,mean_reward_intrusion,mean_reward_path_efficiency,mean_reward_boundary,mean_reward_step,mean_reward_proximity,sum_reward_drift,sum_reward_progress,sum_reward_intrusion,sum_reward_path_efficiency,sum_reward_boundary,sum_reward_step,sum_reward_proximity,total_intrusions,terminated_waypoint,terminated_collision,truncated,finished_at
1,61,-0.001822305885510249,0.013289827250955401,0.0,0.0,-0.03278688524590164,-0.005000000000000003,0.2875288009451768,-0.1111606590161252,0.8106794623082795,0.0,0.0,-2.0,-0.30500000000000016,17.539256857655786,0,False,False,True,1764700204.3210402
2,31,-0.003874721322789254,0.002801890386057647,-0.4838709677419355,0.0,0.0,-0.005000000000000002,0.22141989792324068,-0.12011636100646687,0.08685860196778705,-15.0,0.0,0.0,-0.15500000000000005,6.864016835620461,1,False,True,False,1764700207.975356
3,25,-0.0008986060697280682,0.0937127977492545,0.0,0.0,0.0,-0.005000000000000001,0.17142255939089923,-0.022465151743201704,2.342819943731363,0.0,0.0,0.0,-0.12500000000000003,4.285563984772481,0,True,False,False,1764700224.2886786
4,21,-0.004467882001559562,-0.0011966202720036286,-0.7142857142857143,0.0,0.0,-0.005000000000000001,0.07295929401666883,-0.0938255220327508,-0.025129025712076203,-15.0,0.0,0.0,-0.10500000000000002,1.5321451743500454,1,False,True,False,1764700238.8238044
5,182,-0.0041271823987629646,0.0010753214512921859,0.0,0.0,0.0,-0.005000000000000004,0.21996105423161197,-0.7511471965748595,0.19570850413517782,0.0,0.0,0.0,-0.9100000000000007,40.03291187015338,0,False,True,False,1764700316.3329356
