episode_index,steps,mean_reward_drift,mean_reward_progress,mean_reward_intrusion,mean_reward_path_efficiency,mean_reward_boundary,mean_reward_step,mean_reward_proximity,sum_reward_drift,sum_reward_progress,sum_reward_intrusion,sum_reward_path_efficiency,sum_reward_boundary,sum_reward_step,sum_reward_proximity,total_intrusions,terminated_waypoint,terminated_collision,truncated,finished_at
1,86,-0.006922785571157119,-0.011066977215755839,-0.1744186046511628,0.0,-0.023255813953488372,-0.005000000000000004,0.12693648206506375,-0.5953595591195122,-0.9517600405550022,-15.0,0.0,-2.0,-0.43000000000000027,10.916537457595483,1,False,False,True,1764700205.4628854
2,47,-0.001031208525482544,0.014720438915921953,-1.9148936170212767,0.0,0.0,-0.005000000000000003,0.17470461515219227,-0.048466800697679564,0.6918606290483318,-90.0,0.0,0.0,-0.23500000000000013,8.211116912153036,6,False,True,False,1764700209.0824153
3,170,-0.00519849514638725,-0.0029460384548240038,0.0,0.0,-0.011764705882352941,-0.005000000000000004,0.2469225200476962,-0.8837441748858325,-0.5008265373200806,0.0,0.0,-2.0,-0.8500000000000006,41.976828408108354,0,False,False,True,1764700232.8605645
4,46,-0.005336087342519657,-0.003029832622783499,0.0,0.0,-0.043478260869565216,-0.005000000000000003,0.028493508184554955,-0.24546001775590426,-0.13937230064804096,0.0,0.0,-2.0,-0.23000000000000012,1.310701376489528,0,False,False,True,1764700242.1799176
5,10,-0.00271585727074612,0.004900759443854175,-1.5,0.0,0.0,-0.004999999999999999,0.3681156434425403,-0.0271585727074612,0.049007594438541746,-15.0,0.0,0.0,-0.049999999999999996,3.681156434425403,1,False,True,False,1764700291.1955729
