episode_index,steps,mean_reward_drift,mean_reward_progress,mean_reward_intrusion,mean_reward_path_efficiency,mean_reward_boundary,mean_reward_step,mean_reward_proximity,sum_reward_drift,sum_reward_progress,sum_reward_intrusion,sum_reward_path_efficiency,sum_reward_boundary,sum_reward_step,sum_reward_proximity,total_intrusions,terminated_waypoint,terminated_collision,truncated,finished_at
1,56,-0.0015441795806064057,0.008697652958227251,0.0,0.0,0.0,-0.005000000000000003,0.021950376660887064,-0.08647405651395872,0.48706856566072604,0.0,0.0,0.0,-0.28000000000000014,1.2292210930096756,0,False,True,False,1764700204.1238563
2,23,-0.0014938020888222315,0.005338972808472943,0.0,0.0,0.0,-0.005000000000000002,0.4325506808235724,-0.034357448042911326,0.12279637459487769,0.0,0.0,0.0,-0.11500000000000003,9.948665658942165,0,False,True,False,1764700207.5116503
3,15,-0.004494112601039125,0.00016078276405656993,-1.0,0.0,0.0,-0.005,0.1307721808109394,-0.06741168901558688,0.002411741460848549,-15.0,0.0,0.0,-0.075,1.9615827121640907,1,False,True,False,1764700223.716182
4,400,-0.0054410463760369635,-0.0007277969656301708,-0.8625,0.0,0.0,-0.004999999999999948,0.09305585750758509,-2.1764185504147853,-0.29111878625206833,-345.0,0.0,0.0,-1.9999999999999793,37.222343003034034,23,False,False,True,1764700289.7386963
