episode_index,steps,mean_reward_drift,mean_reward_progress,mean_reward_intrusion,mean_reward_path_efficiency,mean_reward_boundary,mean_reward_step,mean_reward_proximity,sum_reward_drift,sum_reward_progress,sum_reward_intrusion,sum_reward_path_efficiency,sum_reward_boundary,sum_reward_step,sum_reward_proximity,total_intrusions,terminated_waypoint,terminated_collision,truncated,finished_at
1,94,-0.002432129841973272,0.00928932955644141,0.0,0.0,0.0,-0.005000000000000004,0.10952096565489475,-0.22862020514548753,0.8731969783054925,0.0,0.0,0.0,-0.4700000000000003,10.294970771560106,0,False,True,False,1764700205.7626934
2,153,-0.0031007988884642354,0.00498339451336235,-0.09803921568627451,0.0,0.0,-0.005000000000000004,0.14565770184141114,-0.47442222993502803,0.7624593605444396,-15.0,0.0,0.0,-0.7650000000000006,22.285628381735904,1,False,True,False,1764700216.1934965
3,16,-0.00686372577060874,-0.004239931164982669,-0.9375,0.0,0.0,-0.005,0.10688448637016856,-0.10981961232973984,-0.0678388986397227,-15.0,0.0,0.0,-0.08,1.710151781922697,1,False,True,False,1764700223.7385178
4,14,-0.0033957918543471694,0.003998484331911947,0.0,0.0,-0.14285714285714285,-0.004999999999999999,0.0,-0.047541085960860374,0.05597878064676726,0.0,0.0,-2.0,-0.06999999999999999,0.0,0,False,False,True,1764700237.707947
5,17,-0.0014215764416584497,0.007813133655742896,-0.8823529411764706,0.0,0.0,-0.005,0.28399561350928615,-0.024166799508193646,0.13282327214762923,-15.0,0.0,0.0,-0.085,4.827925429657864,1,False,True,False,1764700292.5543766
