episode_index,steps,mean_reward_drift,mean_reward_progress,mean_reward_intrusion,mean_reward_path_efficiency,mean_reward_boundary,mean_reward_step,mean_reward_proximity,sum_reward_drift,sum_reward_progress,sum_reward_intrusion,sum_reward_path_efficiency,sum_reward_boundary,sum_reward_step,sum_reward_proximity,total_intrusions,terminated_waypoint,terminated_collision,truncated,finished_at
1,3,-0.0006863843036498852,0.011010080775874656,-5.0,0.0,0.0,-0.005,0.6734745131962795,-0.002059152910949656,0.03303024232762397,-15.0,0.0,0.0,-0.015,2.0204235395888386,1,False,True,False,1764700200.1307635
2,10,-0.0026857581663532375,0.00632686480278657,-1.5,0.0,0.0,-0.004999999999999999,0.1535187970881482,-0.026857581663532373,0.06326864802786569,-15.0,0.0,0.0,-0.049999999999999996,1.535187970881482,1,False,True,False,1764700206.731413
3,29,-0.0036935928087689744,0.004736279456060114,-0.5172413793103449,0.0,0.0,-0.005000000000000002,0.05065914140667602,-0.10711419145430026,0.1373521042257433,-15.0,0.0,0.0,-0.14500000000000005,1.4691151007936045,1,False,True,False,1764700224.5231714
4,5,-0.0024678849394446788,0.006453582336874741,-3.0,0.0,0.0,-0.005,0.5332847331646565,-0.012339424697223393,0.03226791168437371,-15.0,0.0,0.0,-0.025,2.6664236658232827,1,False,True,False,1764700236.5564532
5,25,-0.0036881662989972563,0.0026531244978650914,-0.6,0.0,0.0,-0.005000000000000001,0.09957209786642326,-0.09220415747493141,0.06632811244662729,-15.0,0.0,0.0,-0.12500000000000003,2.4893024466605818,1,False,True,False,1764700293.5592077
