episode_index,steps,mean_reward_drift,mean_reward_progress,mean_reward_intrusion,mean_reward_path_efficiency,mean_reward_boundary,mean_reward_step,mean_reward_proximity,sum_reward_drift,sum_reward_progress,sum_reward_intrusion,sum_reward_path_efficiency,sum_reward_boundary,sum_reward_step,sum_reward_proximity,total_intrusions,terminated_waypoint,terminated_collision,truncated,finished_at
1,39,-0.006713738288556774,-0.0034648415921009457,0.0,0.0,-0.05128205128205128,-0.005000000000000003,0.006279956639432413,-0.2618357932537142,-0.13512882209193688,0.0,0.0,-2.0,-0.1950000000000001,0.24491830893786412,0,False,False,True,1764700203.1524036
2,29,-0.0013062228206789264,0.011086994135442426,0.0,0.0,0.0,-0.005000000000000002,0.12932140879109177,-0.03788046179968887,0.3215228299278303,0.0,0.0,0.0,-0.14500000000000005,3.750320854941662,0,False,True,False,1764700207.9233475
3,5,-0.0011129763047231307,0.009813918478422412,-3.0,0.0,0.0,-0.005,0.3923946464126461,-0.005564881523615654,0.04906959239211206,-15.0,0.0,0.0,-0.025,1.9619732320632304,1,False,True,False,1764700223.0651827
4,11,-0.0037845676655720796,0.0027838126570168516,-1.3636363636363635,0.0,0.0,-0.004999999999999999,0.17033081980117393,-0.04163024432129288,0.03062193922718537,-15.0,0.0,0.0,-0.05499999999999999,1.8736390178129132,1,False,True,False,1764700237.3384058
5,182,-0.00531410144508559,-0.00024183989902869043,-0.6593406593406593,0.0,0.0,-0.005000000000000004,0.23638302978121842,-0.9671664630055774,-0.04401486162322166,-120.0,0.0,0.0,-0.9100000000000007,43.02171142018175,8,False,True,False,1764700316.3339362
