episode_index,steps,mean_reward_drift,mean_reward_progress,mean_reward_intrusion,mean_reward_path_efficiency,mean_reward_boundary,mean_reward_step,mean_reward_proximity,sum_reward_drift,sum_reward_progress,sum_reward_intrusion,sum_reward_path_efficiency,sum_reward_boundary,sum_reward_step,sum_reward_proximity,total_intrusions,terminated_waypoint,terminated_collision,truncated,finished_at
1,99,-0.003299977662395763,0.00419221389811712,-2.272727272727273,0.0,0.0,-0.005000000000000004,0.1980754989464717,-0.32669778857718057,0.4150291759135949,-225.0,0.0,0.0,-0.49500000000000033,19.609474395700698,15,False,True,False,1764700206.1096668
2,10,-0.0027996593644578414,0.006254396516663629,-1.5,0.0,0.0,-0.004999999999999999,0.15587066167979077,-0.027996593644578415,0.0625439651666363,-15.0,0.0,0.0,-0.049999999999999996,1.5587066167979078,1,False,True,False,1764700206.731413
3,55,-0.006127250059596957,-0.004092082537238552,0.0,0.0,-0.03636363636363636,-0.005000000000000003,0.09179620700877116,-0.33699875327783263,-0.22506453954812033,0.0,0.0,-2.0,-0.27500000000000013,5.048791385482414,0,False,False,True,1764700226.0009065
4,400,-0.005044412461532407,8.121323442361578e-05,-0.6,0.0,0.0,-0.004999999999999948,0.1309714079928371,-2.017764984612963,0.03248529376944631,-240.0,0.0,0.0,-1.9999999999999793,52.38856319713484,16,False,False,True,1764700289.7386963
