episode_index,steps,mean_reward_drift,mean_reward_progress,mean_reward_intrusion,mean_reward_path_efficiency,mean_reward_boundary,mean_reward_step,mean_reward_proximity,sum_reward_drift,sum_reward_progress,sum_reward_intrusion,sum_reward_path_efficiency,sum_reward_boundary,sum_reward_step,sum_reward_proximity,total_intrusions,terminated_waypoint,terminated_collision,truncated,finished_at
1,5,-0.0026149464080421347,0.006270396889986651,-3.0,0.0,0.0,-0.005,0.30345571812438765,-0.013074732040210674,0.03135198444993326,-15.0,0.0,0.0,-0.025,1.5172785906219382,1,False,True,False,1764700200.419327
2,6,-0.0013211143037646673,0.012994780583807208,-2.5,0.0,0.0,-0.005,0.2021674837557245,-0.007926685822588004,0.07796868350284325,-15.0,0.0,0.0,-0.030000000000000002,1.213004902534347,1,False,True,False,1764700206.5194378
3,14,-0.0047999712730425964,0.0005002115908114676,0.0,0.0,-0.14285714285714285,-0.004999999999999999,0.0,-0.06719959782259635,0.007002962271360547,0.0,0.0,-2.0,-0.06999999999999999,0.0,0,False,False,True,1764700223.6181061
4,5,-0.00125358061077783,0.00816894743231229,-3.0,0.0,0.0,-0.005,0.5332847331646565,-0.00626790305388915,0.04084473716156145,-15.0,0.0,0.0,-0.025,2.6664236658232827,1,False,True,False,1764700236.5564532
5,11,-0.005827425976444961,-0.003957165438666976,0.0,0.0,-0.18181818181818182,-0.004999999999999999,0.0008544756134456987,-0.06410168574089457,-0.04352881982533674,0.0,0.0,-2.0,-0.05499999999999999,0.009399231747902685,0,False,False,True,1764700291.541077
