episode_index,steps,mean_reward_drift,mean_reward_progress,mean_reward_intrusion,mean_reward_path_efficiency,mean_reward_boundary,mean_reward_step,mean_reward_proximity,sum_reward_drift,sum_reward_progress,sum_reward_intrusion,sum_reward_path_efficiency,sum_reward_boundary,sum_reward_step,sum_reward_proximity,total_intrusions,terminated_waypoint,terminated_collision,truncated,finished_at
1,7,-0.0026353817504924646,0.007112884740681994,-2.142857142857143,0.0,0.0,-0.005,0.2813874834952505,-0.01844767225344725,0.049790193184773957,-15.0,0.0,0.0,-0.035,1.9697123844667535,1,False,True,False,1764700200.5852606
2,39,-0.0024755372774924356,0.007471596538528634,0.0,0.0,0.0,-0.005000000000000003,0.07488789693080751,-0.09654595382220499,0.2913922650026167,0.0,0.0,0.0,-0.1950000000000001,2.920627980301493,0,False,True,False,1764700208.5178514
3,30,-0.001257705314360643,0.013386684458760501,-0.5,0.0,0.0,-0.005000000000000002,0.060874431289322586,-0.03773115943081929,0.401600533762815,-15.0,0.0,0.0,-0.15000000000000005,1.8262329386796776,1,False,True,False,1764700224.6535082
4,20,-0.0009594327490704477,0.013038383474335658,-0.75,0.0,0.0,-0.005000000000000001,0.0958580068879788,-0.019188654981408954,0.26076766948671315,-15.0,0.0,0.0,-0.10000000000000002,1.917160137759576,1,False,True,False,1764700238.5095146
5,6,-0.0018431959555226323,0.010165741378635887,-2.5,0.0,0.0,-0.005,0.2535988957196073,-0.011059175733135794,0.06099444827181533,-15.0,0.0,0.0,-0.030000000000000002,1.5215933743176437,1,False,True,False,1764700290.7282689
