episode_index,steps,mean_reward_drift,mean_reward_progress,mean_reward_intrusion,mean_reward_path_efficiency,mean_reward_boundary,mean_reward_step,mean_reward_proximity,sum_reward_drift,sum_reward_progress,sum_reward_intrusion,sum_reward_path_efficiency,sum_reward_boundary,sum_reward_step,sum_reward_proximity,total_intrusions,terminated_waypoint,terminated_collision,truncated,finished_at
1,15,-0.001724883922168313,0.00423593833442976,0.0,0.0,0.0,-0.005,0.09381984488274632,-0.025873258832524695,0.0635390750164464,0.0,0.0,0.0,-0.075,1.4072976732411948,0,False,True,False,1764700201.3472204
2,56,-0.005607346396768502,-0.0036393488294795074,0.0,0.0,-0.03571428571428571,-0.005000000000000003,0.002698098157988282,-0.3140113982190361,-0.20380353445085242,0.0,0.0,-2.0,-0.28000000000000014,0.1510934968473438,0,False,False,True,1764700209.6862564
3,3,-0.001226713006567123,0.671400319295563,0.0,0.0,0.0,-0.005,0.0,-0.0036801390197013692,2.014200957886689,0.0,0.0,0.0,-0.015,0.0,0,True,False,False,1764700222.999549
4,331,-0.004900701258134391,0.00031766164795695627,-0.18126888217522658,0.0,0.0,-0.00499999999999996,0.12191378717976176,-1.6221321164424833,0.10514600547375252,-60.0,0.0,0.0,-1.6549999999999867,40.35346355650114,4,False,True,False,1764700279.623445
5,25,-0.0028044832236090505,0.006873699048675288,0.0,0.0,0.0,-0.005000000000000001,0.09957209786642326,-0.07011208059022626,0.1718424762168822,0.0,0.0,0.0,-0.12500000000000003,2.4893024466605818,0,False,True,False,1764700293.5602083
