episode_index,steps,mean_reward_drift,mean_reward_progress,mean_reward_intrusion,mean_reward_proximity,sum_reward_drift,sum_reward_progress,sum_reward_intrusion,sum_reward_proximity,total_intrusions,terminated_waypoint,truncated,finished_at
1,150,-0.0025382516614583166,-0.00075444777392586,0.0,0.0,-0.3807377492187475,-0.113167166088879,0.0,0.0,0,False,True,1762852343.1847954
2,300,-0.002453952979677019,-0.000542729461495081,0.0,-0.0006844289202013467,-0.7361858939031056,-0.1628188384485243,0.0,-0.205328676060404,0,False,True,1762852403.6038144
3,277,-0.0028443637913092576,-0.0018677726908931343,0.0,-0.002163630572097218,-0.7878887701926643,-0.5173730353773982,0.0,-0.5993256684709294,0,False,True,1762852470.618213
4,350,-0.002469328753535188,0.00024188409041032603,0.0,0.0,-0.8642650637373158,0.08465943164361411,0.0,0.0,0,False,True,1762852519.856755
