episode_index,steps,mean_reward_drift,mean_reward_progress,mean_reward_intrusion,sum_reward_drift,sum_reward_progress,sum_reward_intrusion,finished_at
1,24,-0.24084068310423934,-0.013840149976366031,-0.041666666666666664,-5.780176394501744,-0.33216359943278473,-1.0,1760538820.6822653
2,37,-0.14522631767855818,0.0020365692765721122,-0.08108108108108109,-5.373373754106653,0.07535306323316815,-3.0,1760538821.4083612
3,72,-0.1290411052028437,0.005126273166047846,-0.05555555555555555,-9.290959574604747,0.36909166795544496,-4.0,1760538823.0625014
4,31,-0.14405984440417915,0.003648461562535832,0.0,-4.465855176529554,0.1131023084386108,0.0,1760538823.6482458
5,18,-0.2570566827286373,-0.01679373688062387,0.0,-4.627020289115471,-0.3022872638512296,0.0,1760538863.096905
6,67,-0.13787086977952606,0.004245171735660089,0.0,-9.237348275228246,0.28442650628922594,0.0,1760538864.4762542
