episode_index,steps,mean_reward_drift,mean_reward_progress,mean_reward_intrusion,sum_reward_drift,sum_reward_progress,sum_reward_intrusion,total_intrusions,finished_at
1,33,-0.15382411269740096,0.0,0.0,-5.0761957190142315,0.0,0.0,0,1761055179.9613264
2,17,-0.1715661068515917,0.0,0.0,-2.9166238164770593,0.0,0.0,0,1761055180.7394857
3,34,-0.1972190391711105,0.0,0.0,-6.705447331817757,0.0,0.0,0,1761055181.756738
4,17,-0.1450418007642765,0.0,0.0,-2.4657106129927007,0.0,0.0,0,1761055182.1734715
5,15,-0.2257941544029703,0.0,0.0,-3.3869123160445542,0.0,0.0,0,1761055218.8501208
6,37,-0.1493288162530359,0.0,0.0,-5.525166201362328,0.0,0.0,0,1761055219.7162337
7,7,-0.1115472174792782,0.0,0.0,-0.7808305223549474,0.0,0.0,0,1761055219.878525
8,13,-0.10275113784489086,0.0,0.0,-1.3357647919835811,0.0,0.0,0,1761055221.2136571
