episode_index,steps,mean_reward_drift,mean_reward_progress,mean_reward_intrusion,sum_reward_drift,sum_reward_progress,sum_reward_intrusion,total_intrusions,finished_at
1,60,-0.19931566672158985,0.0,0.0,-11.95894000329539,0.0,0.0,0,1761055180.3364108
2,40,-0.12461607793080935,0.0,0.0,-4.984643117232374,0.0,0.0,0,1761055181.0439694
3,43,-0.17613018674770736,0.0,-0.023255813953488372,-7.573598030151417,0.0,-1.0,1,1761055181.87198
