episode_index,steps,mean_reward_drift,mean_reward_progress,mean_reward_intrusion,sum_reward_drift,sum_reward_progress,sum_reward_intrusion,total_intrusions,finished_at
1,64,-0.148562402826189,0.0,0.0,-9.507993780876095,0.0,0.0,0,1761055180.3968785
2,56,-0.12427867028608224,0.0,0.0,-6.9596055360206055,0.0,0.0,0,1761055181.2389295
3,19,-0.1908591128505115,0.0,0.0,-3.626323144159718,0.0,0.0,0,1761055181.5573297
4,37,-0.1496532887010732,0.0,0.0,-5.537171681939708,0.0,0.0,0,1761055182.4617307
5,36,-0.2056584350271362,0.0,-0.027777777777777776,-7.403703660976904,0.0,-1.0,1,1761055219.1284919
