episode_index,steps,mean_reward_drift,mean_reward_progress,mean_reward_intrusion,mean_reward_proximity,sum_reward_drift,sum_reward_progress,sum_reward_intrusion,sum_reward_proximity,total_intrusions,terminated_waypoint,truncated,finished_at
1,51,-0.0020855531994748732,0.0018214881742315092,-0.11764705882352941,-0.013311998615522071,-0.10636321317321853,0.09289589688580698,-6.0,-0.6789119293916256,2,False,True,1762866194.8039649
2,77,-0.0026164125735128226,-0.002228571883357477,0.0,0.0,-0.20146376816048733,-0.17160003501852572,0.0,0.0,0,False,True,1762866211.141366
3,62,-0.0028257231128230123,-0.0021254372073502828,0.0,0.0,-0.17519483299502675,-0.13177710685571753,0.0,0.0,0,False,True,1762866227.1724021
4,200,-0.003116064269822614,-0.0033351022041278777,0.0,0.0,-0.6232128539645228,-0.6670204408255755,0.0,0.0,0,False,True,1762866251.9543548
