episode_index,steps,mean_reward_drift,mean_reward_progress,mean_reward_intrusion,mean_reward_proximity,sum_reward_drift,sum_reward_progress,sum_reward_intrusion,sum_reward_proximity,total_intrusions,terminated_waypoint,truncated,finished_at
1,102,-0.0019166655097669113,0.0011449643446565822,-0.029411764705882353,-0.007034626692533608,-0.19549988199622495,0.11678636315497137,-3.0,-0.717531922638428,1,False,True,1762866195.6490116
2,252,-0.0024369670327118956,-0.0007943832950847062,-0.011904761904761904,-0.008973562573349384,-0.6141156922433977,-0.20018459036134595,-3.0,-2.261337768484045,1,False,True,1762866222.8749466
