episode_index,steps,mean_reward_drift,mean_reward_progress,mean_reward_intrusion,mean_reward_proximity,sum_reward_drift,sum_reward_progress,sum_reward_intrusion,sum_reward_proximity,total_intrusions,terminated_waypoint,truncated,finished_at
1,267,-0.0023518902495033504,-4.719800213884763e-05,0.0,0.0,-0.6279546966173946,-0.012601866571072318,0.0,0.0,0,False,True,1762866206.0771458
2,244,-0.002995203782954806,-0.0032058650733429272,0.0,-0.004807215257667704,-0.7308297230409727,-0.7822310778956743,0.0,-1.17296052287092,0,False,True,1762866222.3303552
3,232,-0.0024122214782807596,6.0580147612728165e-05,0.0,-0.005037084420439265,-0.5596353829611362,0.014054594246152935,0.0,-1.1686035855419095,0,False,True,1762866238.6251175
