episode_index,steps,mean_reward_drift,mean_reward_progress,mean_reward_intrusion,mean_reward_proximity,sum_reward_drift,sum_reward_progress,sum_reward_intrusion,sum_reward_proximity,total_intrusions,terminated_waypoint,truncated,finished_at
1,38,-0.0023335988463391286,-0.00011974126052327762,-0.07894736842105263,-0.030971769475710308,-0.08867675616088688,-0.00455016789988455,-3.0,-1.1769272400769917,1,False,True,1762869439.7468765
2,95,-0.0034824942620730716,-0.003955730103858895,0.0,-0.0009834244000638428,-0.3308369548969418,-0.375794359866595,0.0,-0.09342531800606507,0,False,True,1762869457.2824078
3,207,-0.0014157276868030648,0.004122888212414966,0.0,0.0,-0.2930556311682344,0.853437859969898,0.0,0.0,0,False,True,1762869472.388011
