episode_index,steps,mean_reward_drift,mean_reward_progress,mean_reward_intrusion,mean_reward_proximity,sum_reward_drift,sum_reward_progress,sum_reward_intrusion,sum_reward_proximity,total_intrusions,terminated_waypoint,truncated,finished_at
1,69,-0.0013402718760693617,-0.002809781006576407,-0.043478260869565216,-0.023221102893602304,-0.09247875944878596,-0.19387488945377207,-3.0,-1.6022560996585589,1,False,True,1762852341.6981153
2,81,-0.0029700770978311713,-0.003848178626901525,-0.037037037037037035,-0.012557317043853829,-0.2405762449243249,-0.3117024687790235,-3.0,-1.0171426805521602,1,False,True,1762852343.9404526
3,29,-0.0028056674046615508,-0.0021026608700396546,0.0,0.0,-0.08136435473518497,-0.06097716523114999,0.0,0.0,0,False,True,1762852366.0877645
4,308,-0.0026927526452330728,-0.00146643098711069,0.0,-0.000678534324382127,-0.8293678147317864,-0.4516607440300925,0.0,-0.2089885719096951,0,False,True,1762852428.9882934
