episode_index,steps,mean_reward_drift,mean_reward_progress,mean_reward_intrusion,mean_reward_proximity,sum_reward_drift,sum_reward_progress,sum_reward_intrusion,sum_reward_proximity,total_intrusions,terminated_waypoint,truncated,finished_at
1,78,-0.0029920537923553724,-0.002310012781436099,0.0,0.0,-0.23338019580371905,-0.18018099695201573,0.0,0.0,0,False,True,1762852341.8482575
2,93,-0.0025702474529661168,0.0002735656988991764,-0.03225806451612903,-0.010937018070453336,-0.23903301312584885,0.025441609997623404,-3.0,-1.0171426805521602,1,False,True,1762852344.1442065
3,200,-0.0018962932039069459,0.002638350419884991,0.0,0.0,-0.37925864078138916,0.5276700839769982,0.0,0.0,0,False,True,1762852393.698329
4,39,-0.0018143669133769147,0.0014624301382668713,0.0,0.0,-0.07076030962169967,0.05703477539240798,0.0,0.0,0,False,True,1762852396.4579933
5,28,-0.00364963159305614,-0.0040262237026988746,0.0,-0.023110439985612897,-0.10218968460557193,-0.11273426367556849,0.0,-0.6470923195971611,0,False,True,1762852445.43034
6,15,-0.002837551100091626,-0.0007266171015312869,0.0,0.0,-0.042563266501374396,-0.010899256522969303,0.0,0.0,0,False,True,1762852477.1035979
7,271,-0.0023611713657353964,-0.0009104746117482541,0.0,0.0,-0.6398774401142924,-0.24673861978377687,0.0,0.0,0,False,True,1762852544.0519276
