episode_index,steps,mean_reward_drift,mean_reward_progress,mean_reward_intrusion,mean_reward_proximity,sum_reward_drift,sum_reward_progress,sum_reward_intrusion,sum_reward_proximity,total_intrusions,terminated_waypoint,truncated,finished_at
1,110,-0.002609424810171305,-0.002041998822964849,0.0,0.0,-0.28703672911884354,-0.2246198705261334,0.0,0.0,0,False,True,1762852342.3545482
2,212,-0.002082555465032554,0.0010156676353103914,0.0,-0.0011009457789043452,-0.44150175858690144,0.21532153868580295,0.0,-0.2334005051277212,0,False,True,1762852348.8643548
3,135,-0.002850596459971072,0.004072860900416274,-0.022222222222222223,-0.01446325839934408,-0.3848305220960947,0.5498362215561969,-3.0,-1.9525398839114507,1,True,False,1762852372.9606428
4,60,-0.0020610614196464993,-0.0008196711424884207,0.0,0.0,-0.12366368517878995,-0.04918026854930524,0.0,0.0,0,False,True,1762852397.8158722
5,299,-0.0023023366278101466,0.00031902151249893994,0.0,-0.008821523822333333,-0.6883986517152338,0.09538743223718305,0.0,-2.6376356228776663,0,False,True,1762852476.0618916
