episode_index,steps,mean_reward_drift,mean_reward_progress,mean_reward_intrusion,mean_reward_proximity,sum_reward_drift,sum_reward_progress,sum_reward_intrusion,sum_reward_proximity,total_intrusions,terminated_waypoint,truncated,finished_at
1,104,-0.0028810716550271326,-0.0019237580271771065,0.0,0.0,-0.2996314521228218,-0.20007083482641908,0.0,0.0,0,False,True,1762852342.2662125
2,241,-0.0018051735096208071,0.002906545372858791,0.0,0.0,-0.43504681581861454,0.7004774348589686,0.0,0.0,0,False,True,1762852350.7734916
