episode_index,steps,mean_reward_drift,mean_reward_progress,mean_reward_intrusion,mean_reward_proximity,sum_reward_drift,sum_reward_progress,sum_reward_intrusion,sum_reward_proximity,total_intrusions,terminated_waypoint,truncated,finished_at
1,241,-0.0020389927609802457,0.0006060500139382088,0.0,-0.01201840972220882,-0.4913972553962392,0.14605805335910832,0.0,-2.8964367430523255,0,False,True,1762852344.792546
2,360,-0.0022233308735062143,-0.0005304955671655305,0.0,0.0,-0.8003991144622371,-0.190978404179591,0.0,0.0,0,False,True,1762852420.1313813
3,367,-0.002248664341418125,-9.37178795221127e-05,0.0,-0.0025497077859397417,-0.825259813300452,-0.03439446178461536,0.0,-0.9357427574398852,0,False,True,1762852471.877126
4,208,-0.0023110443893562954,-0.0003059060190650307,0.0,-0.008423644848027602,-0.48069723298610945,-0.06362845196552638,0.0,-1.7521181283897413,0,False,True,1762852499.4192398
