episode_index,steps,mean_reward_drift,mean_reward_progress,mean_reward_intrusion,mean_reward_proximity,sum_reward_drift,sum_reward_progress,sum_reward_intrusion,sum_reward_proximity,total_intrusions,terminated_waypoint,truncated,finished_at
1,369,-0.0024689188188328926,0.0008276435569299639,0.0,-0.006879602604649638,-0.9110310441493373,0.3054004725071567,0.0,-2.5385733611157164,0,False,True,1762852365.2871227
2,118,-0.002935646902804,-0.0022493671925635414,0.0,0.0,-0.346406334530872,-0.2654253287224979,0.0,0.0,0,False,True,1762852372.9788969
3,76,-0.0022128132625286213,-2.8544074972309292e-05,0.0,0.0,-0.16817380795217524,-0.0021693496978955062,0.0,0.0,0,False,True,1762852425.33035
4,126,-0.0031363703241338247,-0.004469272224938392,0.0,-0.014397032705757465,-0.3951826608408619,-0.5631283003422375,0.0,-1.8140261209254407,0,False,True,1762852480.4008267
5,198,-0.0017892238495808837,0.0022216407038579016,-0.030303030303030304,-0.020850102337729534,-0.354266322217015,0.43988485936386457,-6.0,-4.128320262870448,2,False,True,1762852525.0250967
