episode_index,steps,mean_reward_drift,mean_reward_progress,mean_reward_intrusion,sum_reward_drift,sum_reward_progress,sum_reward_intrusion,total_intrusions,finished_at
1,7,-0.08279342579246006,0.0,0.0,-0.5795539805472204,0.0,0.0,0,1761055477.3799355
2,36,-0.15335608087051658,0.0,-0.05555555555555555,-5.520818911338597,0.0,-2.0,2,1761055478.3662343
3,42,-0.11926081613314528,0.0,0.0,-5.008954277592101,0.0,0.0,0,1761055479.1940215
