episode_index,steps,mean_reward_drift,mean_reward_progress,mean_reward_intrusion,sum_reward_drift,sum_reward_progress,sum_reward_intrusion,total_intrusions,finished_at
1,18,-0.183404554597895,0.0,0.0,-3.3012819827621103,0.0,0.0,0,1761055477.5288072
2,53,-0.18579556803562028,0.0,-0.018867924528301886,-9.847165105887875,0.0,-1.0,1,1761055478.57445
3,33,-0.1024334452502705,0.0,0.0,-3.3803036932589263,0.0,0.0,0,1761055479.0947392
4,85,-0.14770420844092283,0.0,0.0,-12.55485771747844,0.0,0.0,0,1761055513.2513084
