episode_index,steps,mean_reward_drift,mean_reward_progress,mean_reward_intrusion,sum_reward_drift,sum_reward_progress,sum_reward_intrusion,total_intrusions,finished_at
1,33,-0.16686196567290515,0.0,0.0,-5.50644486720587,0.0,0.0,0,1761055477.7004805
2,55,-0.09332427490245636,0.01818181818181818,0.0,-5.1328351196351,1.0,0.0,0,1761055478.5973058
