episode_index,steps,mean_reward_drift,mean_reward_progress,mean_reward_intrusion,sum_reward_drift,sum_reward_progress,sum_reward_intrusion,finished_at
1,103,-0.18996929856504993,0.0,-0.04854368932038835,-19.566837752200144,0.0,-5.0,1761040921.411541
2,14,-0.14302840458431368,0.0,0.0,-2.0023976641803913,0.0,0.0,1761040921.7246232
3,62,-0.16323600714017292,0.0,-0.04838709677419355,-10.12063244269072,0.0,-3.0,1761040922.8634498
