episode_index,steps,mean_reward_drift,mean_reward_progress,mean_reward_intrusion,mean_reward_proximity,sum_reward_drift,sum_reward_progress,sum_reward_intrusion,sum_reward_proximity,total_intrusions,terminated_waypoint,truncated,finished_at
1,205,-0.002649461506852509,-0.0012904278243080136,-0.014634146341463415,-0.03572154700732741,-0.5431396089047643,-0.2645377039831428,-3.0,-7.322917136502119,1,False,True,1762616110.801925
2,85,-0.001365256025767393,0.003171709624948946,0.0,0.0,-0.11604676219022841,0.2695953181206604,0.0,0.0,0,False,True,1762616135.119362
3,61,-0.0012174528323469886,0.005793703338236385,0.0,0.0,-0.0742646227731663,0.3534159036324195,0.0,0.0,0,True,False,1762616163.5894456
4,159,-0.0024967793577530713,-0.001413748028564678,0.0,-0.003300272675109396,-0.39698791788273835,-0.2247859365417838,0.0,-0.5247433553423939,0,False,True,1762616257.2114475
