episode_index,steps,mean_reward_drift,mean_reward_progress,mean_reward_intrusion,mean_reward_proximity,sum_reward_drift,sum_reward_progress,sum_reward_intrusion,sum_reward_proximity,total_intrusions,terminated_waypoint,truncated,finished_at
1,211,-0.002145246575282963,0.0007854156654077591,-0.014218009478672985,-0.03888217904663987,-0.4526470273847052,0.16572270540103717,-3.0,-8.204139778841013,1,False,True,1762616110.9561555
2,121,-0.00240739769934167,-0.0010082495732866665,0.0,0.0,-0.29129512162034205,-0.12199819836768666,0.0,0.0,0,False,True,1762616141.1290984
