episode_index,steps,mean_reward_drift,mean_reward_progress,mean_reward_intrusion,mean_reward_proximity,sum_reward_drift,sum_reward_progress,sum_reward_intrusion,sum_reward_proximity,total_intrusions,terminated_waypoint,truncated,finished_at
1,218,-0.002186715133215123,0.0010021202197073899,0.0,-0.0005795376309005651,-0.47670389904089683,0.21846220789621099,0.0,-0.1263392035363232,0,False,True,1762616111.1106827
2,48,-0.002083842182843392,7.263738039817401e-05,-0.0625,-0.05146726437050602,-0.10002442477648282,0.003486594259112352,-3.0,-2.470428689784289,1,False,True,1762616112.4584281
3,164,-0.003104289482766063,-0.004048953959351816,0.0,0.0,-0.5091034751736343,-0.6640284493336979,0.0,0.0,0,False,True,1762616204.8866959
