episode_index,steps,mean_reward_drift,mean_reward_progress,mean_reward_intrusion,sum_reward_drift,sum_reward_progress,sum_reward_intrusion,total_intrusions,finished_at
1,9,-0.19488012945435776,0.0,0.0,-1.75392116508922,0.0,0.0,0,1761053490.7812696
2,77,-0.19395996084760114,0.0,0.0,-14.934916985265287,0.0,0.0,0,1761053492.5441518
3,61,-0.17479755825811435,0.0,-0.01639344262295082,-10.662651053744975,0.0,-1.0,1,1761053493.4614062
4,6,-0.05119468486630548,0.0,0.0,-0.3071681091978329,0.0,0.0,0,1761053493.5968282
5,59,-0.17964992095396662,0.0,0.0,-10.599345336284031,0.0,0.0,0,1761053530.1400704
6,12,-0.05509824814535996,0.08333333333333333,-0.08333333333333333,-0.6611789777443196,1.0,-1.0,1,1761053530.3716278
7,12,-0.1462033522475478,0.0,-0.25,-1.7544402269705737,0.0,-3.0,3,1761053531.1736217
8,28,-0.1899616093167682,0.0,-0.07142857142857142,-5.31892506086951,0.0,-2.0,2,1761053532.0244877
