episode_index,steps,mean_reward_drift,mean_reward_progress,mean_reward_intrusion,sum_reward_drift,sum_reward_progress,sum_reward_intrusion,total_intrusions,finished_at
1,3,-0.08588182517851446,0.0,0.0,-0.2576454755355434,0.0,0.0,0,1761053490.7005298
2,13,-0.04412713585919154,0.07692307692307693,-0.07692307692307693,-0.57365276616949,1.0,-1.0,1,1761053491.5714052
3,31,-0.19254071801530945,0.0,0.0,-5.968762258474593,0.0,0.0,0,1761053493.0487845
4,52,-0.1509510941934664,0.0,0.0,-7.849456898060253,0.0,0.0,0,1761053529.2482252
