episode_index,steps,mean_reward_drift,mean_reward_progress,mean_reward_intrusion,sum_reward_drift,sum_reward_progress,sum_reward_intrusion,total_intrusions,finished_at
1,3,-0.06393959319093329,0.0,0.0,-0.19181877957279986,0.0,0.0,0,1761053490.7005298
2,13,-0.10873288563628718,0.0,-0.07692307692307693,-1.4135275132717333,0.0,-1.0,1,1761053491.5714052
3,13,-0.1808319593846784,0.0,0.0,-2.350815472000819,0.0,0.0,0,1761053492.788421
4,13,-0.16108162775984286,0.0,0.0,-2.094061160877957,0.0,0.0,0,1761053493.6939795
5,24,-0.15432868411534476,0.0,0.0,-3.7038884187682743,0.0,0.0,0,1761053529.6813674
6,52,-0.1613452532706812,0.0,-0.019230769230769232,-8.389953170075422,0.0,-1.0,1,1761053530.919221
7,35,-0.17850216871096766,0.0,-0.02857142857142857,-6.247575904883869,0.0,-1.0,1,1761053531.5176687
