episode_index,steps,mean_reward_drift,mean_reward_progress,mean_reward_intrusion,mean_reward_proximity,sum_reward_drift,sum_reward_progress,sum_reward_intrusion,sum_reward_proximity,total_intrusions,terminated_waypoint,truncated,finished_at
1,153,-0.0010616307077855318,0.005447102969949817,0.0,-0.004979240192052292,-0.16242949829118636,0.833406754402322,0.0,-0.7618237493840007,0,False,True,1762531337.6756074
2,109,-0.003241444267891813,-0.0032937255065565566,0.0,-0.00011715415192493048,-0.3533174252002076,-0.3590160802146647,0.0,-0.012769802559817422,0,False,True,1762531430.4750135
3,208,-0.002189696870401156,0.0008603480621089783,0.0,-0.0006376395412970591,-0.45545694904344053,0.1789523969186675,0.0,-0.13262902458978829,0,False,True,1762531521.9117355
4,110,-0.0031331706380373476,-0.0042089261148542285,-0.02727272727272727,-0.057846633831592574,-0.3446487701841082,-0.4629818726339651,-3.0,-6.363129721475183,1,False,True,1762531564.8087306
5,119,-0.003411911378297735,-0.005255661739230732,0.0,0.0,-0.40601745401743045,-0.6254237469684572,0.0,0.0,0,False,True,1762531611.504853
6,206,-0.0024437402995993434,0.0004914346058613382,-0.014563106796116505,-0.005089117682415961,-0.5034105017174647,0.10123552880743567,-3.0,-1.048358242577688,1,False,True,1762531724.1096532
7,205,-0.003412177052179041,-0.004541961859306962,-0.04390243902439024,-0.027731290936609306,-0.6994962956967035,-0.9311021811579273,-9.0,-5.684914642004908,3,False,True,1762531792.4036884
