episode_index,steps,mean_reward_drift,mean_reward_progress,mean_reward_intrusion,mean_reward_proximity,sum_reward_drift,sum_reward_progress,sum_reward_intrusion,sum_reward_proximity,total_intrusions,finished_at
1,350,-0.027494328026849747,0.0025074180365584836,-0.30857142857142855,-0.042194197949859194,-9.62301480939741,0.8775963127954692,-108.0,-14.767969282450718,18,1761290468.8601136
2,53,-0.024132600234577996,0.005422919302373881,-1.8113207547169812,-0.03684778798370857,-1.2790278124326337,0.2874147230258157,-96.0,-1.9529327631365545,16,1761290469.3062575
3,30,-0.02982384533977455,0.002379679519691158,0.0,0.0,-0.8947153601932365,0.07139038559073474,0.0,0.0,0,1761290470.2365913
4,300,-0.0319759256467534,-0.0006231529932286939,0.0,-0.000240352579982481,-9.59277769402602,-0.18694589796860817,0.0,-0.0721057739947443,0,1761290472.8613358
