episode_index,steps,mean_reward_drift,mean_reward_progress,mean_reward_intrusion,mean_reward_proximity,sum_reward_drift,sum_reward_progress,sum_reward_intrusion,sum_reward_proximity,total_intrusions,finished_at
1,103,-0.023855019097715202,0.006029475189102433,-1.3398058252427185,-0.1743819304470874,-2.457066967064666,0.6210359444775506,-138.0,-17.961338836050004,23,1761290467.4811478
2,92,-0.02227043350865518,0.006870663721107851,-0.32608695652173914,-0.033655675697324826,-2.0488798827962764,0.6321010623419223,-30.0,-3.096322164153884,5,1761290469.5612967
3,96,-0.023595910392926037,0.0064118332700347875,-0.375,-0.017969332896523787,-2.2652073977208995,0.6155359939233396,-36.0,-1.7250559580662836,6,1761290470.6728902
4,23,-0.010959694456986722,0.060252373780654775,0.0,0.0,-0.2520729725106946,1.3858045969550599,0.0,0.0,0,1761290471.2627225
5,400,-0.029611595934411313,0.001339499329552556,0.0,0.0,-11.844638373764525,0.5357997318210225,0.0,0.0,0,1761290475.7244496
