episode_index,steps,mean_reward_drift,mean_reward_progress,mean_reward_intrusion,sum_reward_drift,sum_reward_progress,sum_reward_intrusion,total_intrusions,finished_at
1,14,-0.15721463493846802,0.0,-0.14285714285714285,-2.2010048891385523,0.0,-2.0,2,1761051074.9921505
2,2,-0.10888922620842657,0.0,0.0,-0.21777845241685315,0.0,0.0,0,1761051075.8273158
3,30,-0.1574945388215991,0.0,0.0,-4.724836164647973,0.0,0.0,0,1761051077.038821
