episode_index,steps,mean_reward_drift,mean_reward_progress,mean_reward_intrusion,mean_reward_proximity,sum_reward_drift,sum_reward_progress,sum_reward_intrusion,sum_reward_proximity,total_intrusions,terminated_waypoint,truncated,finished_at
1,83,-0.002049613570906219,0.0004193050874634137,-0.03614457831325301,-0.016097937777069367,-0.1701179263852162,0.034802322259463336,-3.0,-1.3361288354967573,1,False,True,1762866195.3728504
2,309,-0.0026412436027442774,-0.001160055773991571,-0.009708737864077669,-0.005754927639565616,-0.8161442732479817,-0.3584572341633955,-3.0,-1.7782726406257752,1,False,True,1762866224.7556186
3,228,-0.0023501950001336464,4.530054582028329e-05,-0.013157894736842105,-0.003969524049836915,-0.5358444600304714,0.01032852444702459,-3.0,-0.9050514833628166,1,False,True,1762866240.1568294
