episode_index,steps,mean_reward_drift,mean_reward_progress,mean_reward_intrusion,mean_reward_proximity,sum_reward_drift,sum_reward_progress,sum_reward_intrusion,sum_reward_proximity,total_intrusions,terminated_waypoint,truncated,finished_at
1,42,-0.002093392320701799,9.610075300978589e-05,0.0,0.0,-0.08792247746947555,0.004036231626411008,0.0,0.0,0,False,True,1762866194.657212
2,115,-0.0029078218279973886,-0.003039149071432917,0.0,0.0,-0.3343995102196997,-0.34950214321478545,0.0,0.0,0,False,True,1762866211.6923356
3,152,-0.0024393299193015533,-0.0006908365372463098,0.0,0.0,-0.3707781477338361,-0.10500715366143909,0.0,0.0,0,False,True,1762866235.2648466
4,73,-0.001001128620417523,0.006226141106919923,0.0,-0.00286885659042794,-0.07308238929047917,0.45450830080515436,0.0,-0.20942653110123963,0,True,False,1762866244.9540987
