episode_index,steps,mean_reward_drift,mean_reward_progress,mean_reward_intrusion,sum_reward_drift,sum_reward_progress,sum_reward_intrusion,total_intrusions,finished_at
1,24,-0.2241778421049195,0.0,-0.041666666666666664,-5.380268210518068,0.0,-1.0,1,1761051075.218642
2,32,-0.19298719086558075,0.0,-0.03125,-6.175590107698584,0.0,-1.0,1,1761051076.1868465
3,23,-0.15967008173358196,0.0,-0.043478260869565216,-3.6724118798723855,0.0,-1.0,1,1761051077.4290245
4,36,-0.18429607962534947,0.0,0.0,-6.634658866512581,0.0,0.0,0,1761051112.9060588
5,23,-0.19116814758717865,0.0,0.0,-4.396867394505109,0.0,0.0,0,1761051113.9243662
6,34,-0.177211187891763,0.0,0.0,-6.025180388319941,0.0,0.0,0,1761051114.9976604
