episode_index,steps,mean_reward_drift,mean_reward_progress,mean_reward_intrusion,sum_reward_drift,sum_reward_progress,sum_reward_intrusion,total_intrusions,finished_at
1,46,-0.15583350184202407,0.0,0.0,-7.1683410847331075,0.0,0.0,0,1761051075.5413885
2,38,-0.13860209246843538,0.0,-0.3157894736842105,-5.266879513800545,0.0,-12.0,12,1761051076.260273
3,37,-0.2063869596385013,0.0,-0.02702702702702703,-7.636317506624548,0.0,-1.0,1,1761051077.6235638
4,28,-0.07128148911704364,0.03571428571428571,-0.03571428571428571,-1.995881695277222,1.0,-1.0,1,1761051112.7762964
5,28,-0.17855690284723508,0.0,-0.03571428571428571,-4.999593279722582,0.0,-1.0,1,1761051113.9979584
6,12,-0.1885730548678571,0.0,0.0,-2.262876658414285,0.0,0.0,0,1761051114.6939533
7,4,-0.07900939580039762,0.25,0.0,-0.3160375832015905,1.0,0.0,0,1761051115.0813713
8,72,-0.11644660061324832,0.0,-0.013888888888888888,-8.38415524415388,0.0,-1.0,1,1761051149.080538
