episode_index,steps,mean_reward_drift,mean_reward_progress,mean_reward_intrusion,sum_reward_drift,sum_reward_progress,sum_reward_intrusion,total_intrusions,finished_at
1,58,-0.18309104441460208,0.0,0.0,-10.61928057604692,0.0,0.0,0,1761051075.6798513
2,23,-0.22107627779065792,0.0,0.0,-5.084754389185132,0.0,0.0,0,1761051076.072192
3,16,-0.20643561417784084,0.0,0.0,-3.3029698268454535,0.0,0.0,0,1761051077.3190033
4,21,-0.14493357446104688,0.0,-0.047619047619047616,-3.0436050636819845,0.0,-1.0,1,1761051112.6674447
5,30,-0.2093774677157309,0.0,0.0,-6.281324031471927,0.0,0.0,0,1761051114.0270123
6,20,-0.11432012768167894,0.0,0.0,-2.286402553633579,0.0,0.0,0,1761051114.8209252
7,16,-0.07223693034922157,0.0,0.0,-1.1557908855875452,0.0,0.0,0,1761051115.2879145
8,4,-0.05701300487359249,0.0,0.0,-0.22805201949436996,0.0,0.0,0,1761051147.9266322
9,41,-0.14106002486060695,0.0,0.0,-5.783461019284885,0.0,0.0,0,1761051149.7213633
