episode_index,steps,mean_reward_drift,mean_reward_progress,mean_reward_intrusion,sum_reward_drift,sum_reward_progress,sum_reward_intrusion,finished_at
1,48,-0.21429050440817002,-0.010114239585555653,0.0,-10.285944211592161,-0.48548350010667135,0.0,1760538821.0069592
2,16,-0.21274961178976806,-0.009095019514882074,0.0,-3.403993788636289,-0.14552031223811318,0.0,1760538821.321333
3,56,-0.19863513589823906,-0.007610464456240972,0.0,-11.123567610301388,-0.4261860095494944,0.0,1760538822.7743979
4,21,-0.1221664510262133,0.007625942974456727,0.0,-2.5654954715504794,0.16014480246359128,0.0,1760538823.2323825
5,46,-0.08966800234252567,0.013303135547782426,0.0,-4.124728107756181,0.6119442351979916,0.0,1760538862.8374765
6,91,-0.1842368363059254,-0.004852576584458992,0.0,-16.765552103839212,-0.4415844691857683,0.0,1760538864.200783
