episode_index,steps,mean_reward_drift,mean_reward_progress,mean_reward_intrusion,sum_reward_drift,sum_reward_progress,sum_reward_intrusion,total_intrusions,finished_at
1,7,-0.05914649183650026,0.14285714285714285,0.0,-0.4140254428555018,1.0,0.0,0,1761056922.8333893
2,14,-0.16857477107233373,0.0,0.0,-2.3600467950126722,0.0,0.0,0,1761056923.6333492
3,13,-0.13873803924749709,0.0,0.0,-1.8035945102174622,0.0,0.0,0,1761056923.9508102
4,122,-0.16018837471653438,0.0,0.0,-19.542981715417195,0.0,0.0,0,1761056961.103795
5,11,-0.1234641841675639,0.0,0.0,-1.358106025843203,0.0,0.0,0,1761056961.332405
6,23,-0.23154150747846308,0.0,-0.08695652173913043,-5.325454672004651,0.0,-2.0,2,1761056962.2023427
7,34,-0.18805856502031282,0.0,0.0,-6.393991210690635,0.0,0.0,0,1761056962.8095767
8,26,-0.10643910101895182,0.0,0.0,-2.7674166264927473,0.0,0.0,0,1761056963.2798808
