episode_index,steps,mean_reward_drift,mean_reward_progress,mean_reward_intrusion,sum_reward_drift,sum_reward_progress,sum_reward_intrusion,total_intrusions,finished_at
1,46,-0.10284863571003236,0.0,0.0,-4.731037242661489,0.0,0.0,0,1761056923.3921676
2,21,-0.04721844056536638,0.047619047619047616,0.0,-0.9915872518726939,1.0,0.0,0,1761056923.7298079
3,4,-0.05172618881157123,0.25,0.0,-0.20690475524628493,1.0,0.0,0,1761056923.8231366
4,15,-0.11365641124861339,0.0,0.0,-1.704846168729201,0.0,0.0,0,1761056924.4221818
5,40,-0.11561842608225295,0.0,-0.025,-4.624737043290118,0.0,-1.0,1,1761056961.7227836
