episode_index,steps,mean_reward_drift,mean_reward_progress,mean_reward_intrusion,sum_reward_drift,sum_reward_progress,sum_reward_intrusion,total_intrusions,finished_at
1,15,-0.09635704755865175,0.0,0.0,-1.4453557133797763,0.0,0.0,0,1761056922.977422
2,13,-0.0975329276362298,0.0,0.0,-1.2679280592709874,0.0,0.0,0,1761056923.6185436
3,15,-0.1674296484923349,0.0,0.0,-2.511444727385024,0.0,0.0,0,1761056923.9760287
4,37,-0.15459495482154173,0.0,0.0,-5.720013328397044,0.0,0.0,0,1761056924.7307544
5,10,-0.14750739118370382,0.0,0.0,-1.4750739118370382,0.0,0.0,0,1761056961.314513
6,16,-0.13059650467408432,0.0,0.0,-2.089544074785349,0.0,0.0,0,1761056962.091509
7,8,-0.16855442022718192,0.0,-0.125,-1.3484353618174554,0.0,-1.0,1,1761056962.3986328
8,26,-0.1399034883937195,0.0,0.0,-3.637490698236707,0.0,0.0,0,1761056963.2798808
