episode_index,steps,mean_reward_drift,mean_reward_progress,mean_reward_intrusion,sum_reward_drift,sum_reward_progress,sum_reward_intrusion,total_intrusions,finished_at
1,36,-0.1333041657092072,0.0,0.0,-4.798949965531459,0.0,0.0,0,1761056923.2775903
2,20,-0.18504873640367747,0.0,0.0,-3.7009747280735494,0.0,0.0,0,1761056923.7133455
3,21,-0.18476823141908186,0.0,0.0,-3.880132859800719,0.0,0.0,0,1761056924.0518606
4,20,-0.13579012679067262,0.0,0.0,-2.7158025358134523,0.0,0.0,0,1761056924.4912894
5,33,-0.16126552327218324,0.0,0.0,-5.321762267982047,0.0,0.0,0,1761056961.6270254
6,14,-0.14907663496055323,0.0,-0.14285714285714285,-2.0870728894477453,0.0,-2.0,2,1761056962.0620399
7,28,-0.162287389808931,0.0,-0.17857142857142858,-4.544046914650068,0.0,-5.0,5,1761056962.7324502
8,8,-0.05687000378814101,0.0,0.0,-0.4549600303051281,0.0,0.0,0,1761056963.0079098
9,31,-0.1619407399226772,0.0,-0.03225806451612903,-5.0201629376029935,0.0,-1.0,1,1761056963.8831456
