episode_index,steps,mean_reward_drift,mean_reward_progress,mean_reward_intrusion,mean_reward_proximity,sum_reward_drift,sum_reward_progress,sum_reward_intrusion,sum_reward_proximity,total_intrusions,terminated_waypoint,truncated,finished_at
1,87,-0.0028569274700512674,-0.0024689500257761192,-0.034482758620689655,-0.025496166470545985,-0.24855268989446028,-0.21479865224252237,-3.0,-2.2181664829375007,1,False,True,1762863820.1739368
2,106,-0.002728982641994915,-0.0018422798526848505,-0.02830188679245283,-0.01919596776892234,-0.289272160051461,-0.19528166438459416,-3.0,-2.034772583505768,1,False,True,1762863832.3149626
3,257,-0.0015100505203367637,-0.0031202805969549694,-0.011673151750972763,-0.003891227279215394,-0.38808298372654826,-0.8019121134174272,-3.0,-1.0000454107583563,1,False,True,1762863866.1287792
4,129,-0.0021582102441178377,7.232624735418412e-05,0.0,0.0,-0.27840912149120106,0.00933008590868975,0.0,0.0,0,False,True,1762863874.8962765
5,131,-0.002855610148093725,-0.0027875323241154932,0.0,-0.01976791513000207,-0.374084929400278,-0.3651667344591296,0.0,-2.589596882030271,0,False,True,1762863913.0855284
6,106,-0.003055833800591579,-0.0014978664493299672,0.0,0.0,-0.3239183828627074,-0.1587738436289765,0.0,0.0,0,False,True,1762863927.8063421
7,63,-0.0027318874463244463,0.004589978391508967,0.0,0.0,-0.17210890911844012,0.2891686386650649,0.0,0.0,0,True,False,1762863939.4127798
8,375,-0.0024973179896594436,-0.0006169159666494722,-0.008,-0.00966310984629035,-0.9364942461222914,-0.23134348749355207,-3.0,-3.6236661923588813,1,False,True,1762863981.7016294
