episode_index,steps,mean_reward_drift,mean_reward_progress,mean_reward_intrusion,mean_reward_proximity,sum_reward_drift,sum_reward_progress,sum_reward_intrusion,sum_reward_proximity,total_intrusions,terminated_waypoint,truncated,finished_at
1,137,-0.0026246474308882738,-0.001037208380574015,0.0,-0.002723589341480523,-0.3595766980316935,-0.14209754813864006,0.0,-0.37313173978283165,0,False,True,1762870867.1891341
2,156,-0.0021229548325619983,0.001296114540434859,0.0,0.0,-0.3311809538796717,0.20219386830783803,0.0,0.0,0,False,True,1762870890.8701613
