episode_index,steps,mean_reward_drift,mean_reward_progress,mean_reward_intrusion,mean_reward_proximity,sum_reward_drift,sum_reward_progress,sum_reward_intrusion,sum_reward_proximity,total_intrusions,finished_at
1,24,-0.007057097428770601,0.018609023421797228,0.0,0.0,-0.16937033829049442,0.4466165621231335,0.0,0.0,0,1761290466.903614
2,13,-0.0054539340373938976,0.0967524873336006,0.0,0.0,-0.07090114248612067,1.2577823353368078,0.0,0.0,0,1761290468.8827438
3,159,-0.030657932230189883,0.0022269101677201628,0.0,-0.015363171895505037,-4.874611224600192,0.3540787166675059,0.0,-2.442744331385301,0,1761290470.6049848
4,248,-0.03331455885498734,0.000394237148312757,-0.6532258064516129,-0.007124498816525249,-8.26201059603686,0.09777081278156374,-162.0,-1.7668757064982619,27,1761290472.742827
5,42,-0.010962824331426911,0.015994730638493045,-0.8571428571428571,-0.060256449801730456,-0.4604386219199303,0.6717786868167079,-36.0,-2.530770891672679,6,1761290473.1180444
6,89,-0.030216429644582765,0.0028051669046384657,0.0,0.0,-2.689262238367866,0.24965985451282346,0.0,0.0,0,1761290474.688118
7,156,-0.03371402581746985,-0.001251154287793596,-0.15384615384615385,-0.02018340032196668,-5.259388027525297,-0.19518006889580097,-24.0,-3.148610450226802,4,1761290476.4091187
