episode_index,steps,mean_reward_drift,mean_reward_progress,mean_reward_intrusion,mean_reward_proximity,sum_reward_drift,sum_reward_progress,sum_reward_intrusion,sum_reward_proximity,total_intrusions,finished_at
1,73,-0.02966907838009614,0.0029176454178028045,-1.2328767123287672,-0.03765542368579084,-2.165842721747018,0.21298811549960472,-90.0,-2.7488459290627314,23,1761290467.2749062
2,121,-0.03251967058077774,-5.915247892513175e-05,-0.39669421487603307,-0.31103083444765955,-3.9348801402741063,-0.007157449949940942,-48.0,-37.63473096816681,8,1761290469.4975743
