episode_index,steps,mean_reward_drift,mean_reward_progress,mean_reward_intrusion,mean_reward_proximity,sum_reward_drift,sum_reward_progress,sum_reward_intrusion,sum_reward_proximity,total_intrusions,finished_at
1,68,-0.03901343144987875,-0.004416753380916155,-2.5588235294117645,-0.04789399485543314,-2.652913338591755,-0.30033922990229855,-174.0,-3.2567916501694536,41,1761290467.238166
2,114,-0.033219774898457025,-0.0006066789194507883,-0.5263157894736842,-0.29650235305465544,-3.787054338424101,-0.06916139681738986,-60.0,-33.80126824823072,10,1761290469.4676235
3,39,-0.007003298231337818,0.017789292624279134,0.0,0.0,-0.2731286310221749,0.6937824123468862,0.0,0.0,0,1761290469.8590581
4,7,-0.00825380138054682,0.02206344894385984,0.0,0.0,-0.057776609663827735,0.15444414260701889,0.0,0.0,0,1761290470.8049774
5,188,-0.03757871554951268,-0.00414408617979664,-0.06382978723404255,-0.015862831617520848,-7.064798523308384,-0.7790882018017683,-12.0,-2.982212344093919,2,1761290474.0287786
