episode_index,steps,mean_reward_drift,mean_reward_progress,mean_reward_intrusion,mean_reward_path_efficiency,mean_reward_boundary,mean_reward_step,mean_reward_proximity,sum_reward_drift,sum_reward_progress,sum_reward_intrusion,sum_reward_path_efficiency,sum_reward_boundary,sum_reward_step,sum_reward_proximity,total_intrusions,terminated_waypoint,terminated_collision,truncated,finished_at
1,31,-0.0027810179266206047,0.004612112138383636,-0.4838709677419355,0.0,0.0,-0.005000000000000002,0.0572207286908743,-0.08621155572523874,0.1429754762898927,-15.0,0.0,0.0,-0.15500000000000005,1.7738425894171033,1,False,True,False,1764700202.631158
2,18,-0.003069746414224927,0.005330935903834304,0.0,0.0,-0.1111111111111111,-0.005000000000000001,0.059358527156877554,-0.055255435456048684,0.09595684626901746,0.0,0.0,-2.0,-0.09000000000000001,1.068453488823796,0,False,False,True,1764700210.2913606
3,4,-0.0012673978053428876,0.006939068441451035,-3.75,0.0,0.0,-0.005,0.5681151452397583,-0.0050695912213715505,0.02775627376580414,-15.0,0.0,0.0,-0.02,2.272460580959033,1,False,True,False,1764700221.1977572
4,18,-0.0010437452548487174,0.00911550877069191,0.0,0.0,0.0,-0.005000000000000001,0.1924375978502754,-0.018787414587276913,0.16407915787245436,0.0,0.0,0.0,-0.09000000000000001,3.4638767613049573,0,False,True,False,1764700229.7016697
5,24,-0.006032669680773886,-0.0016590309618748494,0.0,0.0,0.0,-0.005000000000000002,0.17463216055209738,-0.14478407233857327,-0.03981674308499639,0.0,0.0,0.0,-0.12000000000000004,4.191171853250337,0,False,True,False,1764700278.4839365
