episode_index,steps,mean_reward_drift,mean_reward_progress,mean_reward_intrusion,mean_reward_path_efficiency,mean_reward_boundary,mean_reward_step,mean_reward_proximity,sum_reward_drift,sum_reward_progress,sum_reward_intrusion,sum_reward_path_efficiency,sum_reward_boundary,sum_reward_step,sum_reward_proximity,total_intrusions,terminated_waypoint,terminated_collision,truncated,finished_at
1,71,-0.004373391600686332,0.00195598788767552,0.0,0.0,-0.028169014084507043,-0.005000000000000003,0.17514432666114524,-0.31051080364872957,0.13887514002496193,0.0,0.0,-2.0,-0.3550000000000002,12.435247192941311,0,False,False,True,1764700204.835726
2,12,-0.0015985651999493916,0.008634311127821962,-1.25,0.0,0.0,-0.004999999999999999,0.14074890504826523,-0.0191827823993927,0.10361173353386355,-15.0,0.0,0.0,-0.05999999999999999,1.688986860579183,1,False,True,False,1764700209.9321125
3,5,-0.001252240877996851,0.00942010426084261,-3.0,0.0,0.0,-0.005,0.2893802818226664,-0.006261204389984254,0.04710052130421305,-15.0,0.0,0.0,-0.025,1.446901409113332,1,False,True,False,1764700221.225761
4,25,-0.0019582673154374523,0.01015467628981046,0.0,0.0,-0.08,-0.005000000000000001,0.0,-0.04895668288593631,0.2538669072452615,0.0,0.0,-2.0,-0.12500000000000003,0.0,0,False,False,True,1764700230.0932891
5,74,-0.003542682884585419,0.004306012012229704,-0.20270270270270271,0.0,0.0,-0.005000000000000003,0.01835783265075543,-0.262158533459321,0.3186448889049981,-15.0,0.0,0.0,-0.3700000000000002,1.3584796161559018,1,False,True,False,1764700285.7083917
