episode_index,steps,mean_reward_drift,mean_reward_progress,mean_reward_intrusion,mean_reward_path_efficiency,mean_reward_boundary,mean_reward_step,mean_reward_proximity,sum_reward_drift,sum_reward_progress,sum_reward_intrusion,sum_reward_path_efficiency,sum_reward_boundary,sum_reward_step,sum_reward_proximity,total_intrusions,terminated_waypoint,terminated_collision,truncated,finished_at
1,6,-0.001182184113250024,0.009363836790720467,-2.5,0.0,0.0,-0.005,0.5584179787223326,-0.007093104679500144,0.0561830207443228,-15.0,0.0,0.0,-0.030000000000000002,3.3505078723339956,1,False,True,False,1764700200.51259
2,9,-0.004608254088566595,0.0011732151709123882,-1.6666666666666667,0.0,0.0,-0.005,0.3373302938159142,-0.04147428679709936,0.010558936538211494,-15.0,0.0,0.0,-0.045,3.0359726443432273,1,False,True,False,1764700209.7639148
3,14,-0.0015423221988428422,0.005405033964346392,-1.0714285714285714,0.0,0.0,-0.004999999999999999,0.16656330212740333,-0.02159251078379979,0.07567047550084949,-15.0,0.0,0.0,-0.06999999999999999,2.3318862297836467,1,False,True,False,1764700221.6924713
4,60,-0.0028217233493857004,0.007718150180541435,-1.0,0.0,0.0,-0.005000000000000003,0.22675520930241091,-0.16930340096314203,0.4630890108324861,-60.0,0.0,0.0,-0.30000000000000016,13.605312558144655,4,False,True,False,1764700231.9785094
5,12,-0.0035488704786533682,0.0028102763836107456,0.0,0.0,-0.16666666666666666,-0.004999999999999999,0.0,-0.04258644574384042,0.033723316603328946,0.0,0.0,-2.0,-0.05999999999999999,0.0,0,False,False,True,1764700276.8308764
