episode_index,steps,mean_reward_drift,mean_reward_progress,mean_reward_intrusion,mean_reward_path_efficiency,mean_reward_boundary,mean_reward_step,mean_reward_proximity,sum_reward_drift,sum_reward_progress,sum_reward_intrusion,sum_reward_path_efficiency,sum_reward_boundary,sum_reward_step,sum_reward_proximity,total_intrusions,terminated_waypoint,terminated_collision,truncated,finished_at
1,14,-0.004647803707065594,-0.0003208820685795612,0.0,0.0,-0.14285714285714285,-0.004999999999999999,0.0,-0.06506925189891832,-0.004492348960113857,0.0,0.0,-2.0,-0.06999999999999999,0.0,0,False,False,True,1764700201.312746
2,12,-0.0043879568389573655,0.000764546647679748,0.0,0.0,0.0,-0.004999999999999999,0.14074890504826523,-0.052655482067488386,0.009174559772156976,0.0,0.0,0.0,-0.05999999999999999,1.688986860579183,0,False,True,False,1764700209.9321125
3,56,-0.002520283460793314,0.009726334325814368,0.0,0.0,0.0,-0.005000000000000003,0.1077578319045565,-0.14113587380442558,0.5446747222456046,0.0,0.0,0.0,-0.28000000000000014,6.034438586655164,0,False,True,False,1764700223.8579373
4,3,-0.0005375083682606095,0.011179242802485834,-5.0,0.0,0.0,-0.005,0.7618984598842418,-0.0016125251047818285,0.0335377284074575,-15.0,0.0,0.0,-0.015,2.2856953796527253,1,False,True,False,1764700228.8911636
5,49,-0.004810308738355827,-0.00021627536927318732,-0.30612244897959184,0.0,0.0,-0.005000000000000003,0.04982719718423745,-0.2357051281794355,-0.010597493094386179,-15.0,0.0,0.0,-0.24500000000000013,2.441532662027635,1,False,True,False,1764700281.7556834
