episode_index,steps,mean_reward_drift,mean_reward_progress,mean_reward_intrusion,mean_reward_path_efficiency,mean_reward_boundary,mean_reward_step,mean_reward_proximity,sum_reward_drift,sum_reward_progress,sum_reward_intrusion,sum_reward_path_efficiency,sum_reward_boundary,sum_reward_step,sum_reward_proximity,total_intrusions,terminated_waypoint,terminated_collision,truncated,finished_at
1,7,-0.001054416439639889,0.008818166225216457,-2.142857142857143,0.0,0.0,-0.005,0.28397588968033805,-0.007380915077479223,0.0617271635765152,-15.0,0.0,0.0,-0.035,1.9878312277623664,1,False,True,False,1764700200.603426
2,10,-0.0025008484499461753,0.0062673818180926325,0.0,0.0,-0.2,-0.004999999999999999,0.0,-0.025008484499461754,0.06267381818092632,0.0,0.0,-2.0,-0.049999999999999996,0.0,0,False,False,True,1764700209.794232
3,10,-0.0015966425367297597,0.009672602983609502,-1.5,0.0,0.0,-0.004999999999999999,0.2778389442611017,-0.015966425367297598,0.09672602983609502,-15.0,0.0,0.0,-0.049999999999999996,2.7783894426110165,1,False,True,False,1764700221.5211282
4,9,-0.003446899558358133,0.005073079304608565,0.0,0.0,0.0,-0.005,0.24223781875747363,-0.031022096025223198,0.04565771374147709,0.0,0.0,0.0,-0.045,2.1801403688172627,0,False,True,False,1764700229.252809
5,73,-0.006702288819821676,-0.0036887602834170053,0.0,0.0,-0.0273972602739726,-0.005000000000000003,0.0,-0.4892670838469823,-0.2692795006894414,0.0,0.0,-2.0,-0.3650000000000002,0.0,0,False,False,True,1764700285.2664702
