episode_index,steps,mean_reward_drift,mean_reward_progress,mean_reward_intrusion,mean_reward_path_efficiency,mean_reward_boundary,mean_reward_step,mean_reward_proximity,sum_reward_drift,sum_reward_progress,sum_reward_intrusion,sum_reward_path_efficiency,sum_reward_boundary,sum_reward_step,sum_reward_proximity,total_intrusions,terminated_waypoint,terminated_collision,truncated,finished_at
1,35,-0.002493725072935801,0.008294129278937967,0.0,0.0,-0.05714285714285714,-0.005000000000000002,0.004232751063810865,-0.08728037755275304,0.29029452476282885,0.0,0.0,-2.0,-0.17500000000000007,0.14814628723338027,0,False,False,True,1764700202.931274
2,23,-0.002597428804822218,0.09608544677622363,0.0,0.0,0.0,-0.005000000000000002,0.00011352945363677176,-0.05974086251091102,2.2099652758531434,0.0,0.0,0.0,-0.11500000000000003,0.0026111774336457505,0,True,False,False,1764700210.593034
3,14,-0.0019084301926480054,0.00829041138012983,-1.0714285714285714,0.0,0.0,-0.004999999999999999,0.10417540269049318,-0.026718022697072075,0.11606575932181762,-15.0,0.0,0.0,-0.06999999999999999,1.4584556376669044,1,False,True,False,1764700221.6924713
4,3,-0.0022324388531704317,0.006973957209626643,-5.0,0.0,0.0,-0.005,0.7618984598842418,-0.006697316559511295,0.02092187162887993,-15.0,0.0,0.0,-0.015,2.2856953796527253,1,False,True,False,1764700228.8911636
5,5,-0.0026920712006166386,0.004229878649800489,-3.0,0.0,0.0,-0.005,0.4480578221803482,-0.013460356003083193,0.021149393249002446,-15.0,0.0,0.0,-0.025,2.240289110901741,1,False,True,False,1764700275.9434545
