episode_index,steps,mean_reward_drift,mean_reward_progress,mean_reward_intrusion,mean_reward_path_efficiency,mean_reward_boundary,mean_reward_step,mean_reward_proximity,sum_reward_drift,sum_reward_progress,sum_reward_intrusion,sum_reward_path_efficiency,sum_reward_boundary,sum_reward_step,sum_reward_proximity,total_intrusions,terminated_waypoint,terminated_collision,truncated,finished_at
1,26,-0.0021236233716152844,0.0062971381325421455,-0.5769230769230769,0.0,0.0,-0.005000000000000001,0.1567731168341344,-0.05521420766199739,0.16372559144609578,-15.0,0.0,0.0,-0.13000000000000003,4.076101037687494,1,False,True,False,1764700202.3396363
2,11,-0.0014191514436956156,0.011725640561727929,0.0,0.0,0.0,-0.004999999999999999,0.15252656785103877,-0.015610665880651773,0.12898204617900721,0.0,0.0,0.0,-0.05499999999999999,1.6777922463614263,0,False,True,False,1764700209.898248
3,14,-0.0033599349784466472,0.003706144547633104,0.0,0.0,0.0,-0.004999999999999999,0.16656330212740333,-0.04703908969825306,0.05188602366686346,0.0,0.0,0.0,-0.06999999999999999,2.3318862297836467,0,False,True,False,1764700221.6924713
4,400,-0.00562595815859798,-0.0030294461658688944,-0.3,0.0,0.0,-0.004999999999999948,0.16359621838927677,-2.250383263439192,-1.2117784663475577,-120.0,0.0,0.0,-1.9999999999999793,65.4384873557107,8,False,False,True,1764700275.0017416
