episode_index,steps,mean_reward_drift,mean_reward_progress,mean_reward_intrusion,mean_reward_path_efficiency,mean_reward_boundary,mean_reward_step,mean_reward_proximity,sum_reward_drift,sum_reward_progress,sum_reward_intrusion,sum_reward_path_efficiency,sum_reward_boundary,sum_reward_step,sum_reward_proximity,total_intrusions,terminated_waypoint,terminated_collision,truncated,finished_at
1,7,-0.0006048221696820786,0.013267404596423235,-2.142857142857143,0.0,0.0,-0.005,0.2849650389223508,-0.00423375518777455,0.09287183217496264,-15.0,0.0,0.0,-0.035,1.9947552724564557,1,False,True,False,1764700200.603426
2,8,-0.0020658997765482653,0.005913069178769159,-1.875,0.0,0.0,-0.005,0.33721142695128337,-0.016527198212386122,0.04730455343015327,-15.0,0.0,0.0,-0.04,2.697691415610267,1,False,True,False,1764700209.7262902
3,28,-0.005395681545280646,-0.002458463345946908,0.0,0.0,0.0,-0.005000000000000002,0.36240935641511485,-0.1510790832678581,-0.06883697368651343,0.0,0.0,0.0,-0.14000000000000004,10.147461979623216,0,False,True,False,1764700222.397549
4,48,-0.006011675205609287,-0.006471013897317357,-2.8125,0.0,0.0,-0.005000000000000003,0.5499197361936227,-0.28856040986924575,-0.31060866707123314,-135.0,0.0,0.0,-0.24000000000000013,26.39614733729389,9,False,True,False,1764700231.427689
5,22,-0.005168488200979194,0.00030896529869322615,-0.6818181818181818,0.0,0.0,-0.005000000000000001,0.16717262479600345,-0.11370674042154227,0.006797236571250975,-15.0,0.0,0.0,-0.11000000000000003,3.677797745512076,1,False,True,False,1764700278.1081948
