episode_index,steps,mean_reward_drift,mean_reward_progress,mean_reward_intrusion,mean_reward_path_efficiency,mean_reward_boundary,mean_reward_step,mean_reward_proximity,sum_reward_drift,sum_reward_progress,sum_reward_intrusion,sum_reward_path_efficiency,sum_reward_boundary,sum_reward_step,sum_reward_proximity,total_intrusions,terminated_waypoint,terminated_collision,truncated,finished_at
1,7,-0.0010152429006827265,0.011710970366563798,-2.142857142857143,0.0,0.0,-0.005,0.3128037147583414,-0.007106700304779085,0.08197679256594659,-15.0,0.0,0.0,-0.035,2.1896260033083896,1,False,True,False,1764700200.603426
2,6,-0.00197123918222355,0.0059400247644448845,-2.5,0.0,0.0,-0.005,0.5592439532435423,-0.0118274350933413,0.03564014858666931,-15.0,0.0,0.0,-0.030000000000000002,3.3554637194612535,1,False,True,False,1764700209.5854902
3,43,-0.0012570985711942433,0.06060196807645659,-0.6976744186046512,0.0,0.0,-0.005000000000000003,0.10864738677297453,-0.05405523856135246,2.6058846272876335,-30.0,0.0,0.0,-0.2150000000000001,4.671837631237905,2,True,False,False,1764700223.1672955
4,27,-0.0034965412675525627,0.00305842501471856,0.0,0.0,-0.07407407407407407,-0.005000000000000001,0.0,-0.09440661422391919,0.08257747539740112,0.0,0.0,-2.0,-0.13500000000000004,0.0,0,False,False,True,1764700230.20987
5,88,-0.004649461917350934,0.00039527184088410485,-0.17045454545454544,0.0,0.0,-0.005000000000000004,0.01945545799443341,-0.4091526487268822,0.034783921997801226,-15.0,0.0,0.0,-0.4400000000000003,1.7120803035101402,1,False,True,False,1764700287.6666708
