episode_index,steps,mean_reward_drift,mean_reward_progress,mean_reward_intrusion,mean_reward_path_efficiency,mean_reward_boundary,mean_reward_step,mean_reward_proximity,sum_reward_drift,sum_reward_progress,sum_reward_intrusion,sum_reward_path_efficiency,sum_reward_boundary,sum_reward_step,sum_reward_proximity,total_intrusions,terminated_waypoint,terminated_collision,truncated,finished_at
1,49,-0.001249216621756354,0.05326779924315276,0.0,0.0,0.0,-0.005000000000000003,0.0,-0.06121161446606134,2.610122162914485,0.0,0.0,0.0,-0.24500000000000013,0.0,0,True,False,False,1764700203.686011
2,43,-0.003968283764076053,0.0026531707108267545,0.0,0.0,-0.046511627906976744,-0.005000000000000003,0.06308768981161071,-0.1706362018552703,0.11408634056555045,0.0,0.0,-2.0,-0.2150000000000001,2.7127706618992606,0,False,False,True,1764700211.8895767
3,38,-0.004765308936107902,-0.002155738884377953,0.0,0.0,0.0,-0.005000000000000002,0.3723384368906242,-0.18108173957210028,-0.08191807760636222,0.0,0.0,0.0,-0.19000000000000009,14.148860601843719,0,False,True,False,1764700222.7739432
4,59,-0.004232237730521702,0.0011694805880615331,0.0,0.0,-0.03389830508474576,-0.005000000000000003,0.018345417053845726,-0.2497020261007804,0.06899935469563045,0.0,0.0,-2.0,-0.29500000000000015,1.0823796061768978,0,False,False,True,1764700231.8912718
5,24,-0.0066901423487155985,-0.0023199117897596544,-0.625,0.0,0.0,-0.005000000000000002,0.1460250388727846,-0.16056341636917437,-0.055677882954231706,-15.0,0.0,0.0,-0.12000000000000004,3.50460093294683,1,False,True,False,1764700278.4848957
