episode_index,steps,mean_reward_drift,mean_reward_progress,mean_reward_intrusion,mean_reward_path_efficiency,mean_reward_boundary,mean_reward_step,mean_reward_proximity,sum_reward_drift,sum_reward_progress,sum_reward_intrusion,sum_reward_path_efficiency,sum_reward_boundary,sum_reward_step,sum_reward_proximity,total_intrusions,terminated_waypoint,terminated_collision,truncated,finished_at
1,21,-0.0020424603475057658,0.007797305061609974,0.0,0.0,0.0,-0.005000000000000001,0.07574122076979746,-0.04289166729762108,0.16374340629380946,0.0,0.0,0.0,-0.10500000000000002,1.5905656361657468,0,False,True,False,1764700201.829366
2,9,-0.0013606514656730859,0.009242388247618298,0.0,0.0,0.0,-0.005,0.3373302938159142,-0.012245863191057773,0.08318149422856469,0.0,0.0,0.0,-0.045,3.0359726443432273,0,False,True,False,1764700209.7639148
3,13,-0.0020563686529326396,0.008626298894359405,-1.1538461538461537,0.0,0.0,-0.004999999999999999,0.22001260562265226,-0.026732792488124317,0.11214188562667227,-15.0,0.0,0.0,-0.06499999999999999,2.8601638730944794,1,False,True,False,1764700221.6687675
4,6,-0.0025632071875446544,0.007163614636228628,-2.5,0.0,0.0,-0.005,0.3784248650662079,-0.015379243125267925,0.04298168781737177,-15.0,0.0,0.0,-0.030000000000000002,2.2705491903972477,1,False,True,False,1764700229.0647585
5,104,-0.005455367058243437,-0.001374565906975173,0.0,0.0,0.0,-0.005000000000000004,0.20740068417707364,-0.5673581740573175,-0.142954854325418,0.0,0.0,0.0,-0.5200000000000004,21.56967115441566,0,False,True,False,1764700290.1800175
