episode_index,steps,mean_reward_drift,mean_reward_progress,mean_reward_intrusion,mean_reward_path_efficiency,mean_reward_boundary,mean_reward_step,mean_reward_proximity,sum_reward_drift,sum_reward_progress,sum_reward_intrusion,sum_reward_path_efficiency,sum_reward_boundary,sum_reward_step,sum_reward_proximity,total_intrusions,terminated_waypoint,terminated_collision,truncated,finished_at
1,14,-0.002198420517122951,0.007924324199352168,-1.0714285714285714,0.0,0.0,-0.004999999999999999,0.1233205718375016,-0.030777887239721316,0.11094053879093035,-15.0,0.0,0.0,-0.06999999999999999,1.7264880057250225,1,False,True,False,1764700201.312746
2,18,-0.0019187012733509834,0.006249751072439907,-0.8333333333333334,0.0,0.0,-0.005000000000000001,0.09315820384883731,-0.0345366229203177,0.11249551930391832,-15.0,0.0,0.0,-0.09000000000000001,1.6768476692790717,1,False,True,False,1764700210.2913606
3,28,-0.004118084461534078,0.0013421573221437488,0.0,0.0,0.0,-0.005000000000000002,0.14822691944846275,-0.11530636492295417,0.037580405020024965,0.0,0.0,0.0,-0.14000000000000004,4.150353744556957,0,False,True,False,1764700222.397549
4,32,-0.0025845883414511777,0.005353095696071359,-5.15625,0.0,-0.0625,-0.005000000000000002,0.3805626702039913,-0.08270682692643769,0.1712990622742835,-165.0,0.0,-2.0,-0.16000000000000006,12.178005446527722,11,False,False,True,1764700230.4478455
5,5,-0.0016980667063567199,0.006366660482297925,-3.0,0.0,0.0,-0.005,0.4480578221803482,-0.008490333531783599,0.03183330241148963,-15.0,0.0,0.0,-0.025,2.240289110901741,1,False,True,False,1764700275.9424531
