episode_index,steps,mean_reward_drift,mean_reward_progress,mean_reward_intrusion,mean_reward_path_efficiency,mean_reward_boundary,mean_reward_step,mean_reward_proximity,sum_reward_drift,sum_reward_progress,sum_reward_intrusion,sum_reward_path_efficiency,sum_reward_boundary,sum_reward_step,sum_reward_proximity,total_intrusions,terminated_waypoint,terminated_collision,truncated,finished_at
1,40,-0.0018621119161976926,0.008110419456187859,-0.375,0.0,0.0,-0.005000000000000003,0.048977600328575774,-0.07448447664790771,0.32441677824751436,-15.0,0.0,0.0,-0.2000000000000001,1.959104013143031,1,False,True,False,1764700203.160935
2,18,-0.0031220527427897183,0.0059916124698290935,0.0,0.0,0.0,-0.005000000000000001,0.09315820384883731,-0.05619694937021493,0.10784902445692368,0.0,0.0,0.0,-0.09000000000000001,1.6768476692790717,0,False,True,False,1764700210.2913606
3,23,-0.0037992383477189894,0.0029599592723499276,0.0,0.0,-0.08695652173913043,-0.005000000000000002,0.0,-0.08738248199753676,0.06807906326404833,0.0,0.0,-2.0,-0.11500000000000003,0.0,0,False,False,True,1764700222.1200814
4,9,-0.0037138713770072246,0.0027617055065165047,-1.6666666666666667,0.0,0.0,-0.005,0.2699629090590963,-0.03342484239306502,0.024855349558648543,-15.0,0.0,0.0,-0.045,2.429666181531867,1,False,True,False,1764700229.252809
5,86,-0.004891784100011818,-0.0006707219360376202,0.0,0.0,-0.023255813953488372,-0.005000000000000004,0.0,-0.4206934326010163,-0.05768208649923534,0.0,0.0,-2.0,-0.43000000000000027,0.0,0,False,False,True,1764700287.5891964
