episode_index,steps,mean_reward_drift,mean_reward_progress,mean_reward_intrusion,mean_reward_path_efficiency,mean_reward_boundary,mean_reward_step,mean_reward_proximity,sum_reward_drift,sum_reward_progress,sum_reward_intrusion,sum_reward_path_efficiency,sum_reward_boundary,sum_reward_step,sum_reward_proximity,total_intrusions,terminated_waypoint,terminated_collision,truncated,finished_at
1,6,-0.0005090973519909241,0.012121100279953575,-2.5,0.0,0.0,-0.005,0.5584179787223326,-0.0030545841119455444,0.07272660167972145,-15.0,0.0,0.0,-0.030000000000000002,3.3505078723339956,1,False,True,False,1764700200.51259
2,5,-0.0009457631427423084,0.4101022304307228,0.0,0.0,0.0,-0.005,0.057987054679915606,-0.004728815713711542,2.050511152153614,0.0,0.0,0.0,-0.025,0.28993527339957803,0,True,False,False,1764700209.5459235
3,10,-0.001868592830715715,0.005072008552177598,-1.5,0.0,0.0,-0.004999999999999999,0.2778389442611017,-0.01868592830715715,0.05072008552177598,-15.0,0.0,0.0,-0.049999999999999996,2.7783894426110165,1,False,True,False,1764700221.5211282
4,60,-0.004784411439382176,-0.00047067523608545304,-5.0,0.0,0.0,-0.005000000000000003,0.44289166795078516,-0.2870646863629306,-0.028240514165127184,-300.0,0.0,0.0,-0.30000000000000016,26.57350007704711,20,False,True,False,1764700231.9785094
5,104,-0.004295382038816451,0.002571516929381993,-0.14423076923076922,0.0,0.0,-0.005000000000000004,0.028969374996169975,-0.4467197320369109,0.2674377606557273,-15.0,0.0,0.0,-0.5200000000000004,3.0128149996016775,1,False,True,False,1764700290.1814196
