episode_index,steps,mean_reward_drift,mean_reward_progress,mean_reward_intrusion,mean_reward_path_efficiency,mean_reward_boundary,mean_reward_step,mean_reward_proximity,sum_reward_drift,sum_reward_progress,sum_reward_intrusion,sum_reward_path_efficiency,sum_reward_boundary,sum_reward_step,sum_reward_proximity,total_intrusions,terminated_waypoint,terminated_collision,truncated,finished_at
1,26,-0.003085773789026656,0.004769323257730414,-0.5769230769230769,0.0,0.0,-0.005000000000000001,0.1567731168341344,-0.08023011851469306,0.12400240470099078,-15.0,0.0,0.0,-0.13000000000000003,4.076101037687494,1,False,True,False,1764700202.3396363
2,8,-0.0006971173550034039,0.011606421536706713,-1.875,0.0,0.0,-0.005,0.29826679051396454,-0.005576938840027231,0.0928513722936537,-15.0,0.0,0.0,-0.04,2.3861343241117163,1,False,True,False,1764700209.7262902
3,51,-0.005264669406456777,-0.003804601194349485,-2.0588235294117645,0.0,0.0,-0.005000000000000002,0.2329115172615723,-0.2684981397292956,-0.19403466091182375,-105.0,0.0,0.0,-0.2550000000000001,11.878487380340188,7,False,True,False,1764700223.5526454
4,48,-0.004232859880888384,0.0012758904552328209,0.0,0.0,0.0,-0.005000000000000003,0.0746122807601987,-0.20317727428264243,0.0612427418511754,0.0,0.0,0.0,-0.24000000000000013,3.5813894764895373,0,False,True,False,1764700231.427689
5,133,-0.0031901028571941496,0.007383617686350683,0.0,0.0,0.0,-0.005000000000000004,0.09881759323866393,-0.42428368000682193,0.9820211522846408,0.0,0.0,0.0,-0.6650000000000005,13.142739900742303,0,False,True,False,1764700294.3734376
