episode_index,steps,mean_reward_drift,mean_reward_progress,mean_reward_intrusion,mean_reward_proximity,sum_reward_drift,sum_reward_progress,sum_reward_intrusion,sum_reward_proximity,total_intrusions,terminated_waypoint,truncated,finished_at
1,81,-0.005137298259353207,0.027491924634956165,-0.12345679012345678,-0.28838183229176495,-0.4161211590076097,2.2268458954314494,-10.0,-23.35892841563296,1,True,False,1761664923.3903494
2,47,-0.009244476909256784,0.03919369947951265,0.0,-0.3456529935683777,-0.43449041473506883,1.8421038755370946,0.0,-16.24569069771375,0,True,False,1761664928.4476244
3,58,-0.00362842023069976,0.03522957914169476,0.0,0.0,-0.21044837338058608,2.043315590218296,0.0,0.0,0,True,False,1761664939.7114973
4,83,-0.0030603471803522333,0.027387239345437752,0.0,0.0,-0.25400881596923536,2.2731408656713334,0.0,0.0,0,True,False,1761664983.5539412
5,22,-0.004188909940629093,0.009530273356950806,0.0,0.0,-0.09215601869384005,0.20966601385291772,0.0,0.0,0,False,True,1761664991.8350053
6,57,-0.002537837915379566,0.035690765752327575,0.0,-0.7661684385025387,-0.14465676117663526,2.034373647882672,0.0,-43.671600994644706,0,True,False,1761665007.2007694
7,41,-0.008007609662900423,0.00848638691376003,0.0,0.0,-0.3283119961789173,0.3479418634641612,0.0,0.0,0,False,True,1761665015.5063796
8,82,-0.0110188216073754,0.0249715359462806,0.0,-0.12608836179249858,-0.9035433718047828,2.047665947595009,0.0,-10.339245666984883,0,True,False,1761665033.5747151
9,49,-0.0037672765215446768,0.03984165531576839,0.0,0.0,-0.18459654955568916,1.9522411104726511,0.0,0.0,0,True,False,1761665039.1808033
