episode_index,steps,mean_reward_drift,mean_reward_progress,mean_reward_intrusion,mean_reward_proximity,sum_reward_drift,sum_reward_progress,sum_reward_intrusion,sum_reward_proximity,total_intrusions,terminated_waypoint,truncated,finished_at
1,78,-0.010795529344373656,0.025710556692213782,0.0,-0.3301718177062788,-0.8420512888611452,2.005423421992675,0.0,-25.753401781089746,0,True,False,1761664923.0747619
2,73,-0.002557262118952622,0.030002493928639642,0.0,0.0,-0.1866801346835414,2.190182056790694,0.0,0.0,0,True,False,1761664931.1700573
3,94,-0.011241070306576782,0.00698752925382441,0.0,-1.2029597532573602,-1.0566606088182176,0.6568277498594945,0.0,-113.07821680619186,0,False,True,1761664943.4794002
4,35,-0.0018765229751104007,0.052346021952736334,0.0,0.0,-0.06567830412886402,1.8321107683457718,0.0,0.0,0,True,False,1761664978.4998798
5,85,-0.015657159559853005,0.02179158995741088,0.0,0.0,-1.3308585625875053,1.8522851463799248,0.0,0.0,0,True,False,1761664998.468318
6,36,-0.006871097092097352,0.0501499312705796,0.0,-0.04946874213711857,-0.24735949531550466,1.8053975257408656,0.0,-1.7808747169362684,0,True,False,1761665004.996554
7,93,-0.020923076933672433,0.0016020225580022126,0.0,-0.01024534647169745,-1.9458461548315364,0.14898809789420578,0.0,-0.9528172218678629,0,False,True,1761665020.9645736
8,56,-0.003497956903404284,0.03616879281611871,0.0,-0.05151075498663109,-0.1958855865906399,2.0254523977026477,0.0,-2.884602279251341,0,True,False,1761665030.8554783
9,97,-0.007545316520542761,0.023772332573341735,0.0,0.0,-0.7318957024926478,2.3059162596141483,0.0,0.0,0,True,False,1761665044.234384
