episode_index,steps,mean_reward_drift,mean_reward_progress,mean_reward_intrusion,sum_reward_drift,sum_reward_progress,sum_reward_intrusion,total_intrusions,finished_at
1,18,-0.08184331290893614,0.0,0.0,-1.4731796323608504,0.0,0.0,0,1761055179.757617
2,31,-0.16894588872447688,0.0,0.0,-5.237322550458783,0.0,0.0,0,1761055181.0118551
3,16,-0.14571128443768624,0.0,0.0,-2.33138055100298,0.0,0.0,0,1761055181.7301388
4,36,-0.14082557574342094,0.0,-0.08333333333333333,-5.069720726763154,0.0,-3.0,3,1761055182.4447403
5,26,-0.17374632357427566,0.0,0.0,-4.5174044129311675,0.0,0.0,0,1761055219.0928636
6,46,-0.23367220450038656,0.0,-0.021739130434782608,-10.748921407017782,0.0,-1.0,1,1761055219.833542
