episode_index,steps,mean_reward_drift,mean_reward_progress,mean_reward_intrusion,sum_reward_drift,sum_reward_progress,sum_reward_intrusion,total_intrusions,finished_at
1,15,-0.15001400966733122,0.0,-0.13333333333333333,-2.2502101450099685,0.0,-2.0,2,1761055179.7197087
2,8,-0.17888560290364725,0.0,0.0,-1.431084823229178,0.0,0.0,0,1761055180.6225228
3,7,-0.11965988566456412,0.0,0.0,-0.8376191996519489,0.0,0.0,0,1761055181.6069129
4,5,-0.13457061154218858,0.0,0.0,-0.6728530577109428,0.0,0.0,0,1761055181.989272
5,27,-0.14597179480372474,0.0,-0.07407407407407407,-3.941238459700568,0.0,-2.0,2,1761055219.104964
