episode_index,steps,mean_reward_drift,mean_reward_progress,mean_reward_intrusion,mean_reward_proximity,sum_reward_drift,sum_reward_progress,sum_reward_intrusion,sum_reward_proximity,total_intrusions,terminated_waypoint,truncated,finished_at
1,88,-0.0013760075606736083,0.0030547378438230775,0.0,-0.03148635280713629,-0.12108866533927752,0.26881693025643083,0.0,-2.7707990470279933,0,True,False,1762522461.8259597
2,159,-0.003179239433463326,-0.004451650627821206,-0.05660377358490566,-0.020289056425166083,-0.5054990699206688,-0.7078124498235718,-9.0,-3.225959971601407,3,False,True,1762522568.151417
3,192,-0.0017115146737064614,0.0030704650312600294,-0.015625,-0.0031010395619977538,-0.3286108173516406,0.5895292860019257,-3.0,-0.5953995959035687,1,True,False,1762522679.6955094
