episode_index,steps,mean_reward_drift,mean_reward_progress,mean_reward_intrusion,mean_reward_proximity,sum_reward_drift,sum_reward_progress,sum_reward_intrusion,sum_reward_proximity,total_intrusions,terminated_waypoint,truncated,finished_at
1,94,-0.0026656207414256696,-0.002003692032501816,0.0,0.0,-0.2505683496940129,-0.1883470510551707,0.0,0.0,0,False,True,1762850745.0461226
2,217,-0.0022703873464672117,-0.0007522149815150803,0.0,-0.005317135021037267,-0.49267405418338495,-0.16323065098877243,0.0,-1.153818299565087,0,False,True,1762850798.0263977
