episode_index,steps,mean_reward_drift,mean_reward_progress,mean_reward_intrusion,mean_reward_path_efficiency,mean_reward_boundary,mean_reward_step,mean_reward_proximity,sum_reward_drift,sum_reward_progress,sum_reward_intrusion,sum_reward_path_efficiency,sum_reward_boundary,sum_reward_step,sum_reward_proximity,total_intrusions,terminated_waypoint,terminated_collision,truncated,finished_at
1,27,-0.0030533507010924617,0.007759550799690999,-0.5555555555555556,0.0,0.0,-0.005000000000000001,0.13005583050466962,-0.08244046892949647,0.20950787159165696,-15.0,0.0,0.0,-0.13500000000000004,3.51150742362608,1,False,True,False,1764700202.3923938
2,33,-0.005884838526452417,-0.007142862272223366,-0.45454545454545453,0.0,0.0,-0.005000000000000002,0.05379589634146083,-0.19419967137292976,-0.23571445498337107,-15.0,0.0,0.0,-0.16500000000000006,1.7752645792682074,1,False,True,False,1764700220.2989385
3,26,-0.006196947613723227,-0.007485729889055441,-0.5769230769230769,0.0,0.0,-0.005000000000000001,0.14699152811513694,-0.1611206379568039,-0.19462897711544147,-15.0,0.0,0.0,-0.13000000000000003,3.82177973099356,1,False,True,False,1764700232.015248
4,203,-0.005215671607161017,-0.0006957420086403411,0.0,0.0,-0.009852216748768473,-0.005000000000000002,0.19988826293010942,-1.0587813362536864,-0.14123562775398923,0.0,0.0,-2.0,-1.0150000000000003,40.57731737481221,0,False,False,True,1764700267.4018307
5,28,-0.006302035237318609,-0.001966437275072635,-0.5357142857142857,0.0,0.0,-0.005000000000000002,0.35681455099521314,-0.17645698664492107,-0.05506024370203377,-15.0,0.0,0.0,-0.14000000000000004,9.990807427865969,1,False,True,False,1764700299.4763403
