episode_index,steps,mean_reward_drift,mean_reward_progress,mean_reward_intrusion,mean_reward_path_efficiency,mean_reward_boundary,mean_reward_step,mean_reward_proximity,sum_reward_drift,sum_reward_progress,sum_reward_intrusion,sum_reward_path_efficiency,sum_reward_boundary,sum_reward_step,sum_reward_proximity,total_intrusions,terminated_waypoint,terminated_collision,truncated,finished_at
1,27,-0.0008272669448291342,0.01474449770577442,-0.5555555555555556,0.0,0.0,-0.005000000000000001,0.18943531082917936,-0.022336207510386622,0.39810143805590936,-15.0,0.0,0.0,-0.13500000000000004,5.1147533923878425,1,False,True,False,1764700202.3923938
2,67,-0.004687574122541461,-0.0014573076029542112,-2.462686567164179,0.0,0.0,-0.005000000000000003,0.2585498110729444,-0.3140674662102779,-0.09763960939793215,-165.0,0.0,0.0,-0.3350000000000002,17.322837341887276,11,False,True,False,1764700222.3728251
3,16,-0.0011082436284747307,0.015362911879447813,0.0,0.0,0.0,-0.005,0.09058419345824194,-0.01773189805559569,0.245806590071165,0.0,0.0,0.0,-0.08,1.449347095331871,0,False,True,False,1764700231.5860755
4,45,-0.004189920470462927,0.0010352112288392007,-0.3333333333333333,0.0,0.0,-0.005000000000000003,0.27441576430915227,-0.18854642117083173,0.046584505297764034,-15.0,0.0,0.0,-0.22500000000000012,12.348709393911852,1,False,True,False,1764700246.3119767
5,28,-0.004797417500727759,0.0001035052802193356,-0.5357142857142857,0.0,0.0,-0.005000000000000002,0.35681455099521314,-0.13432769002037726,0.0028981478461413968,-15.0,0.0,0.0,-0.14000000000000004,9.990807427865969,1,False,True,False,1764700299.4773405
