episode_index,steps,mean_reward_drift,mean_reward_progress,mean_reward_intrusion,mean_reward_path_efficiency,mean_reward_boundary,mean_reward_step,mean_reward_proximity,sum_reward_drift,sum_reward_progress,sum_reward_intrusion,sum_reward_path_efficiency,sum_reward_boundary,sum_reward_step,sum_reward_proximity,total_intrusions,terminated_waypoint,terminated_collision,truncated,finished_at
1,48,-0.0018438142960319076,0.012487492314851441,0.0,0.0,-0.041666666666666664,-0.005000000000000003,0.03944397883769452,-0.08850308620953157,0.5993996311128692,0.0,0.0,-2.0,-0.24000000000000013,1.893310984209337,0,False,False,True,1764700203.6613276
2,7,-0.0013513984003498904,0.006968135542248558,0.0,0.0,0.0,-0.005,0.40139953412149876,-0.009459788802449232,0.048776948795739905,0.0,0.0,0.0,-0.035,2.8097967388504914,0,False,True,False,1764700218.6497655
3,102,-0.005989241359369369,-0.0064187462342668155,-1.911764705882353,0.0,-0.0196078431372549,-0.005000000000000004,0.21288587367147924,-0.6109026186556756,-0.6547121158952152,-195.0,0.0,-2.0,-0.5100000000000003,21.714359114490883,13,False,False,True,1764700240.6523433
