episode_index,steps,mean_reward_drift,mean_reward_progress,mean_reward_intrusion,mean_reward_path_efficiency,mean_reward_boundary,mean_reward_step,mean_reward_proximity,sum_reward_drift,sum_reward_progress,sum_reward_intrusion,sum_reward_path_efficiency,sum_reward_boundary,sum_reward_step,sum_reward_proximity,total_intrusions,terminated_waypoint,terminated_collision,truncated,finished_at
1,26,-0.0019117076514406498,0.09003904318088683,0.0,0.0,0.0,-0.005000000000000001,0.0,-0.049704398937456894,2.3410151227030576,0.0,0.0,0.0,-0.13000000000000003,0.0,0,True,False,False,1764700202.3505673
2,4,-0.0014093792095170345,0.008881381118609283,-3.75,0.0,0.0,-0.005,0.6175894781065697,-0.005637516838068138,0.03552552447443713,-15.0,0.0,0.0,-0.02,2.470357912426279,1,False,True,False,1764700218.461829
3,52,-0.00356069126983592,0.0037668832131078633,-0.28846153846153844,0.0,0.0,-0.005000000000000003,0.0416559381224708,-0.18515594603146784,0.1958779270816089,-15.0,0.0,0.0,-0.2600000000000001,2.1661087823684815,1,False,True,False,1764700234.2148862
4,119,-0.00490207590147656,-0.0006872976084659698,-3.1512605042016806,0.0,0.0,-0.005000000000000004,0.22481036955441283,-0.5833470322757106,-0.08178841540745041,-375.0,0.0,0.0,-0.5950000000000004,26.752433976975126,25,False,True,False,1764700256.4230254
5,151,-0.003982507268276813,0.0012763698705033218,-1.7880794701986755,0.0,0.0,-0.005000000000000004,0.24063361830401805,-0.6013585975097987,0.1927318504460016,-270.0,0.0,0.0,-0.7550000000000006,36.33567636390673,18,False,True,False,1764700316.756661
