episode_index,steps,mean_reward_drift,mean_reward_progress,mean_reward_intrusion,mean_reward_path_efficiency,mean_reward_boundary,mean_reward_step,mean_reward_proximity,sum_reward_drift,sum_reward_progress,sum_reward_intrusion,sum_reward_path_efficiency,sum_reward_boundary,sum_reward_step,sum_reward_proximity,total_intrusions,terminated_waypoint,terminated_collision,truncated,finished_at
1,43,-0.0036252264321882167,0.0019163566824434185,0.0,0.0,0.0,-0.005000000000000003,0.09494963096719868,-0.15588473658409333,0.082403337345067,0.0,0.0,0.0,-0.2150000000000001,4.082834131589543,0,False,True,False,1764700203.3857062
2,22,-0.005648439683063816,-0.003752554647493396,0.0,0.0,-0.09090909090909091,-0.005000000000000001,0.0,-0.12426567302740396,-0.08255620224485472,0.0,0.0,-2.0,-0.11000000000000003,0.0,0,False,False,True,1764700219.7917306
3,16,-0.003770064540627527,0.003019838733010538,-2.8125,0.0,0.0,-0.005,0.7387723264362278,-0.060321032650040435,0.04831741972816861,-45.0,0.0,0.0,-0.08,11.820357222979645,3,False,True,False,1764700231.5860755
4,198,-0.005194234065680092,-0.0009586372869182423,-1.2878787878787878,0.0,-0.010101010101010102,-0.005000000000000004,0.18036155957389954,-1.0284583450046583,-0.189810182809812,-255.0,0.0,-2.0,-0.9900000000000008,35.71158879563211,17,False,False,True,1764700266.7439504
5,116,-0.004175247553347764,0.000632606407324877,0.0,0.0,0.0,-0.005000000000000004,0.03472319738372599,-0.48432871618834067,0.07338234324968573,0.0,0.0,0.0,-0.5800000000000004,4.027890896512215,0,False,True,False,1764700312.053861
