episode_index,steps,mean_reward_drift,mean_reward_progress,mean_reward_intrusion,mean_reward_path_efficiency,mean_reward_boundary,mean_reward_step,mean_reward_proximity,sum_reward_drift,sum_reward_progress,sum_reward_intrusion,sum_reward_path_efficiency,sum_reward_boundary,sum_reward_step,sum_reward_proximity,total_intrusions,terminated_waypoint,terminated_collision,truncated,finished_at
1,5,-0.0008090914774879193,0.010175458255920745,-3.0,0.0,0.0,-0.005,0.33165272086455,-0.004045457387439597,0.05087729127960372,-15.0,0.0,0.0,-0.025,1.6582636043227499,1,False,True,False,1764700200.3943172
2,26,-0.0036777383128023494,0.003653503592562258,0.0,0.0,0.0,-0.005000000000000001,0.190237897726773,-0.09562119613286109,0.09499109340661871,0.0,0.0,0.0,-0.13000000000000003,4.946185340896098,0,False,True,False,1764700219.977916
3,85,-0.004615114379983652,-0.0024657430763083015,0.0,0.0,-0.023529411764705882,-0.005000000000000003,0.1546785018944461,-0.39228472229861044,-0.20958816148620563,0.0,0.0,-2.0,-0.42500000000000027,13.147672661027919,0,False,False,True,1764700238.415136
4,6,-0.001063393860612506,0.010056776733111302,0.0,0.0,0.0,-0.005,0.4156542413190032,-0.006380363163675036,0.06034066039866781,0.0,0.0,0.0,-0.030000000000000002,2.493925447914019,0,False,True,False,1764700241.5201657
5,5,-0.0027803191867601545,0.005196667395278354,-3.0,0.0,0.0,-0.005,0.624567370892718,-0.013901595933800772,0.02598333697639177,-15.0,0.0,0.0,-0.025,3.1228368544635896,1,False,True,False,1764700295.8302677
