episode_index,steps,mean_reward_drift,mean_reward_progress,mean_reward_intrusion,mean_reward_path_efficiency,mean_reward_boundary,mean_reward_step,mean_reward_proximity,sum_reward_drift,sum_reward_progress,sum_reward_intrusion,sum_reward_path_efficiency,sum_reward_boundary,sum_reward_step,sum_reward_proximity,total_intrusions,terminated_waypoint,terminated_collision,truncated,finished_at
1,35,-0.005871830031509069,-0.007024321072062875,-0.42857142857142855,0.0,0.0,-0.005000000000000002,0.13315329695073394,-0.20551405110281742,-0.24585123752220062,-15.0,0.0,0.0,-0.17500000000000007,4.660365393275688,1,False,True,False,1764700202.9468963
2,50,-0.007037472580254405,-0.008572081496731308,0.0,0.0,-0.04,-0.005000000000000002,0.04268610502043533,-0.35187362901272023,-0.4286040748365654,0.0,0.0,-2.0,-0.2500000000000001,2.1343052510217664,0,False,False,True,1764700221.529011
3,20,-0.003810773935770514,0.003437277628158561,0.0,0.0,-0.1,-0.005000000000000001,0.0074439498937941455,-0.07621547871541028,0.06874555256317122,0.0,0.0,-2.0,-0.10000000000000002,0.1488789978758829,0,False,False,True,1764700231.750517
4,400,-0.005638697418547991,-0.0017213744307233026,-1.65,0.0,0.0,-0.004999999999999948,0.20087982477156568,-2.2554789674191964,-0.688549772289321,-660.0,0.0,0.0,-1.9999999999999793,80.35192990862627,44,False,False,True,1764700295.1546402
