episode_index,steps,mean_reward_drift,mean_reward_progress,mean_reward_intrusion,mean_reward_proximity,sum_reward_drift,sum_reward_progress,sum_reward_intrusion,sum_reward_proximity,total_intrusions,terminated_waypoint,truncated,finished_at
1,174,-0.0024779355941386217,-0.0012051289634788865,-0.034482758620689655,-0.012224631513041614,-0.4311607933801202,-0.20969243964532625,-6.0,-2.127085883269241,2,False,True,1762869445.2507002
2,69,-0.0027458185959508175,-0.00212162536178331,0.0,0.0,-0.1894614831206064,-0.1463921499630484,0.0,0.0,0,False,True,1762869461.3002021
3,25,-0.003425888513580513,-0.00444738104917251,0.0,0.0,-0.08564721283951282,-0.11118452622931274,0.0,0.0,0,False,True,1762869466.6433837
4,107,-0.0026156700925539784,-0.0021081080934471784,0.0,0.0,-0.2798766999032757,-0.22556756599884809,0.0,0.0,0,False,True,1762869481.7790322
5,196,-0.0025645300894552186,-0.0003877356553364644,-0.015306122448979591,-0.010935709126613237,-0.5026478975332228,-0.07599618844594702,-3.0,-2.1433989888161946,1,False,True,1762869498.0758016
