episode_index,steps,mean_reward_drift,mean_reward_progress,mean_reward_intrusion,mean_reward_proximity,sum_reward_drift,sum_reward_progress,sum_reward_intrusion,sum_reward_proximity,total_intrusions,terminated_waypoint,truncated,finished_at
1,84,-0.003239166519318104,-0.002609711896633725,0.0,0.0,-0.27208998762272074,-0.2192157993172329,0.0,0.0,0,False,True,1762869440.552799
2,87,-0.0018972828137073022,-0.00011725454982067197,0.0,0.0,-0.1650636047925353,-0.010201145834398462,0.0,0.0,0,False,True,1762869462.4759123
3,56,-0.0031384556436353855,-0.0014803611139843273,0.0,0.0,-0.17575351604358158,-0.08290022238312234,0.0,0.0,0,False,True,1762869468.754492
4,145,-0.002795515905931532,-0.0021987311108773756,0.0,-0.02294689868248142,-0.4053498063600722,-0.31881601107721946,0.0,-3.327300308959806,0,False,True,1762869484.3279161
