episode_index,steps,mean_reward_drift,mean_reward_progress,mean_reward_intrusion,sum_reward_drift,sum_reward_progress,sum_reward_intrusion,total_intrusions,finished_at
1,31,-0.18651187137346276,0.0,0.0,-5.781868012577346,0.0,0.0,0,1761055179.9141977
2,39,-0.12667843918827473,0.0,0.0,-4.940459128342715,0.0,0.0,0,1761055180.5403607
3,13,-0.16694709154341483,0.0,0.0,-2.1703121900643927,0.0,0.0,0,1761055180.9342494
4,15,-0.09154525709818724,0.0,0.0,-1.3731788564728087,0.0,0.0,0,1761055182.2781987
5,9,-0.17552808136783915,0.0,0.0,-1.5797527323105522,0.0,0.0,0,1761055219.0283875
6,15,-0.19557781691641754,0.0,0.0,-2.933667253746263,0.0,0.0,0,1761055220.2179298
7,32,-0.06943878176826355,0.0,0.0,-2.2220410165844338,0.0,0.0,0,1761055221.0196424
8,21,-0.2460963482881733,0.0,0.0,-5.16802331405164,0.0,0.0,0,1761055221.5628805
