episode_index,steps,mean_reward_drift,mean_reward_progress,mean_reward_intrusion,sum_reward_drift,sum_reward_progress,sum_reward_intrusion,total_intrusions,finished_at
1,17,-0.14714393229020176,0.0,0.0,-2.50144684893343,0.0,0.0,0,1761055179.7342331
2,19,-0.20831854830103733,0.0,0.0,-3.9580524177197094,0.0,0.0,0,1761055180.2785778
3,33,-0.20963807125208697,0.0,-0.09090909090909091,-6.91805635131887,0.0,-3.0,3,1761055181.2434437
4,12,-0.08999500565735556,0.0,0.0,-1.0799400678882667,0.0,0.0,0,1761055182.229826
5,69,-0.16203460289949967,0.0,0.0,-11.180387600065478,0.0,0.0,0,1761055219.8619623
