episode_index,steps,mean_reward_drift,mean_reward_progress,mean_reward_intrusion,sum_reward_drift,sum_reward_progress,sum_reward_intrusion,total_intrusions,finished_at
1,35,-0.13924908090957258,0.0,0.0,-4.87371783183504,0.0,0.0,0,1761055179.9589522
2,19,-0.16647315496396725,0.0,0.0,-3.162989944315378,0.0,0.0,0,1761055180.2785778
3,9,-0.20680735754634239,0.0,0.0,-1.8612662179170816,0.0,0.0,0,1761055180.8778534
4,9,-0.05450403644982328,0.1111111111111111,0.0,-0.4905363280484095,1.0,0.0,0,1761055182.175471
5,9,-0.13491180485031656,0.0,0.0,-1.2142062436528491,0.0,0.0,0,1761055219.0273883
6,8,-0.20697516750265332,0.0,0.0,-1.6558013400212266,0.0,0.0,0,1761055220.080139
7,46,-0.17315547112597537,0.0,0.0,-7.965151671794867,0.0,0.0,0,1761055221.2098386
