episode_index,steps,mean_reward_drift,mean_reward_progress,mean_reward_intrusion,sum_reward_drift,sum_reward_progress,sum_reward_intrusion,finished_at
1,121,-0.1816191498315594,0.0,-0.01652892561983471,-21.97591712961869,0.0,-2.0,1761043113.1996536
2,16,-0.18971191289806674,0.0,0.0,-3.035390606369068,0.0,0.0,1761043113.470607
3,22,-0.10974362186210977,0.0,0.0,-2.414359680966415,0.0,0.0,1761043114.0046704
4,34,-0.22807675672516153,0.0,-0.029411764705882353,-7.754609728655492,0.0,-1.0,1761043150.400322
5,161,-0.17318851931698792,0.0,0.0,-27.883351610035056,0.0,0.0,1761043185.2639158
6,44,-0.09991970690753713,0.0,-0.022727272727272728,-4.396467103931633,0.0,-1.0,1761043185.8889637
7,25,-0.16810968136874024,0.0,0.0,-4.202742034218506,0.0,0.0,1761043186.30202
8,42,-0.06908305719986711,0.0,0.0,-2.9014884023944187,0.0,0.0,1761043221.4638042
9,77,-0.13408022438846567,0.0,0.0,-10.324177277911856,0.0,0.0,1761043222.6962569
