episode_index,steps,mean_reward_drift,mean_reward_progress,mean_reward_intrusion,sum_reward_drift,sum_reward_progress,sum_reward_intrusion,finished_at
1,10,-0.09535399677255006,0.0,0.0,-0.9535399677255006,0.0,0.0,1761043111.7409196
2,18,-0.13959039010351704,0.0,0.0,-2.5126270218633064,0.0,0.0,1761043113.498469
3,25,-0.1989354287940079,0.0,0.0,-4.973385719850198,0.0,0.0,1761043114.0545666
4,45,-0.13525660405303025,0.0,0.0,-6.086547182386361,0.0,0.0,1761043150.585142
5,44,-0.14069972009161705,0.0,0.0,-6.19078768403115,0.0,0.0,1761043152.1722903
6,41,-0.14329590075796916,0.0,0.0,-5.875131931076735,0.0,0.0,1761043185.8549542
7,77,-0.16184793942714715,0.0,0.0,-12.462291335890331,0.0,0.0,1761043186.9666405
