episode_index,steps,mean_reward_drift,mean_reward_progress,mean_reward_intrusion,mean_reward_proximity,sum_reward_drift,sum_reward_progress,sum_reward_intrusion,sum_reward_proximity,total_intrusions,terminated_waypoint,truncated,finished_at
1,117,-0.003217601970533068,-0.004127180722012621,0.0,0.0,-0.37645943055236897,-0.48288014447547667,0.0,0.0,0,False,True,1764256494.8722835
2,189,-0.002058705987475363,0.0007429414231010488,-0.015873015873015872,-0.009085761010701004,-0.38909543163284355,0.14041592896609822,-3.0,-1.7172088310224898,1,False,True,1764256508.8355103
