episode_index,steps,mean_reward_drift,mean_reward_progress,mean_reward_intrusion,mean_reward_proximity,sum_reward_drift,sum_reward_progress,sum_reward_intrusion,sum_reward_proximity,total_intrusions,terminated_waypoint,truncated,finished_at
1,95,-0.0011253964809376693,0.00528677923126589,0.0,0.0,-0.10691266568907859,0.5022440269702596,0.0,0.0,0,True,False,1764256493.8484185
2,189,-0.0027976030956509477,-0.0022705494752152788,-0.015873015873015872,-0.008570781555126127,-0.5287469850780291,-0.42913385081568767,-3.0,-1.6198777139188378,1,False,True,1764256508.8355103
