episode_index,steps,mean_reward_drift,mean_reward_progress,mean_reward_intrusion,mean_reward_proximity,sum_reward_drift,sum_reward_progress,sum_reward_intrusion,sum_reward_proximity,total_intrusions,terminated_waypoint,truncated,finished_at
1,41,-0.002035904337220129,0.0007736827839950963,0.0,0.0,-0.08347207782602528,0.03172099414379895,0.0,0.0,0,False,True,1762865676.6317265
2,42,-0.0030839839098585845,-0.004050082078554832,-0.07142857142857142,-0.022300440689105198,-0.12952732421406055,-0.17010344729930293,-3.0,-0.9366185089424183,1,False,True,1762865684.3846183
3,270,-0.002360777251138752,0.00015210012093199904,-0.03333333333333333,-0.025906855618980897,-0.637409857807463,0.041067032651639745,-9.0,-6.994851017124843,3,False,True,1762865728.537202
