episode_index,steps,mean_reward_drift,mean_reward_progress,mean_reward_intrusion,sum_reward_drift,sum_reward_progress,sum_reward_intrusion,total_intrusions,finished_at
1,16,-0.0713140295605949,0.0,0.0,-1.1410244729695185,0.0,0.0,0,1761051075.0231674
2,16,-0.15197733723839074,0.0,-0.125,-2.431637395814252,0.0,-2.0,2,1761051075.6513186
3,26,-0.2489305029778731,0.0,0.0,-6.472193077424701,0.0,0.0,0,1761051076.4532182
4,98,-0.15772184998242061,0.0,-0.01020408163265306,-15.456741298277219,0.0,-1.0,1,1761051112.753921
5,39,-0.19443448217141127,0.0,0.0,-7.582944804685039,0.0,0.0,0,1761051113.3413165
6,49,-0.20431597888904915,0.0,0.0,-10.011482965563408,0.0,0.0,0,1761051114.9108846
7,13,-0.08353757928221436,0.0,0.0,-1.0859885306687866,0.0,0.0,0,1761051115.1430655
8,43,-0.1039444196545973,0.0,0.0,-4.469610045147684,0.0,0.0,0,1761051148.0388548
