episode_index,steps,mean_reward_drift,mean_reward_progress,mean_reward_intrusion,sum_reward_drift,sum_reward_progress,sum_reward_intrusion,total_intrusions,finished_at
1,6,-0.10944217807124745,0.0,0.0,-0.6566530684274847,0.0,0.0,0,1761051074.8769503
2,37,-0.1734056203174394,0.0,-0.02702702702702703,-6.416007951745257,0.0,-1.0,1,1761051075.9630582
3,18,-0.16780938312408808,0.0,0.0,-3.0205688962335855,0.0,0.0,0,1761051076.3272924
4,4,-0.06320370704746482,0.25,0.0,-0.2528148281898593,1.0,0.0,0,1761051076.7459795
5,91,-0.183344510607208,0.0,0.0,-16.68435046525593,0.0,0.0,0,1761051114.0415297
6,32,-0.1549774564283091,0.0,0.0,-4.959278605705891,0.0,0.0,0,1761051114.6878748
7,7,-0.025190900565149745,0.14285714285714285,0.0,-0.1763363039560482,1.0,0.0,0,1761051115.050955
8,18,-0.15566265492450362,0.0,0.0,-2.8019277886410654,0.0,0.0,0,1761051115.7577024
9,92,-0.13050957015677742,0.0,0.0,-12.006880454423523,0.0,0.0,0,1761051149.4986606
