episode_index,steps,mean_reward_drift,mean_reward_progress,mean_reward_intrusion,sum_reward_drift,sum_reward_progress,sum_reward_intrusion,finished_at
1,8,-0.1410420976013784,0.006221845557120742,0.0,-1.1283367808110272,0.049774764456965936,0.0,1760609098.5347116
2,61,-0.1483801988895478,0.0014643940593442673,0.0,-9.051192132262415,0.0893280376200003,0.0,1760609100.502421
3,197,-0.15840851009906495,-2.656604554119857e-05,-0.005076142131979695,-31.206476489515794,-0.005233510971616118,-1.0,1760609138.2188492
4,16,-0.21842514529227958,-0.00937032210634088,0.0,-3.4948023246764732,-0.14992515370145407,0.0,1760609138.4875472
5,10,-0.08739457125351022,0.013526018405756221,0.0,-0.8739457125351021,0.1352601840575622,0.0,1760609172.4940434
6,37,-0.16076782542736234,0.0005443408666567274,-0.02702702702702703,-5.948409540812406,0.020140612066298913,-1.0,1760609173.8710995
7,70,-0.12819702710809416,0.006282140116665959,0.0,-8.973791897566592,0.43974980816661713,0.0,1760609208.6761262
8,54,-0.16299007288037254,0.0008157907644842297,-0.037037037037037035,-8.801463935540117,0.0440527012821484,-2.0,1760609209.7069564
