episode_index,steps,mean_reward_drift,mean_reward_progress,mean_reward_intrusion,mean_reward_proximity,sum_reward_drift,sum_reward_progress,sum_reward_intrusion,sum_reward_proximity,total_intrusions,terminated_waypoint,truncated,finished_at
1,172,-0.0020485139828214072,0.0019652256826069737,0.0,0.0,-0.352344405045282,0.33801881740839945,0.0,0.0,0,False,True,1762870450.5608258
2,164,-0.00229082578582213,-0.0001858506904118946,0.0,0.0,-0.3756954288748293,-0.030479513227550714,0.0,0.0,0,False,True,1762870477.3345475
3,293,-0.0025785802239705045,-0.0005519301647151008,0.0,-0.00021566617449223866,-0.7555240056233579,-0.16171553826152452,0.0,-0.06319018912622593,0,False,True,1762870498.425066
