episode_index,steps,mean_reward_drift,mean_reward_progress,mean_reward_intrusion,mean_reward_proximity,sum_reward_drift,sum_reward_progress,sum_reward_intrusion,sum_reward_proximity,total_intrusions,terminated_waypoint,truncated,finished_at
1,364,-0.0026901329464849694,0.001571700902046878,-0.008241758241758242,-0.008691851519612314,-0.9792083925205288,0.5720991283450636,-3.0,-3.1638339531388824,1,False,True,1762531383.5525208
2,94,-0.0018787414361196137,4.898878652946135e-06,0.0,0.0,-0.1766016949952437,0.00046049459337693666,0.0,0.0,0,False,True,1762531427.9836564
3,89,-0.00254902125769145,-0.0029350382232994792,0.0,-0.0033414780199391573,-0.22686289193453907,-0.26121840187365364,0.0,-0.297391543774585,0,False,True,1762531477.3795443
4,400,-0.002654408223348464,0.0012984982555693894,0.0,0.0,-1.0617632893393856,0.5193993022277558,0.0,0.0,0,False,True,1762531684.2642145
5,269,-0.0025298946105776583,0.0009521331955055799,0.0,-0.0073285636295716316,-0.68054165024539,0.256123829591001,0.0,-1.9713836163547689,0,False,True,1762531776.8750854
6,62,-0.0009534431110723088,0.005111081344958216,0.0,0.0,-0.059113472886483144,0.31688704338740936,0.0,0.0,0,False,True,1762531810.880259
7,148,-0.0031097139273992365,-0.0021951049880635496,0.0,0.0,-0.460237661255087,-0.3248755382334053,0.0,0.0,0,False,True,1762531884.3300214
8,186,-0.002613479271451642,-0.0009873732003044461,0.0,-0.02358512628736051,-0.48610714449000547,-0.18365141525662698,0.0,-4.386833489449055,0,False,True,1762531948.9475992
