episode_index,steps,mean_reward_drift,mean_reward_progress,mean_reward_intrusion,mean_reward_proximity,sum_reward_drift,sum_reward_progress,sum_reward_intrusion,sum_reward_proximity,total_intrusions,terminated_waypoint,truncated,finished_at
1,83,-0.0017787876074621097,0.0014282905751180617,-0.07228915662650602,-0.04135836895602421,-0.1476393714193551,0.11854811773479912,-6.0,-3.4327446233500094,2,False,True,1762531335.8886333
2,66,-0.0018927183024819313,0.004166233151215524,0.0,0.0,-0.12491940796380746,0.2749713879802246,0.0,0.0,0,True,False,1762531412.632728
3,286,-0.0022835865528660695,0.00010751276494197376,0.0,0.0,-0.6531057541196958,0.030748650773404496,0.0,0.0,0,False,True,1762531545.0850043
