episode_index,steps,mean_reward_drift,mean_reward_progress,mean_reward_intrusion,sum_reward_drift,sum_reward_progress,sum_reward_intrusion,finished_at
1,6,-0.14216335006584055,0.008295202075802637,0.0,-0.8529801003950432,0.04977121245481582,0.0,1760537916.5931356
2,12,-0.06376078072922185,0.018792159861134822,0.0,-0.7651293687506622,0.22550591833361788,0.0,1760537952.081938
3,16,-0.08359592324685841,0.014743984627664275,0.0,-1.3375347719497346,0.2359037540426284,0.0,1760537953.1891408
4,8,-0.12986187478372413,0.008459302057032755,0.0,-1.038894998269793,0.06767441645626204,0.0,1760537954.8277714
5,96,-0.1587423062413258,0.0007501577382055582,0.0,-15.239261399167276,0.07201514286773358,0.0,1760537988.598996
