episode_index,steps,mean_reward_drift,mean_reward_progress,mean_reward_intrusion,sum_reward_drift,sum_reward_progress,sum_reward_intrusion,finished_at
1,13,-0.04023461988833091,0.021288849160443428,0.0,-0.5230500585483018,0.27675503908576454,0.0,1760537916.6951914
2,70,-0.21300397265753881,-0.00811019997481749,-0.02857142857142857,-14.910278086027716,-0.5677139982372243,-2.0,1760537952.9088128
