episode_index,steps,mean_reward_drift,mean_reward_progress,mean_reward_intrusion,sum_reward_drift,sum_reward_progress,sum_reward_intrusion,finished_at
1,26,-0.08617068320996038,0.014704158490965706,0.0,-2.24043776345897,0.38230812076510834,0.0,1760537916.9128857
2,43,-0.12401591598041789,0.006356130227577612,-0.023255813953488372,-5.332684387157969,0.2733135997858373,-1.0,1760537952.5610487
3,127,-0.1576173177325779,0.0007938152211702579,0.0,-20.017399352037394,0.10081453308862276,0.0,1760537954.649714
