episode_index,steps,mean_reward_drift,mean_reward_progress,mean_reward_intrusion,sum_reward_drift,sum_reward_progress,sum_reward_intrusion,finished_at
1,62,-0.1325239878898668,0.004875307446406665,0.0,-8.216487249171742,0.30226906167721324,0.0,1760537917.414641
2,6,-0.2148791439568305,-0.007346415240711064,0.0,-1.289274863740983,-0.044078491444266385,0.0,1760537919.2362857
3,2,-0.0749660188507934,0.026033630867072,0.0,-0.1499320377015868,0.052067261734144,0.0,1760537952.974688
4,14,-0.12824335836190595,0.007647874673954462,0.0,-1.7954070170666834,0.10707024543536248,0.0,1760537954.9289944
