episode_index,steps,mean_reward_drift,mean_reward_progress,mean_reward_intrusion,mean_reward_proximity,sum_reward_drift,sum_reward_progress,sum_reward_intrusion,sum_reward_proximity,total_intrusions,terminated_waypoint,truncated,finished_at
1,39,-0.005194962958205706,0.019629610869229416,0.0,0.0,-0.20260355537002253,0.7655548238999472,0.0,0.0,0,False,True,1761556022.2585812
2,64,-0.004912746231961704,0.05036929050892372,0.0,-0.15142304303573595,-0.31441575884554906,3.223634592571118,0.0,-9.6910747542871,0,True,False,1761556035.6406002
3,49,-0.0033876393617778317,0.019875488470421455,0.0,0.0,-0.16599432872711375,0.9738989350506513,0.0,0.0,0,False,True,1761556044.198198
4,19,-0.006349491634897386,0.12464553897283089,0.0,0.0,-0.12064034106305033,2.3682652404837867,0.0,0.0,0,True,False,1761556050.4504044
5,67,-0.0016119099208895707,0.04939649705337002,0.0,-0.0752713199658881,-0.10799796469960124,3.3095653025757916,0.0,-5.043178437714502,0,True,False,1761556067.5474677
6,48,-0.0023147459361404503,0.06132628038800775,0.0,-0.3167844768066021,-0.11110780493474162,2.943661458624372,0.0,-15.2056548867169,0,True,False,1761556074.4103625
7,76,-0.0032997033622907466,0.04556785984119185,-0.07894736842105263,-0.1849970069360506,-0.25077745553409675,3.46315734793058,-6.0,-14.059772527139845,5,True,False,1761556085.1174314
8,68,-0.0033470517289932475,0.04879414927178002,0.0,-0.00331067277466378,-0.22759951757154082,3.3180021504810413,0.0,-0.22512574867713703,0,True,False,1761556095.4340825
9,31,-0.006737306084025195,0.08349432334341833,0.0,0.0,-0.20885648860478104,2.5883240236459684,0.0,0.0,0,True,False,1761556103.5814383
