episode_index,steps,mean_reward_drift,mean_reward_progress,mean_reward_intrusion,mean_reward_proximity,sum_reward_drift,sum_reward_progress,sum_reward_intrusion,sum_reward_proximity,total_intrusions,terminated_waypoint,truncated,finished_at
1,78,-0.002819932067018839,0.04500684053065086,0.0,-0.21389030341933662,-0.21995470122746943,3.5105335613907673,0.0,-16.683443666708257,0,True,False,1761556026.4065416
2,64,-0.004341066717611604,0.05037757998673849,0.0,-0.18852548788059642,-0.27782826992714266,3.2241651191512632,0.0,-12.065631224358171,5,True,False,1761556035.6406002
3,76,-0.0020718583267535172,0.04587896352556177,0.0,0.0,-0.15746123283326732,3.4868012279426943,0.0,0.0,0,True,False,1761556047.0689294
4,112,-0.004532187717425738,0.0368892823150566,0.0,-0.03396946357623058,-0.5076050243516826,4.131599619286339,0.0,-3.804579920537825,0,True,False,1761556060.369439
5,82,-0.005737272567639737,0.04324643283246793,0.0,-0.19754699204227924,-0.47045635054645846,3.5462074922623703,0.0,-16.198853347466898,3,True,False,1761556069.146109
6,22,-0.006457111754508835,0.02008008469091987,0.0,0.0,-0.14205645859919439,0.4417618632002372,0.0,0.0,0,False,True,1761556071.6205747
7,46,-0.005305755778750503,0.06251964126525994,-0.13043478260869565,-0.4372198471034016,-0.24406476582252312,2.875903498201957,-6.0,-20.112112966756474,1,True,False,1761556081.9099808
8,89,-0.005022546820828582,0.04143159229939646,0.0,-0.0025295027941251353,-0.4470066670537438,3.6874117146462853,0.0,-0.22512574867713703,0,True,False,1761556097.6423676
9,36,-0.005322758519661522,0.07479739967312245,0.0,0.0,-0.19161930670781477,2.6927063882324083,0.0,0.0,0,True,False,1761556104.1226676
