episode_index,steps,mean_reward_drift,mean_reward_progress,mean_reward_intrusion,mean_reward_proximity,sum_reward_drift,sum_reward_progress,sum_reward_intrusion,sum_reward_proximity,total_intrusions,terminated_waypoint,truncated,finished_at
1,48,-0.0012897871758319362,0.061422900198078424,0.0,0.0,-0.06190978443993293,2.9482992095077645,0.0,0.0,0,True,False,1761556023.221259
2,52,-0.0016916534586928884,0.0581748153691353,0.0,0.0,-0.0879659798520302,3.0250903991950358,0.0,0.0,0,True,False,1761556034.3501213
3,88,-0.004431903933075444,0.04181401191529712,0.0,-0.31161792837035984,-0.3900075461106391,3.6796330485461466,0.0,-27.422377696591667,0,True,False,1761556048.3084826
4,77,-0.002577804922080564,0.04548045898596804,0.0,0.0,-0.19849097900020343,3.501995341919539,0.0,0.0,0,True,False,1761556056.660212
5,51,-0.003821521260941574,0.05856951383726946,0.0,-0.5388886124715669,-0.19489758430802026,2.9870452057007424,0.0,-27.483319236049915,0,True,False,1761556065.8460286
6,28,-0.0025103599818326124,0.09138228264756086,0.0,-0.20179194007193813,-0.07029007949131315,2.558703914131704,0.0,-5.6501743220142675,0,True,False,1761556072.2600842
7,54,-0.009086477448344232,0.01803044549168307,-0.3333333333333333,-0.5553207959245909,-0.49066978221058855,0.9736440565508857,-18.0,-29.98732297992791,21,False,True,1761556082.775109
8,23,-0.0017444817325450131,0.10698277673046057,0.0,0.0,-0.040123079848535304,2.4606038648005932,0.0,0.0,0,True,False,1761556090.6481
