episode_index,steps,mean_reward_drift,mean_reward_progress,mean_reward_intrusion,mean_reward_proximity,sum_reward_drift,sum_reward_progress,sum_reward_intrusion,sum_reward_proximity,total_intrusions,terminated_waypoint,truncated,finished_at
1,99,-0.0042619625311663255,0.0392702098443791,-0.06060606060606061,-0.2591997741307487,-0.4219342905854662,3.887750774593531,-6.0,-25.66077763894412,5,True,False,1761556028.5973961
2,94,-0.003491054694384552,0.040478617170242884,-0.06382978723404255,-0.12835777898253373,-0.3281591412721479,3.804990014002831,-6.0,-12.065631224358171,5,True,False,1761556038.8472357
3,26,-0.0017636334405618825,0.09698742835539563,0.0,-1.054706834484295,-0.04585446945460894,2.5216731372402865,0.0,-27.422377696591667,0,True,False,1761556041.7329872
4,19,-0.003501627195018278,0.12533985446140838,0.0,0.0,-0.06653091670534729,2.3814572347667595,0.0,0.0,0,True,False,1761556050.4504044
5,53,-0.006719164007929355,0.05623483008564258,-0.11320754716981132,-0.8829327092799825,-0.3561156924202558,2.980445994539057,-6.0,-46.79543359183907,3,True,False,1761556066.060548
6,69,-0.0064724269059131066,0.04765138242542437,-0.08695652173913043,-0.268868433830013,-0.44659745650800436,3.2879453873542817,-6.0,-18.551921934270897,4,True,False,1761556076.6556745
7,38,-0.004782368661280476,0.07196338838686071,0.0,-0.046575005330705646,-0.18173000912865808,2.734608758700707,0.0,-1.7698502025668146,0,True,False,1761556081.0583422
8,113,-0.0038759169595867352,0.03691351433765892,0.0,-0.0038127163976370473,-0.4379786164333011,4.171227120155458,0.0,-0.43083695293298635,0,True,False,1761556100.1667798
