episode_index,steps,mean_reward_drift,mean_reward_progress,mean_reward_intrusion,mean_reward_proximity,sum_reward_drift,sum_reward_progress,sum_reward_intrusion,sum_reward_proximity,total_intrusions,terminated_waypoint,truncated,finished_at
1,86,-0.037170468993733004,-0.0017394880770670307,0.0,-0.21486971369363453,-3.1966603334610384,-0.14959597462776464,0.0,-18.47879537765257,0,False,True,1761568938.6840131
2,203,-0.02319167891592867,0.0028627266770568554,0.0,0.0,-4.70791081993352,0.5811335154425417,0.0,0.0,0,False,True,1761568941.8296258
