episode_index,steps,mean_reward_drift,mean_reward_progress,mean_reward_intrusion,mean_reward_proximity,sum_reward_drift,sum_reward_progress,sum_reward_intrusion,sum_reward_proximity,total_intrusions,terminated_waypoint,truncated,finished_at
1,100,-0.0026975353585401807,-0.002423649642833715,0.0,-0.0006577776587518777,-0.26975353585401807,-0.2423649642833715,0.0,-0.06577776587518777,0,False,True,1762852342.1992986
2,87,-0.0024986247187719084,-0.0021277421608155355,0.0,0.0,-0.21738035053315602,-0.18511356799095158,0.0,0.0,0,False,True,1762852372.3423326
3,55,-0.003009766801969939,-0.0034582065548388165,0.0,0.0,-0.16553717410834665,-0.1902013605161349,0.0,0.0,0,False,True,1762852424.2743385
4,277,-0.0029210104767976117,-0.002098911513562935,0.0,-0.012077685529898114,-0.8091199020729385,-0.5813984892569329,0.0,-3.3455188917817775,0,False,True,1762852495.139711
