episode_index,steps,mean_reward_drift,mean_reward_progress,mean_reward_intrusion,mean_reward_proximity,sum_reward_drift,sum_reward_progress,sum_reward_intrusion,sum_reward_proximity,total_intrusions,terminated_waypoint,truncated,finished_at
1,49,-0.0021099455806497104,0.0004211315434456578,0.0,0.0,-0.1033873334518358,0.020635445628837235,0.0,0.0,0,False,True,1762865676.7568767
2,144,-0.0025641635741165845,-0.00019936288739771165,0.0,0.0,-0.3692395546727882,-0.028708255785270476,0.0,0.0,0,False,True,1762865696.6862047
3,177,-0.0032950799544298045,-0.0048757612907246945,0.0,-0.007141698559836704,-0.5832291519340754,-0.8630097484582709,0.0,-1.2640806450910966,0,False,True,1762865719.9565718
