episode_index,steps,mean_reward_drift,mean_reward_progress,mean_reward_intrusion,sum_reward_drift,sum_reward_progress,sum_reward_intrusion,total_intrusions,finished_at
1,7,-0.16791440508435346,0.0,0.0,-1.1754008355904741,0.0,0.0,0,1761056922.7966585
2,12,-0.1107027886634785,0.0,0.0,-1.3284334639617421,0.0,0.0,0,1761056923.3806045
3,11,-0.08832705286901295,0.0,-0.18181818181818182,-0.9715975815591424,0.0,-2.0,2,1761056923.834525
4,57,-0.12266857588980039,0.0,-0.10526315789473684,-6.992108825718622,0.0,-6.0,6,1761056924.8228376
5,55,-0.1420313218191929,0.0,0.0,-7.8117227000556095,0.0,0.0,0,1761056961.5522463
