episode_index,steps,mean_reward_drift,mean_reward_progress,mean_reward_intrusion,sum_reward_drift,sum_reward_progress,sum_reward_intrusion,total_intrusions,finished_at
1,35,-0.1941673433279768,0.0,0.0,-6.7958570164791885,0.0,0.0,0,1761056923.1688862
2,8,-0.17645612567087315,0.0,0.0,-1.4116490053669852,0.0,0.0,0,1761056923.3225126
3,28,-0.16726391101438673,0.0,0.0,-4.683389508402828,0.0,0.0,0,1761056924.0405536
4,5,-0.10963354397664041,0.0,0.0,-0.548167719883202,0.0,0.0,0,1761056924.1380947
5,8,-0.08750186188654965,0.0,-0.125,-0.7000148950923972,0.0,-1.0,1,1761056925.5505602
6,20,-0.0942595729695211,0.0,-0.05,-1.885191459390422,0.0,-1.0,1,1761056961.9508946
7,39,-0.13703701817412034,0.0,0.0,-5.344443708790693,0.0,0.0,0,1761056962.5772812
