episode_index,steps,mean_reward_drift,mean_reward_progress,mean_reward_intrusion,mean_reward_proximity,sum_reward_drift,sum_reward_progress,sum_reward_intrusion,sum_reward_proximity,total_intrusions,terminated_waypoint,truncated,finished_at
1,84,-0.011906102055688608,0.006541208848581654,0.0,-1.9036078087071315,-1.000112572677843,0.5494615432808589,0.0,-159.90305593139905,0,False,True,1761665255.7731552
2,21,-0.00649252268601096,0.08008553109396199,0.0,0.0,-0.13634297640623017,1.6817961529732017,0.0,0.0,0,True,False,1761665260.9576762
3,114,-0.005571224297022689,0.021893753753438286,0.0,0.0,-0.6351195698605866,2.495887927891965,0.0,0.0,0,True,False,1761665281.8222044
4,90,-0.0097426554933711,0.024157713173898192,0.0,0.0,-0.876838994403399,2.1741941856508373,0.0,0.0,0,True,False,1761665291.6745925
5,74,-0.004801603446740203,0.029275142225995695,0.0,-0.1444178560013125,-0.355318655058775,2.1663605247236815,0.0,-10.686921344097124,0,True,False,1761665303.9281907
6,31,-0.004859805893519999,0.057224729589950445,0.0,0.0,-0.15065398269911998,1.7739666172884638,0.0,0.0,0,True,False,1761665311.159446
7,64,-0.008747370087488847,0.031077547203443866,0.0,0.0,-0.5598316855992862,1.9889630210204075,0.0,0.0,0,True,False,1761665326.3097835
8,31,-0.006056230577403843,0.05714878341912538,0.0,0.0,-0.18774314789951912,1.771612285992887,0.0,0.0,0,True,False,1761665331.4746823
9,172,-0.01673638085406147,0.01189175541378923,-0.05813953488372093,-0.3338771602653438,-2.878657506898573,2.0453819311717476,-10.0,-57.42687156563913,1,True,False,1761665352.4688456
