episode_index,steps,mean_reward_drift,mean_reward_progress,mean_reward_intrusion,mean_reward_proximity,sum_reward_drift,sum_reward_progress,sum_reward_intrusion,sum_reward_proximity,total_intrusions,terminated_waypoint,truncated,finished_at
1,110,-0.003895973618756976,0.022780919247047376,0.0,-0.6668793797426287,-0.42855709806326736,2.5059011171752115,0.0,-73.35673177168916,0,True,False,1761665258.5496898
2,35,-0.009944680859909636,0.007751529974858899,0.0,0.0,-0.3480638300968373,0.2713035491200615,0.0,0.0,0,False,True,1761665262.4805317
3,92,-0.012062866167726394,0.02134094507631453,0.0,-2.2664401516914654,-1.1097836874308282,1.963366947020937,0.0,-208.51249395561481,0,True,True,1761665279.482094
4,77,-0.0141222501784922,0.005646115508000154,0.0,-0.25236333453721005,-1.0874132637438993,0.43475089411601187,0.0,-19.431976759365174,0,False,True,1761665290.2874725
5,94,-0.005078353904453997,0.024673693092240954,0.0,0.0,-0.4773652670186757,2.3193271506706497,0.0,0.0,0,True,False,1761665306.0642009
6,42,-0.006503547972211413,0.0087246021536777,0.0,0.0,-0.27314901483287934,0.36643329045446343,0.0,0.0,0,False,True,1761665312.3501604
7,27,-0.0033786617346351945,0.06476660223336388,0.0,0.0,-0.09122386683515026,1.7486982603008248,0.0,0.0,0,True,False,1761665322.3427339
8,53,-0.016348399146906653,0.031989348108521436,0.0,0.0,-0.8664651547860526,1.695435449751636,0.0,0.0,0,True,False,1761665333.824628
