episode_index,steps,mean_reward_drift,mean_reward_progress,mean_reward_intrusion,mean_reward_proximity,sum_reward_drift,sum_reward_progress,sum_reward_intrusion,sum_reward_proximity,total_intrusions,finished_at
1,116,-0.028802950355885766,0.0024926988344063736,-0.5689655172413793,-0.06155888865990227,-3.341142241282749,0.28915306479113934,-66.0,-7.1408310845486636,11,1761290467.4136631
2,20,-0.013803872317392699,0.014077837390800263,0.0,0.0,-0.27607744634785397,0.28155674781600526,0.0,0.0,0,1761290467.875049
3,94,-0.03601043311068618,-0.0028887748381314854,0.0,0.0,-3.384980712404501,-0.27154483478435965,0.0,0.0,0,1761290469.3612902
4,243,-0.01879082530631579,0.010910682756064305,-0.19753086419753085,-0.007426698036064353,-4.566170549434736,2.651295909723626,-48.0,-1.8046876227636377,8,1761290470.937244
