episode_index,steps,mean_reward_drift,mean_reward_progress,mean_reward_intrusion,mean_reward_proximity,sum_reward_drift,sum_reward_progress,sum_reward_intrusion,sum_reward_proximity,total_intrusions,finished_at
1,8,-0.008275084106445191,0.14557876331319797,0.0,0.0,-0.06620067285156153,1.1646301065055837,0.0,0.0,0,1761290466.7649827
2,205,-0.034409576321864234,-0.001817420420701366,0.0,0.0,-7.053963145982168,-0.37257118624378005,0.0,0.0,0,1761290468.7376213
