episode_index,steps,mean_reward_drift,mean_reward_progress,mean_reward_intrusion,mean_reward_proximity,sum_reward_drift,sum_reward_progress,sum_reward_intrusion,sum_reward_proximity,total_intrusions,finished_at
1,40,-0.01861518005166352,0.009701707751148403,-1.05,-0.06826482408260302,-0.7446072020665407,0.3880683100459361,-42.0,-2.730592963304121,7,1761290467.0289495
2,132,-0.04154282469706318,-0.006844707771864512,0.0,-0.006806432881991714,-5.48365286001234,-0.9035014258861156,0.0,-0.8984491404229062,0,1761290468.908258
3,154,-0.0336789930905779,-0.0006617904547788954,-0.23376623376623376,-0.02080128305850485,-5.186564935948996,-0.10191573003594989,-36.0,-3.203397591009747,6,1761290470.154491
4,45,-0.028688311894266516,0.002751540599233139,-0.6666666666666666,-0.028408304200319437,-1.2909740352419932,0.12381932696549125,-30.0,-1.2783736890143746,5,1761290470.5138276
5,304,-0.037855047223787144,-0.0042011142716003565,-0.19736842105263158,-0.009168274800828382,-11.507934356031292,-1.2771387385665085,-60.0,-2.787155539451828,10,1761290473.2724462
6,174,-0.03838348493679868,-0.005221741829937805,0.0,0.0,-6.678726379002971,-0.9085830784091782,0.0,0.0,0,1761290474.331674
