episode_index,steps,mean_reward_drift,mean_reward_progress,mean_reward_intrusion,mean_reward_proximity,sum_reward_drift,sum_reward_progress,sum_reward_intrusion,sum_reward_proximity,total_intrusions,finished_at
1,58,-0.01358672940274528,0.013063911852070143,0.0,0.0,-0.7880303053592262,0.7577068874200683,0.0,0.0,0,1761290467.1726809
2,94,-0.032890624958426054,-0.0005962884289881987,0.0,-0.009557969578967087,-3.091718746092049,-0.056051112324890684,0.0,-0.8984491404229062,0,1761290468.7416303
3,132,-0.045499898052331095,-0.009939056074965437,-0.2727272727272727,-0.048570027555391825,-6.005986542907705,-1.3119554018954376,-36.0,-6.4112436373117205,6,1761290470.0547907
4,212,-0.02341604485556091,0.005869386205373648,0.0,-0.004201256854920056,-4.964201509378913,1.2443098755392132,0.0,-0.8906664532430519,0,1761290471.221566
