episode_index,steps,mean_reward_drift,mean_reward_progress,mean_reward_intrusion,mean_reward_proximity,sum_reward_drift,sum_reward_progress,sum_reward_intrusion,sum_reward_proximity,total_intrusions,finished_at
1,145,-0.012028963694113097,0.019543591847025192,-0.5379310344827586,-0.017158943403327586,-1.744199735646399,2.833820817818653,-78.0,-2.4880467934825,13,1761290467.644334
2,64,-0.03125823005712097,0.0007090805882074176,0.0,-0.016571314549662944,-2.0005267236557422,0.04538115764527473,0.0,-1.0605641311784284,0,1761290468.5601938
3,141,-0.014579003087079725,0.011927175959140536,-0.5531914893617021,-0.03698328525419814,-2.0556394352782412,1.6817318102388155,-78.0,-5.214643220841937,16,1761290470.1012344
4,17,-0.017670200266344395,0.01315214766199038,-1.7647058823529411,-0.022806307986548403,-0.30039340452785473,0.22358651025383647,-30.0,-0.3877072357713229,5,1761290470.3188186
5,62,-0.025828684019767786,0.004832576771491841,0.0,0.0,-1.6013784092256027,0.2996197598324941,0.0,0.0,0,1761290471.74525
6,39,-0.03324569859059499,-0.00045843600206494874,0.0,0.0,-1.2965822450332045,-0.017879004080533,0.0,0.0,0,1761290473.6153436
7,136,-0.019188370989462022,0.009199298682000825,-0.2647058823529412,-0.010829732862548184,-2.609618454566835,1.2511046207521122,-36.0,-1.472843669306553,6,1761290475.3414376
