episode_index,steps,mean_reward_drift,mean_reward_progress,mean_reward_intrusion,mean_reward_proximity,sum_reward_drift,sum_reward_progress,sum_reward_intrusion,sum_reward_proximity,total_intrusions,finished_at
1,54,-0.03931643455477526,-0.0019799134469514644,-0.7777777777777778,-0.07543458367840035,-2.123087465957864,-0.10691532613537907,-42.0,-4.073467518633619,7,1761290467.1462295
2,12,-0.0157142800601167,0.015570938018086072,0.0,0.0,-0.1885713607214004,0.18685125621703286,0.0,0.0,0,1761290468.2015607
3,103,-0.025251740153445053,0.005238259954132216,-0.17475728155339806,-0.015055532269104352,-2.6009292358048404,0.5395407752756183,-18.0,-1.5507198237177482,3,1761290469.8843305
4,28,-0.007262400790740193,0.01799016007157338,0.0,0.0,-0.20334722214072543,0.5037244820040546,0.0,0.0,0,1761290470.4090173
5,60,-0.025678022541071387,0.004336672212390192,-0.4,-0.031143357362142802,-1.5406813524642833,0.26020033274341153,-24.0,-1.8686014417285681,4,1761290471.7327344
6,71,-0.03123698532226482,0.0011053758143566446,0.0,0.0,-2.217825957880802,0.07848168281932177,0.0,0.0,0,1761290473.83993
7,39,-0.02245333798222229,0.008115131147255802,-0.9230769230769231,-0.1628340405713632,-0.8756801813066692,0.3164901147429763,-36.0,-6.350527582283164,6,1761290474.6921191
8,264,-0.021267837574295394,0.012040004483692447,-0.11363636363636363,-0.004817287450439062,-5.614709119613984,3.1785611836948062,-30.0,-1.2717638869159122,5,1761290476.9657197
