episode_index,steps,mean_reward_drift,mean_reward_progress,mean_reward_intrusion,mean_reward_path_efficiency,sum_reward_drift,sum_reward_progress,sum_reward_intrusion,sum_reward_path_efficiency,total_intrusions,terminated_waypoint,truncated,finished_at
1,42,-0.0027928049961343845,0.15239767818354577,0.0,0.0,-0.11729780983764415,6.400702483708923,0.0,0.0,0,True,False,1764321061.6664217
2,102,-0.009742337191994235,-0.002807629899130046,0.0,0.0,-0.993718393583412,-0.2863782497112647,0.0,0.0,0,False,True,1764321092.9643054
3,121,-0.011511288543627924,-0.011105254563923602,-0.9917355371900827,0.0,-1.3928659137789787,-1.3437358022347559,-120.0,0.0,10,False,True,1764321157.0156622
4,25,-0.002701763608894499,0.2263467001954065,0.0,0.0,-0.06754409022236248,5.6586675048851625,0.0,0.0,0,True,False,1764321166.4326766
5,88,-0.005053174777081253,0.023719357221803093,0.0,0.0,-0.44467938038315025,2.087303435518672,0.0,0.0,0,False,True,1764321208.5553155
