episode_index,steps,mean_reward_drift,mean_reward_progress,mean_reward_intrusion,mean_reward_path_efficiency,sum_reward_drift,sum_reward_progress,sum_reward_intrusion,sum_reward_path_efficiency,total_intrusions,terminated_waypoint,truncated,finished_at
1,70,-0.009396386788878852,0.0017110443897168505,0.0,0.0,-0.6577470752215197,0.11977310728017954,0.0,0.0,0,False,True,1764321064.35598
2,74,-0.005958032422053479,0.016616650680077092,-0.8108108108108109,0.0,-0.44089439923195745,1.2296321503257048,-60.0,0.0,5,False,True,1764321089.372158
3,59,-0.007360247100586036,0.000941463720038799,0.0,0.0,-0.43425457893457614,0.05554635948228914,0.0,0.0,0,False,True,1764321113.2061696
4,198,-0.007859342505028956,0.009252310913903047,-1.0303030303030303,0.0,-1.5561498159957334,1.8319575609528034,-204.0,0.0,17,False,True,1764321188.7669926
5,25,-0.0065387595600799875,0.016977816326018226,0.0,0.0,-0.1634689890019997,0.4244454081504556,0.0,0.0,0,False,True,1764321200.19335
