episode_index,steps,mean_reward_drift,mean_reward_progress,mean_reward_intrusion,mean_reward_path_efficiency,sum_reward_drift,sum_reward_progress,sum_reward_intrusion,sum_reward_path_efficiency,total_intrusions,terminated_waypoint,truncated,finished_at
1,28,-0.006087812132341888,0.007629908958704206,0.0,0.0,-0.17045873970557288,0.21363745084371777,0.0,0.0,0,False,True,1764321059.9729693
2,136,-0.007035133875338997,0.011738976441480694,-0.6176470588235294,0.0,-0.9567782070461036,1.5965007960413744,-84.0,0.0,7,False,True,1764321096.67406
3,149,-0.009388943358599723,0.0032893043526613357,0.0,0.0,-1.3989525604313586,0.490106348546539,0.0,0.0,0,False,True,1764321160.4073696
4,87,-0.009811843065312601,-0.007153663970468075,-0.8275862068965517,0.0,-0.8536303466821964,-0.6223687654307225,-72.0,0.0,6,False,True,1764321174.7151957
5,1,-0.003584769827177013,5.0,0.0,0.0,-0.003584769827177013,5.0,0.0,0.0,0,True,False,1764321197.0747936
