episode_index,steps,mean_reward_drift,mean_reward_progress,mean_reward_intrusion,mean_reward_path_efficiency,sum_reward_drift,sum_reward_progress,sum_reward_intrusion,sum_reward_path_efficiency,total_intrusions,terminated_waypoint,truncated,finished_at
1,59,-0.008874479505869483,0.002237951630205361,-1.423728813559322,0.0,-0.5235942908462995,0.13203914618211632,-84.0,0.0,7,False,True,1764321063.431777
2,49,-0.007786696083607358,0.008051457847285065,0.0,0.0,-0.38154810809676054,0.39452143451696814,0.0,0.0,0,False,True,1764321086.2301257
3,73,-0.0064345841901507226,0.016846036675099516,0.0,0.0,-0.46972464588100277,1.2297606772822647,0.0,0.0,0,False,True,1764321114.9013066
4,49,-0.011659249128559148,-0.015344156632877295,0.0,0.0,-0.5713032072993982,-0.7518636750109875,0.0,0.0,0,False,True,1764321169.5145135
5,78,-0.005819178005582386,0.016985360096192805,-1.3846153846153846,0.0,-0.4538958844354261,1.324858087503039,-108.0,0.0,9,False,True,1764321207.4033704
