episode_index,steps,mean_reward_drift,mean_reward_progress,mean_reward_intrusion,mean_reward_path_efficiency,sum_reward_drift,sum_reward_progress,sum_reward_intrusion,sum_reward_path_efficiency,total_intrusions,terminated_waypoint,truncated,finished_at
1,99,-0.009338683754902271,-0.0031345956558298245,-0.9696969696969697,0.0,-0.9245296917353248,-0.31032496992715264,-96.0,0.0,8,False,True,1764321067.3997638
2,178,-0.011155158244584623,-0.008468032732355607,-0.47191011235955055,0.0,-1.985618167536063,-1.507309826359298,-84.0,0.0,7,False,True,1764321101.007775
3,23,-0.010639683887605507,-0.01044481714509843,0.0,0.0,-0.24471272941492667,-0.2402307943372639,0.0,0.0,0,False,True,1764321108.071128
4,164,-0.00791600338919929,0.006257665883698124,-0.36585365853658536,0.0,-1.2982245558286836,1.0262572049264924,-60.0,0.0,5,False,True,1764321184.4806278
5,88,-0.006088271092843585,0.017509709509162794,-0.5454545454545454,0.0,-0.5357678561702355,1.5408544368063257,-48.0,0.0,4,False,True,1764321208.5543125
