episode_index,steps,mean_reward_drift,mean_reward_progress,mean_reward_intrusion,mean_reward_path_efficiency,sum_reward_drift,sum_reward_progress,sum_reward_intrusion,sum_reward_path_efficiency,total_intrusions,terminated_waypoint,truncated,finished_at
1,60,-0.003384693927521001,0.11689084528029182,-1.0,0.0,-0.20308163565126006,7.013450716817509,-60.0,0.0,5,True,False,1764321063.4781215
2,85,-0.009217988766649256,0.0009059981075709841,-1.411764705882353,0.0,-0.7835290451651867,0.07700983914353365,-120.0,0.0,10,False,True,1764321090.8443773
3,81,-0.013989502805224794,-0.02624265190562313,0.0,0.0,-1.1331497272232083,-2.1256548043554737,0.0,0.0,0,False,True,1764321116.042331
4,48,-0.011566293419168797,-0.014243764322532486,-0.25,0.0,-0.5551820841201023,-0.6837006874815593,-12.0,0.0,1,False,True,1764321169.4642713
5,81,-0.010092489060304114,-0.004218944528998732,0.0,0.0,-0.8174916138846332,-0.3417345068488973,0.0,0.0,0,False,True,1764321207.796132
