episode_index,steps,mean_reward_drift,mean_reward_progress,mean_reward_intrusion,mean_reward_path_efficiency,sum_reward_drift,sum_reward_progress,sum_reward_intrusion,sum_reward_path_efficiency,total_intrusions,terminated_waypoint,truncated,finished_at
1,188,-0.006200023812789854,0.016088742167522867,-0.3829787234042553,0.0,-1.1656044768044926,3.024683527494299,-72.0,0.0,6,False,True,1764321080.6085134
2,117,-0.009932291848760141,-0.0005895167485332675,-0.8205128205128205,0.0,-1.1620781463049366,-0.0689734595783923,-96.0,0.0,8,False,True,1764321094.6900535
3,145,-0.014243131371487583,-0.03024883351107987,-1.4068965517241379,0.0,-2.0652540488656994,-4.386080859106581,-204.0,0.0,17,False,True,1764321159.5873659
4,264,-0.011154163174369947,-0.011108360904299014,-0.8181818181818182,0.0,-2.944699078033666,-2.9326072787349395,-216.0,0.0,18,False,True,1764321196.9274142
