episode_index,steps,mean_reward_drift,mean_reward_progress,mean_reward_intrusion,mean_reward_path_efficiency,sum_reward_drift,sum_reward_progress,sum_reward_intrusion,sum_reward_path_efficiency,total_intrusions,terminated_waypoint,truncated,finished_at
1,124,-0.0075860768954794724,0.0032031682017715215,-0.4838709677419355,0.0,-0.9406735350394546,0.39719285701966867,-60.0,0.0,5,False,True,1764321071.421989
2,42,-0.007059248282863732,0.1320354030425348,0.0,0.0,-0.29648842788027674,5.545486927786462,0.0,0.0,0,True,False,1764321085.489572
3,58,-0.012579028196551875,-0.020583318090486483,-1.0344827586206897,0.0,-0.7295836354000087,-1.193832449248216,-60.0,0.0,5,False,True,1764321112.91342
4,79,-0.005361753989148216,0.023500753775096524,-0.45569620253164556,0.0,-0.42357856514270903,1.8565595482326254,-36.0,0.0,3,False,True,1764321173.6664455
5,53,-0.008173167306856497,0.005174472960873486,-0.6792452830188679,0.0,-0.43317786726339436,0.27424706692629475,-36.0,0.0,3,False,True,1764321204.2677724
