episode_index,steps,mean_reward_drift,mean_reward_progress,mean_reward_intrusion,mean_reward_path_efficiency,sum_reward_drift,sum_reward_progress,sum_reward_intrusion,sum_reward_path_efficiency,total_intrusions,terminated_waypoint,truncated,finished_at
1,1,-0.003595028764483973,5.0,0.0,0.0,-0.003595028764483973,5.0,0.0,0.0,0,True,False,1764321056.2494636
2,19,-0.003728937932942806,0.018617786828778283,0.0,0.0,-0.07084982072591331,0.3537379497467874,0.0,0.0,0,False,True,1764321082.820964
3,44,-0.007012710195438263,0.01023177969784094,-1.0909090909090908,0.0,-0.3085592485992836,0.4501983067050013,-48.0,0.0,4,False,True,1764321110.9987094
4,45,-0.004193298412334157,0.029649846774085,-0.26666666666666666,0.0,-0.18869842855503707,1.334243104833825,-12.0,0.0,1,False,True,1764321169.1106904
5,27,-0.0047762825317196516,0.022833522937721815,0.0,0.0,-0.1289596283564306,0.6165051193184891,0.0,0.0,0,False,True,1764321200.7625384
