episode_index,steps,mean_reward_drift,mean_reward_progress,mean_reward_intrusion,mean_reward_path_efficiency,sum_reward_drift,sum_reward_progress,sum_reward_intrusion,sum_reward_path_efficiency,total_intrusions,terminated_waypoint,truncated,finished_at
1,111,-0.010458718573147726,-0.00563951773355166,-0.43243243243243246,0.0,-1.1609177616193975,-0.6259864684242342,-48.0,0.0,4,False,True,1764321069.4076612
2,161,-0.012375357670779845,-0.018461712348191328,-0.07453416149068323,0.0,-1.992432584995555,-2.972335688058804,-12.0,0.0,1,False,True,1764321099.1324544
3,165,-0.012672411302889578,-0.01707338079479628,-0.43636363636363634,0.0,-2.0909478649767803,-2.817107831141386,-72.0,0.0,6,False,True,1764321161.984618
4,60,-0.005160543541984322,0.017534382824937342,-2.0,0.0,-0.3096326125190593,1.0520629694962405,-120.0,0.0,10,False,True,1764321171.0377758
5,70,-0.012528269304862305,-0.020535743778619327,-2.5714285714285716,0.0,-0.8769788513403614,-1.437502064503353,-180.0,0.0,15,False,True,1764321206.3299654
