episode_index,steps,mean_reward_drift,mean_reward_progress,mean_reward_intrusion,sum_reward_drift,sum_reward_progress,sum_reward_intrusion,finished_at
1,31,-0.12190754873155726,0.006154609177231145,-0.03225806451612903,-3.779134010678275,0.19079288449416548,-1.0,1760537916.9500515
2,78,-0.12095820838824409,0.006674030834542817,0.0,-9.434740254283039,0.5205744050943397,0.0,1760537919.5395973
