episode_index,steps,mean_reward_drift,mean_reward_progress,mean_reward_intrusion,sum_reward_drift,sum_reward_progress,sum_reward_intrusion,finished_at
1,98,-0.1676925408289049,-0.001700786944092996,-0.01020408163265306,-16.43386900123268,-0.1666771205211136,-1.0,1760537917.966712
2,30,-0.0630071478176151,0.0163966792134432,0.0,-1.890214434528453,0.49190037640329604,0.0,1760537918.8790448
3,79,-0.13181488506233005,0.005399103398798589,0.0,-10.413375919924073,0.42652916850508854,0.0,1760537953.1746159
