episode_index,steps,mean_reward_drift,mean_reward_progress,mean_reward_intrusion,sum_reward_drift,sum_reward_progress,sum_reward_intrusion,finished_at
1,11,-0.1215121360088644,0.009080366857568922,0.0,-1.3366334960975084,0.09988403543325813,0.0,1760537916.667309
2,39,-0.21694637920201368,-0.008855862849622897,0.0,-8.460908788878534,-0.345378651135293,0.0,1760537919.0054405
3,30,-0.07554293023668238,0.016538081956212904,0.0,-2.2662879071004713,0.49614245868638707,0.0,1760537952.548523
4,125,-0.1697932710574519,-6.138903511678473e-05,-0.008,-21.224158882181488,-0.007673629389598091,-1.0,1760537954.9714646
5,51,-0.14738567408635458,0.002358184033382034,0.0,-7.516669378404084,0.12026738570248371,0.0,1760537988.035157
6,91,-0.1818315185305932,-0.003867605167632697,0.0,-16.54666818628398,-0.3519520702545754,0.0,1760537989.7049832
