episode_index,steps,mean_reward_drift,mean_reward_progress,mean_reward_intrusion,mean_reward_proximity,sum_reward_drift,sum_reward_progress,sum_reward_intrusion,sum_reward_proximity,total_intrusions,terminated_waypoint,truncated,finished_at
1,32,-0.0008904281719793393,-0.0034453877984704784,-0.09375,-0.05925493167622145,-0.028493701503338856,-0.11025240955105531,-3.0,-1.8961578136390864,1,False,True,1762852340.9824395
2,61,-0.0015409944096915274,0.0030595659992495704,-0.09836065573770492,-0.04409639735767074,-0.09400065899118318,0.1866335259542238,-6.0,-2.6898802388179153,2,False,True,1762852343.8440697
3,120,-0.003023316638131727,-0.0038886019648347618,-0.025,-0.0164944843764267,-0.36279799657580725,-0.46663223578017143,-3.0,-1.9793381251712039,1,False,True,1762852375.5936038
4,117,-0.0026337111705178897,-0.0017894311204488171,0.0,-0.009586424033284314,-0.3081442069505931,-0.2093634410925116,0.0,-1.1216116118942647,0,False,True,1762852421.435948
5,400,-0.002389579725831524,-0.0001774754199642764,-0.0075,-0.003782841892213753,-0.9558318903326095,-0.07099016798571056,-3.0,-1.5131367568855012,1,False,True,1762852518.5124876
