episode_index,steps,mean_reward_drift,mean_reward_progress,mean_reward_intrusion,mean_reward_proximity,sum_reward_drift,sum_reward_progress,sum_reward_intrusion,sum_reward_proximity,total_intrusions,terminated_waypoint,truncated,finished_at
1,140,-0.00810378600600641,-0.012211045995204959,0.0,-4.186823785865795e-05,-1.1345300408408976,-1.7095464393286943,0.0,-0.005861553300212112,0,False,True,1762873418.8721986
2,100,-0.00896523190012503,-0.019413726647666878,-0.1,-0.00958158369155053,-0.8965231900125031,-1.9413726647666878,-10.0,-0.958158369155053,2,False,True,1762873429.6821475
3,72,-0.007386602744301256,-0.004583564784555831,0.0,0.0,-0.5318353975896905,-0.3300166644880198,0.0,0.0,0,False,True,1762873441.8674371
4,65,-0.0062325741544573725,0.002013874963016031,0.0,0.0,-0.4051173200397292,0.13090187259604202,0.0,0.0,0,False,True,1762873455.0793378
5,77,-0.008851588129298114,-0.0162949636373985,0.0,0.0,-0.6815722859559549,-1.2547122000796846,0.0,0.0,0,False,True,1762873463.8654988
6,44,-0.006519831341397018,-0.0016603657478353462,0.0,0.0,-0.2868725790214688,-0.07305609290475523,0.0,0.0,0,False,True,1762873472.2153046
7,87,-0.0064001264131626516,-0.0027106701236935937,-0.05747126436781609,-0.042508101962458564,-0.5568109979451507,-0.23582830076134265,-5.0,-3.698204870733895,1,False,True,1762873490.890357
8,88,-0.008379909672432372,-0.015693389211247792,0.0,0.0,-0.7374320511740488,-1.3810182505898057,0.0,0.0,0,False,True,1762873503.6135073
