episode_index,steps,mean_reward_drift,mean_reward_progress,mean_reward_intrusion,sum_reward_drift,sum_reward_progress,sum_reward_intrusion,total_intrusions,finished_at
1,11,-0.18697805624321584,0.0,0.0,-2.0567586186753744,0.0,0.0,0,1761053490.860123
2,92,-0.17550024338001555,0.0,-0.03260869565217391,-16.14602239096143,0.0,-3.0,3,1761053492.520763
