episode_index,steps,mean_reward_drift,mean_reward_progress,mean_reward_intrusion,sum_reward_drift,sum_reward_progress,sum_reward_intrusion,total_intrusions,finished_at
1,20,-0.17285910440611219,0.0,0.0,-3.4571820881222437,0.0,0.0,0,1761053491.0109162
2,40,-0.20365576417025352,0.0,0.0,-8.146230566810141,0.0,0.0,0,1761053491.8923259
3,8,-0.2188247228580394,0.0,-0.25,-1.750597782864315,0.0,-2.0,2,1761053492.6763217
4,38,-0.224282925481908,0.0,0.0,-8.522751168312505,0.0,0.0,0,1761053529.0407658
5,9,-0.1225542431886933,0.0,0.0,-1.1029881886982398,0.0,0.0,0,1761053529.2568882
6,9,-0.19421752910810514,0.0,0.0,-1.7479577619729463,0.0,0.0,0,1761053530.2306724
7,72,-0.13803663523321086,0.0,0.0,-9.938637736791181,0.0,0.0,0,1761053531.588589
