episode_index,steps,mean_reward_drift,mean_reward_progress,mean_reward_intrusion,sum_reward_drift,sum_reward_progress,sum_reward_intrusion,total_intrusions,finished_at
1,19,-0.19401873578765083,0.0,0.0,-3.686355979965366,0.0,0.0,0,1761056922.9410028
2,11,-0.10488917431150417,0.0,0.0,-1.1537809174265459,0.0,0.0,0,1761056923.235149
3,33,-0.1847304344174017,0.0,0.0,-6.096104335774256,0.0,0.0,0,1761056923.950304
4,33,-0.17701578279497326,0.0,0.0,-5.841520832234118,0.0,0.0,0,1761056924.4392188
5,34,-0.19789399056265292,0.0,0.0,-6.728395679130199,0.0,0.0,0,1761056925.1142027
6,91,-0.14556233031321683,0.0,0.0,-13.246172058502731,0.0,0.0,0,1761056962.7459917
