episode_index,steps,mean_reward_drift,mean_reward_progress,mean_reward_intrusion,sum_reward_drift,sum_reward_progress,sum_reward_intrusion,total_intrusions,finished_at
1,10,-0.23025491467871873,0.0,-0.1,-2.3025491467871873,0.0,-1.0,1,1761056922.8242037
2,19,-0.04482302960072657,0.05263157894736842,0.0,-0.8516375624138048,1.0,0.0,0,1761056923.374594
3,12,-0.07615904390921019,0.08333333333333333,0.0,-0.9139085269105223,1.0,0.0,0,1761056923.6673536
4,23,-0.19644346298113588,0.0,-0.08695652173913043,-4.518199648566125,0.0,-2.0,2,1761056924.3142893
5,132,-0.15543650539883408,0.0,0.0,-20.517618712646097,0.0,0.0,0,1761056961.4195952
