episode_index,steps,mean_reward_drift,mean_reward_progress,mean_reward_intrusion,sum_reward_drift,sum_reward_progress,sum_reward_intrusion,total_intrusions,finished_at
1,6,-0.1448391566572086,0.0,0.0,-0.8690349399432515,0.0,0.0,0,1761056922.760422
2,15,-0.1538395524372379,0.0,0.0,-2.3075932865585687,0.0,0.0,0,1761056923.3069832
3,14,-0.10076147531941973,0.0,0.0,-1.4106606544718763,0.0,0.0,0,1761056923.6945844
4,17,-0.19576012001138715,0.0,-0.17647058823529413,-3.3279220401935814,0.0,-3.0,3,1761056924.2329261
5,14,-0.09571040968424996,0.0,0.0,-1.3399457355794995,0.0,0.0,0,1761056924.786525
6,2,-0.1246499084196586,0.0,0.0,-0.2492998168393172,0.0,0.0,0,1761056961.4972758
7,43,-0.10972645111121412,0.0,-0.046511627906976744,-4.718237397782207,0.0,-2.0,2,1761056963.3863268
