episode_index,steps,mean_reward_drift,mean_reward_progress,mean_reward_intrusion,mean_reward_proximity,sum_reward_drift,sum_reward_progress,sum_reward_intrusion,sum_reward_proximity,total_intrusions,terminated_waypoint,truncated,finished_at
1,157,-0.003257622438655525,-0.0042194144869051155,-0.03821656050955414,-0.023097109871773852,-0.5114467228689175,-0.6624480744441031,-6.0,-3.626246249868495,2,False,True,1762870449.5747313
2,231,-0.0028252104641343346,-0.0017525582879986668,0.0,0.0,-0.6526236172150313,-0.404840964527692,0.0,0.0,0,False,True,1762870467.0671918
