episode_index,steps,mean_reward_drift,mean_reward_progress,mean_reward_intrusion,mean_reward_proximity,sum_reward_drift,sum_reward_progress,sum_reward_intrusion,sum_reward_proximity,total_intrusions,terminated_waypoint,truncated,finished_at
1,161,-0.0015370852509022127,0.0030848705916213994,-0.018633540372670808,-0.00912094890216405,-0.24747072539525625,0.4966641652510453,-3.0,-1.468472773248412,1,False,True,1762870449.9831982
2,125,-0.0020740225286083537,-0.0010181040302628447,-0.048,-0.03995272833875928,-0.2592528160760442,-0.12726300378285557,-6.0,-4.99409104234491,2,False,True,1762870459.5715165
3,189,-0.003008682362096305,0.003747502782012401,0.0,0.0,-0.5686409664362017,0.7082780258003437,0.0,0.0,0,True,False,1762870480.2981184
