episode_index,steps,mean_reward_drift,mean_reward_progress,mean_reward_intrusion,sum_reward_drift,sum_reward_progress,sum_reward_intrusion,finished_at
1,112,-0.17306207589049996,-0.0016595794527913415,0.0,-19.382952499735996,-0.18587289871263024,0.0,1760609100.0053334
2,13,-0.07984863784917438,0.016760481738496532,0.0,-1.038032292039267,0.21788626260045493,0.0,1760609100.3341253
3,130,-0.174318947776604,-0.002805825542571636,0.0,-22.66146321095852,-0.3647573205343127,0.0,1760609138.2605217
4,4,-0.1717716441097229,0.005828627717869346,0.0,-0.6870865764388916,0.023314510871477383,0.0,1760609138.3644028
5,3,-0.14273865440446618,0.00903501293900603,0.0,-0.4282159632133985,0.02710503881701809,0.0,1760609138.6102731
6,49,-0.17548505485344826,-0.0020670564308502243,0.0,-8.598767687818965,-0.10128576511166099,0.0,1760609173.1658962
