episode_index,steps,mean_reward_drift,mean_reward_progress,mean_reward_intrusion,sum_reward_drift,sum_reward_progress,sum_reward_intrusion,total_intrusions,finished_at
1,15,-0.1416353636703721,0.0,0.0,-2.1245304550555817,0.0,0.0,0,1761055179.7516155
2,5,-0.14876586109233475,0.0,0.0,-0.7438293054616737,0.0,0.0,0,1761055180.3082259
3,21,-0.1294326915180981,0.0,0.0,-2.7180865218800605,0.0,0.0,0,1761055181.1105173
4,7,-0.14996268368733154,0.0,0.0,-1.0497387858113207,0.0,0.0,0,1761055181.3199387
5,9,-0.10169515952458462,0.0,0.0,-0.9152564357212616,0.0,0.0,0,1761055182.2476804
6,6,-0.06464104054506706,0.0,0.0,-0.38784624327040235,0.0,0.0,0,1761055218.6911576
7,65,-0.15862218667415687,0.0,-0.015384615384615385,-10.310442133820196,0.0,-1.0,1,1761055219.96846
