episode_index,steps,mean_reward_drift,mean_reward_progress,mean_reward_intrusion,sum_reward_drift,sum_reward_progress,sum_reward_intrusion,total_intrusions,finished_at
1,25,-0.17228179586124137,0.0,0.0,-4.307044896531035,0.0,0.0,0,1761055179.922224
2,29,-0.20143890329506842,0.0,0.0,-5.841728195556984,0.0,0.0,0,1761055180.7134452
3,1,-0.019401218862507924,0.0,0.0,-0.019401218862507924,0.0,0.0,0,1761055180.764325
4,63,-0.15983717210033654,0.0,-0.031746031746031744,-10.069741842321202,0.0,-2.0,2,1761055182.0411317
