episode_index,steps,mean_reward_drift,mean_reward_progress,mean_reward_intrusion,sum_reward_drift,sum_reward_progress,sum_reward_intrusion,total_intrusions,finished_at
1,85,-0.17141283665797874,0.0,0.0,-14.570091115928193,0.0,0.0,0,1761051076.0541937
2,79,-0.17676074886038926,0.0,-0.012658227848101266,-13.96409915997075,0.0,-1.0,1,1761051077.1769753
3,9,-0.09033943464824538,0.0,0.0,-0.8130549118342084,0.0,0.0,0,1761051077.3680594
4,5,-0.11213651102867775,0.0,0.0,-0.5606825551433887,0.0,0.0,0,1761051112.889074
5,29,-0.1431006314004604,0.0,0.0,-4.1499183106133515,0.0,0.0,0,1761051114.2637408
6,23,-0.10699266490024487,0.0,0.0,-2.460831292705632,0.0,0.0,0,1761051114.6763566
7,67,-0.1138529862645117,0.0,-0.014925373134328358,-7.628150079722284,0.0,-1.0,1,1761051115.8309035
8,70,-0.14771093438120808,0.0,0.0,-10.339765406684565,0.0,0.0,0,1761051149.8158197
