episode_index,steps,mean_reward_drift,mean_reward_progress,mean_reward_intrusion,sum_reward_drift,sum_reward_progress,sum_reward_intrusion,total_intrusions,finished_at
1,13,-0.14104669411246012,0.0,0.0,-1.8336070234619815,0.0,0.0,0,1761051075.0031579
2,15,-0.23094013583938935,0.0,0.0,-3.4641020375908402,0.0,0.0,0,1761051076.3493965
3,16,-0.21084620864180978,0.0,0.0,-3.3735393382689565,0.0,0.0,0,1761051077.4570742
4,71,-0.1356703759918355,0.0,-0.028169014084507043,-9.632596695420322,0.0,-2.0,2,1761051113.824639
5,5,-0.18918918435913304,0.0,0.0,-0.9459459217956652,0.0,0.0,0,1761051113.9498935
6,31,-0.11468759095679425,0.0,0.0,-3.5553153196606218,0.0,0.0,0,1761051114.7811866
7,8,-0.18105633009841005,0.0,-0.25,-1.4484506407872804,0.0,-2.0,2,1761051114.9676163
8,11,-0.1916622218819076,0.0,0.0,-2.1082844407009835,0.0,0.0,0,1761051148.9840126
9,50,-0.10142315872560177,0.02,-0.02,-5.0711579362800885,1.0,-1.0,1,1761051150.6137908
