episode_index,steps,mean_reward_drift,mean_reward_progress,mean_reward_intrusion,mean_reward_path_efficiency,sum_reward_drift,sum_reward_progress,sum_reward_intrusion,sum_reward_path_efficiency,total_intrusions,terminated_waypoint,truncated,finished_at
1,143,-0.011200887123441756,-0.011298536926684673,0.0,0.0,-1.6017268586521711,-1.6156907805159082,0.0,0.0,0,False,True,1764321073.9496653
2,213,-0.00839849008346089,0.004805403938302541,-0.22535211267605634,0.0,-1.78887838777717,1.0235510388584412,-48.0,0.0,4,False,True,1764321103.072201
