episode_index,steps,mean_reward_drift,mean_reward_progress,mean_reward_intrusion,mean_reward_path_efficiency,sum_reward_drift,sum_reward_progress,sum_reward_intrusion,sum_reward_path_efficiency,total_intrusions,terminated_waypoint,truncated,finished_at
1,58,-0.01317083765205905,-0.023337689696784524,-0.41379310344827586,0.0,-0.763908583819425,-1.3535860024135025,-24.0,0.0,2,False,True,1764321063.2000468
2,51,-0.0057538551502712655,0.017889851765630852,0.0,0.0,-0.29344661266383454,0.9123824400471734,0.0,0.0,0,False,True,1764321084.4188077
3,58,-0.012077824191480804,-0.01572717932975566,-1.6551724137931034,0.0,-0.7005138031058866,-0.9121764011258284,-96.0,0.0,8,False,True,1764321110.5754802
4,106,-0.004130683567839339,0.03161593724624084,-0.7924528301886793,0.0,-0.43785245819097,3.3512893481015285,-84.0,0.0,7,False,True,1764321190.4445446
5,71,-0.006174293105136159,0.021214917859400953,-0.3380281690140845,0.0,-0.4383748104646673,1.5062591680174677,-24.0,0.0,2,False,True,1764321214.0895598
