episode_index,steps,mean_reward_drift,mean_reward_progress,mean_reward_intrusion,mean_reward_path_efficiency,sum_reward_drift,sum_reward_progress,sum_reward_intrusion,sum_reward_path_efficiency,total_intrusions,terminated_waypoint,truncated,finished_at
1,40,-0.007714970867590587,0.0043904660316596705,0.0,0.0,-0.3085988347036235,0.17561864126638682,0.0,0.0,0,False,True,1764321061.3577142
2,54,-0.0052187889035570124,0.014203471342689275,-2.2222222222222223,0.0,-0.28181460079207865,0.7669874525052208,-120.0,0.0,10,False,True,1764321084.8274286
3,117,-0.013227416974563717,-0.007752376399122518,0.0,0.0,-1.5476077860239548,-0.9070280386973346,0.0,0.0,0,False,True,1764321154.999129
4,86,-0.014560728391193213,-0.029476909651128067,-1.255813953488372,0.0,-1.2522226416426163,-2.5350142299970138,-108.0,0.0,9,False,True,1764321188.140961
5,51,-0.0038707337462304666,0.03151778518819235,0.0,0.0,-0.1974074210577538,1.60740704459781,0.0,0.0,0,False,True,1764321211.2730086
