episode_index,steps,mean_reward_drift,mean_reward_progress,mean_reward_intrusion,sum_reward_drift,sum_reward_progress,sum_reward_intrusion,finished_at
1,43,-0.18283347116201745,0.0,0.0,-7.86183925996675,0.0,0.0,1761043112.1300735
2,16,-0.197791774146592,0.0,0.0,-3.164668386345472,0.0,0.0,1761043112.422511
3,48,-0.07088165775057483,0.020833333333333332,0.0,-3.402319572027592,1.0,0.0,1761043113.6893132
4,72,-0.18913188850013704,0.0,-0.027777777777777776,-13.617495972009866,0.0,-2.0,1761043149.6586845
5,91,-0.12857395138499694,0.0,0.0,-11.70022957603472,0.0,0.0,1761043151.4131336
6,59,-0.1284598635282823,0.0,-0.03389830508474576,-7.579131948168654,0.0,-2.0,1761043152.4486864
