episode_index,steps,mean_reward_drift,mean_reward_progress,mean_reward_intrusion,mean_reward_proximity,sum_reward_drift,sum_reward_progress,sum_reward_intrusion,sum_reward_proximity,total_intrusions,terminated_waypoint,truncated,finished_at
1,346,-0.0030196270253955966,-0.002625954142814633,-0.008670520231213872,-0.004312099614216556,-1.0447909507868764,-0.908580133413863,-3.0,-1.4919864665189282,1,False,True,1762866211.153165
2,83,-0.0010563129145605568,0.00603520296729514,-0.07228915662650602,-0.04048082538115681,-0.08767397190852622,0.5009218462854966,-6.0,-3.3599085066360153,2,True,True,1762866216.9340312
3,342,-0.0022201298168189293,-0.00035935594800452493,0.0,0.0,-0.7592843973520738,-0.12289973421754752,0.0,0.0,0,False,True,1762866248.3611095
