episode_index,steps,mean_reward_drift,mean_reward_progress,mean_reward_intrusion,sum_reward_drift,sum_reward_progress,sum_reward_intrusion,finished_at
1,169,-0.15459884835501178,0.000845428346635424,0.0,-26.12720537199699,0.14287739058138665,0.0,1760538822.8679836
2,5,-0.11179695284631841,0.012875233652925755,0.0,-0.558984764231592,0.06437616826462877,0.0,1760538823.051464
3,32,-0.08227541614073723,0.014721163811976135,-0.03125,-2.6328133165035914,0.4710772419832363,-1.0,1760538862.5312178
4,23,-0.14811050950876356,0.003143308890970051,-0.08695652173913043,-3.4065417187015616,0.07229610449231116,-2.0,1760538863.9229386
5,58,-0.1678674014566921,-0.002053457891353112,-0.034482758620689655,-9.736309284488142,-0.11910055769848049,-2.0,1760538899.2232096
6,38,-0.06114811688541937,0.018867590027486253,0.0,-2.323628441645936,0.7169684210444776,0.0,1760538900.5175867
7,29,-0.09148777710890083,0.01336586210485178,0.0,-2.653145536158124,0.3876100010407016,0.0,1760538938.440919
8,22,-0.08032739451796575,0.015872485388564086,0.0,-1.7672026793952464,0.34919467854840985,0.0,1760538938.8739855
9,32,-0.06667565828711505,0.018057058676181865,0.0,-2.1336210651876817,0.5778258776378197,0.0,1760538939.901102
