episode_index,steps,mean_reward_drift,mean_reward_progress,mean_reward_intrusion,sum_reward_drift,sum_reward_progress,sum_reward_intrusion,finished_at
1,59,-0.14978065610869948,0.0018403818911307108,0.0,-8.837058710413269,0.10858253157671194,0.0,1760538821.322881
2,26,-0.18210057709643296,-0.00398724168401476,0.0,-4.734615004507257,-0.10366828378438375,0.0,1760538823.456613
3,14,-0.11533175904278045,0.008923772279941036,0.0,-1.6146446265989263,0.12493281191917449,0.0,1760538862.2387407
4,9,-0.12986009648005592,0.008096367124374282,0.0,-1.1687408683205032,0.07286730411936854,0.0,1760538863.6509035
5,100,-0.1299471651401366,0.005486769311443083,-0.04,-12.994716514013659,0.5486769311443083,-4.0,1760538899.7934127
