episode_index,steps,mean_reward_drift,mean_reward_progress,mean_reward_intrusion,sum_reward_drift,sum_reward_progress,sum_reward_intrusion,finished_at
1,17,-0.10296126738904064,0.00829517721758335,0.0,-1.7503415456136908,0.14101801269891695,0.0,1760538820.6340098
2,66,-0.19458098591024595,-0.005830951167085936,-0.015151515151515152,-12.842345070076233,-0.3848427770276718,-1.0,1760538861.6889548
3,93,-0.1619680699531352,-0.0007611038170312498,-0.021505376344086023,-15.063030505641574,-0.07078265498390623,-2.0,1760538863.4258387
4,55,-0.15820828308316617,0.0005958856388310084,-0.03636363636363636,-8.70145556957414,0.03277371013570546,-2.0,1760538864.4702575
5,27,-0.15396600983478617,0.0015980820257452811,-0.07407407407407407,-4.157082265539227,0.04314821469512259,-2.0,1760538898.695378
6,15,-0.11853789768851404,0.008970325517105053,0.0,-1.7780684653277106,0.1345548827565758,0.0,1760538900.1589973
7,29,-0.1129351407740557,0.009365679739890167,0.0,-3.275119082447615,0.27160471245681483,0.0,1760538938.440919
