episode_index,steps,mean_reward_drift,mean_reward_progress,mean_reward_intrusion,sum_reward_drift,sum_reward_progress,sum_reward_intrusion,finished_at
1,62,-0.1807015501272213,-0.0042856089734708055,0.0,-11.203496107887721,-0.26570775635518995,0.0,1760538821.3733912
2,87,-0.17045367855644727,-0.0023333770248793384,-0.011494252873563218,-14.829470034410914,-0.20300380116450245,-1.0,1760538861.9779751
3,13,-0.21514050844908944,-0.009372592853743854,-0.07692307692307693,-2.796826609838163,-0.1218437070986701,-1.0,1760538862.2242212
4,23,-0.2068769124218111,-0.008198324159833932,0.0,-4.758168985701656,-0.18856145567618043,0.0,1760538863.9229386
5,22,-0.10466556687139449,0.01014333453521034,0.0,-2.3026424711706786,0.22315335977462747,0.0,1760538898.6021836
6,35,-0.16801849429270313,-0.00011090344900385264,0.0,-5.880647300244609,-0.0038816207151348425,0.0,1760538900.478788
7,14,-0.07160560018672078,0.017345011990437198,0.0,-1.002478402614091,0.24283016786612077,0.0,1760538938.1798542
8,46,-0.10704294560988821,0.009505453451555028,0.0,-4.923975498054857,0.4372508587715313,0.0,1760538939.267155
