episode_index,steps,mean_reward_drift,mean_reward_progress,mean_reward_intrusion,mean_reward_path_efficiency,sum_reward_drift,sum_reward_progress,sum_reward_intrusion,sum_reward_path_efficiency,total_intrusions,terminated_waypoint,truncated,finished_at
1,70,-0.011416855585745653,-0.014793123844316271,0.0,0.0,-0.7991798910021958,-1.035518669102139,0.0,0.0,0,False,True,1764321064.3907588
2,21,-0.0037098268101663587,0.022973759801839994,0.0,0.0,-0.07790636301349353,0.4824489558386399,0.0,0.0,0,False,True,1764321085.4961774
3,112,-0.006779465235423173,0.008454199990588142,-2.0357142857142856,0.0,-0.7593001063673954,0.9468703989458719,-228.0,0.0,19,False,True,1764321159.2415996
4,51,-0.008893769791376693,0.0033989669994282825,-1.1764705882352942,0.0,-0.45358225936021135,0.1733473169708424,-60.0,0.0,5,False,True,1764321175.146527
5,69,-0.0064778046011958745,0.01949689122891643,0.0,0.0,-0.4469685174825153,1.3452854947952337,0.0,0.0,0,False,True,1764321206.2556324
