episode_index,steps,mean_reward_drift,mean_reward_progress,mean_reward_intrusion,mean_reward_path_efficiency,sum_reward_drift,sum_reward_progress,sum_reward_intrusion,sum_reward_path_efficiency,total_intrusions,terminated_waypoint,truncated,finished_at
1,132,-0.014719198982527399,-0.025613882709360568,-0.2727272727272727,0.0,-1.9429342656936166,-3.381032517635595,-36.0,0.0,3,False,True,1764321072.5151756
2,165,-0.012201043333664379,-0.009932164099902953,0.0,0.0,-2.0131721500546225,-1.6388070764839873,0.0,0.0,0,False,True,1764321101.8062563
3,55,-0.009450921978790015,-0.0030024355759078972,0.0,0.0,-0.5198007088334509,-0.16513395667493436,0.0,0.0,0,False,True,1764321116.3678317
4,74,-0.008630435753557143,-0.0046538075815037855,0.0,0.0,-0.6386522457632285,-0.34438176103128015,0.0,0.0,0,False,True,1764321177.9237778
5,73,-0.00907923982675139,0.0015313673548076425,0.0,0.0,-0.6627845073528515,0.1117898169009579,0.0,0.0,0,False,True,1764321206.6727815
