episode_index,steps,mean_reward_drift,mean_reward_progress,mean_reward_intrusion,mean_reward_path_efficiency,sum_reward_drift,sum_reward_progress,sum_reward_intrusion,sum_reward_path_efficiency,total_intrusions,terminated_waypoint,truncated,finished_at
1,71,-0.011447006779144422,-0.011963920141612863,-0.5070422535211268,0.0,-0.8127374813192539,-0.8494383300545133,-36.0,0.0,3,False,True,1764321064.6232753
2,52,-0.003483166835618982,0.022470875313313834,0.0,0.0,-0.18112467545218708,1.1684855162923193,0.0,0.0,0,False,True,1764321089.336252
3,102,-0.007534547767820479,0.0031038787877234737,-0.9411764705882353,0.0,-0.7685238723176888,0.3165956363477943,-96.0,0.0,8,False,True,1764321158.0025747
4,137,-0.005988677506615899,0.017822431437570004,-0.26277372262773724,0.0,-0.8204488184063782,2.4416731069470905,-36.0,0.0,3,False,True,1764321186.0213523
5,88,-0.003916926011759987,0.029169720709842695,-0.2727272727272727,0.0,-0.3446894890348789,2.566935422466157,-24.0,0.0,2,False,True,1764321208.5320742
