episode_index,steps,mean_reward_drift,mean_reward_progress,mean_reward_intrusion,mean_reward_path_efficiency,sum_reward_drift,sum_reward_progress,sum_reward_intrusion,sum_reward_path_efficiency,total_intrusions,terminated_waypoint,truncated,finished_at
1,116,-0.012307957137126718,-0.010659223601456805,0.0,0.0,-1.4277230279066992,-1.2364699377689894,0.0,0.0,0,False,True,1764321070.264785
2,94,-0.010794193979958797,-0.01280246999957189,-0.5106382978723404,0.0,-1.0146542341161269,-1.2034321799597576,-48.0,0.0,4,False,True,1764321094.3526921
3,189,-0.006019975306959177,0.047533485055870114,0.0,0.0,-1.1377753330152844,8.983828675559451,0.0,0.0,0,True,False,1764321168.2762635
