episode_index,steps,mean_reward_drift,mean_reward_progress,mean_reward_intrusion,mean_reward_path_efficiency,sum_reward_drift,sum_reward_progress,sum_reward_intrusion,sum_reward_path_efficiency,total_intrusions,terminated_waypoint,truncated,finished_at
1,131,-0.0075605251040634204,0.010729280714628506,0.0,0.0,-0.9904287886323081,1.4055357736163343,0.0,0.0,0,False,True,1764321072.4976187
2,97,-0.006939143975072717,0.0126294360568014,-0.4948453608247423,0.0,-0.6730969655820536,1.2250552975097357,-48.0,0.0,4,False,True,1764321094.7025676
3,153,-0.011670161387836582,-0.015560338608465459,0.0,0.0,-1.7855346923389972,-2.380731807095215,0.0,0.0,0,False,True,1764321163.8007967
4,102,-0.004317764987360478,0.02809610103118902,-0.47058823529411764,0.0,-0.4404120287107688,2.8658023051812798,-48.0,0.0,4,False,True,1764321181.4283118
5,42,-0.01241875615498069,-0.021793891361848953,0.0,0.0,-0.5215877585091889,-0.915343437197656,0.0,0.0,0,False,True,1764321202.6546595
