episode_index,steps,mean_reward_drift,mean_reward_progress,mean_reward_intrusion,mean_reward_path_efficiency,sum_reward_drift,sum_reward_progress,sum_reward_intrusion,sum_reward_path_efficiency,total_intrusions,terminated_waypoint,truncated,finished_at
1,68,-0.01216187647946423,-0.017679817322135475,0.0,0.0,-0.8270076006035677,-1.2022275779052123,0.0,0.0,0,False,True,1764321064.2941494
2,15,-0.005046274803783255,0.022855678512474387,0.0,0.0,-0.07569412205674883,0.3428351776871158,0.0,0.0,0,False,True,1764321084.851994
3,180,-0.01073084676792001,-0.00536157520054305,-0.06666666666666667,0.0,-1.9315524182256016,-0.9650835360977491,-12.0,0.0,1,False,True,1764321167.115948
4,68,-0.005629832310796083,0.02069705470922849,0.0,0.0,-0.38282859713413364,1.4073997202275375,0.0,0.0,0,False,True,1764321177.1243148
5,114,-0.004466679070626406,0.028569723592153526,0.0,0.0,-0.5092014140514103,3.256948489505502,0.0,0.0,0,False,True,1764321211.9500427
