episode_index,steps,mean_reward_drift,mean_reward_progress,mean_reward_intrusion,mean_reward_path_efficiency,sum_reward_drift,sum_reward_progress,sum_reward_intrusion,sum_reward_path_efficiency,total_intrusions,terminated_waypoint,truncated,finished_at
1,16,-0.005006852560312899,0.3391879157530631,0.0,0.0,-0.08010964096500639,5.42700665204901,0.0,0.0,0,True,False,1764321058.3265476
2,180,-0.009417356188924446,0.0009890157179841548,0.0,0.0,-1.6951241140064002,0.17802282923714785,0.0,0.0,0,False,True,1764321103.9421778
3,182,-0.0069387090540217735,0.03982510456388518,-0.1978021978021978,0.0,-1.2628450478319628,7.2481690306271025,-36.0,0.0,3,True,False,1764321167.4516368
4,162,-0.008266192369086524,0.0062572856837755245,-0.9629629629629629,0.0,-1.339123163792017,1.013680280771635,-156.0,0.0,13,False,True,1764321189.1074297
5,22,-0.012435281852679992,-0.00596660728871086,0.0,0.0,-0.27357620075895983,-0.13126536035163894,0.0,0.0,0,False,True,1764321199.7100646
