episode_index,steps,mean_reward_drift,mean_reward_progress,mean_reward_intrusion,mean_reward_path_efficiency,sum_reward_drift,sum_reward_progress,sum_reward_intrusion,sum_reward_path_efficiency,total_intrusions,terminated_waypoint,truncated,finished_at
1,138,-0.007414601039248326,0.012766736461593056,0.0,0.0,-1.023214943416269,1.7618096316998417,0.0,0.0,0,False,True,1764321073.2177396
2,126,-0.010409509843073747,-0.006438231950118948,0.0,0.0,-1.311598240227292,-0.8112172257149874,0.0,0.0,0,False,True,1764321097.9098525
3,43,-0.009534013591844023,-0.0015438222548065682,0.0,0.0,-0.40996258444929295,-0.06638435695668243,0.0,0.0,0,False,True,1764321114.8474112
4,212,-0.00859281134265117,0.002819860198789354,-0.11320754716981132,0.0,-1.8216760046420482,0.597810362143343,-24.0,0.0,2,False,True,1764321195.4820178
5,52,-0.005984814964857642,0.010511110412705678,0.0,0.0,-0.3112103781725974,0.5465777414606953,0.0,0.0,0,False,True,1764321203.901994
