episode_index,steps,mean_reward_drift,mean_reward_progress,mean_reward_intrusion,mean_reward_path_efficiency,sum_reward_drift,sum_reward_progress,sum_reward_intrusion,sum_reward_path_efficiency,total_intrusions,terminated_waypoint,truncated,finished_at
1,45,-0.006700298188268853,0.005933828643948126,0.0,0.0,-0.3015134184720984,0.26702228897766567,0.0,0.0,0,False,True,1764321062.0065157
2,73,-0.0032556645310691024,0.03264410397662494,-0.3287671232876712,0.0,-0.23766351076804448,2.3830195902936206,-24.0,0.0,2,False,True,1764321091.8942597
3,65,-0.004952499746918312,0.027324224324013918,0.0,0.0,-0.32191248354969026,1.7760745810609047,0.0,0.0,0,False,True,1764321117.498246
4,63,-0.003602183387602609,0.02383639876161196,0.0,0.0,-0.22693755341896438,1.5016931219815535,0.0,0.0,0,False,True,1764321176.4942956
5,81,-0.00981235181320518,-0.009049184475151538,-1.3333333333333333,0.0,-0.7948004968696196,-0.7329839424872746,-108.0,0.0,9,False,True,1764321207.767819
