episode_index,steps,mean_reward_drift,mean_reward_progress,mean_reward_intrusion,mean_reward_path_efficiency,sum_reward_drift,sum_reward_progress,sum_reward_intrusion,sum_reward_path_efficiency,total_intrusions,terminated_waypoint,truncated,finished_at
1,97,-0.005698954832959718,0.021395379919980365,-1.1134020618556701,0.0,-0.5527986187970926,2.0753518522380956,-108.0,0.0,9,False,True,1764321067.199039
2,29,-0.0032692969215299215,0.19536489706585136,0.0,0.0,-0.09480961072436772,5.665582014909689,0.0,0.0,0,True,False,1764321086.2958965
3,6,-0.0025880995541205875,0.8539260113086621,0.0,0.0,-0.015528597324723524,5.123556067851973,0.0,0.0,0,True,False,1764321109.342766
4,143,-0.01043648922152991,-0.0106695809024488,-0.8391608391608392,0.0,-1.492417958678777,-1.5257500690501784,-120.0,0.0,10,False,True,1764321187.0125158
5,87,-0.00353225290055918,0.03399362442225717,-0.27586206896551724,0.0,-0.30730600234864863,2.9574453247363732,-24.0,0.0,2,False,True,1764321208.5064557
