episode_index,steps,mean_reward_drift,mean_reward_progress,mean_reward_intrusion,mean_reward_path_efficiency,sum_reward_drift,sum_reward_progress,sum_reward_intrusion,sum_reward_path_efficiency,total_intrusions,terminated_waypoint,truncated,finished_at
1,42,-0.003686524953263924,0.14715188155077813,0.0,0.0,-0.1548340480370848,6.180379025132682,0.0,0.0,0,True,False,1764321061.641417
2,48,-0.003413708183048127,0.033924641429184756,-1.25,0.0,-0.1638579927863101,1.6283827886008684,-60.0,0.0,5,False,True,1764321088.9366233
3,42,-0.010949904131435416,-0.009949444985651987,0.0,0.0,-0.4598959735202875,-0.4178766893973834,0.0,0.0,0,False,True,1764321114.5568929
4,55,-0.01325473825974877,-0.024419553874825882,-0.6545454545454545,0.0,-0.7290106042861824,-1.3430754631154236,-36.0,0.0,3,False,True,1764321175.7233672
5,65,-0.0046865056762813535,0.02650433148781802,0.0,0.0,-0.304622868958288,1.7227815467081713,0.0,0.0,0,False,True,1764321205.5652578
