episode_index,steps,mean_reward_drift,mean_reward_progress,mean_reward_intrusion,mean_reward_path_efficiency,sum_reward_drift,sum_reward_progress,sum_reward_intrusion,sum_reward_path_efficiency,total_intrusions,terminated_waypoint,truncated,finished_at
1,126,-0.011993681783664514,-0.014925013387431633,-0.6666666666666666,0.0,-1.5112039047417287,-1.8805516868163856,-84.0,0.0,7,False,True,1764321071.7681735
2,85,-0.008769777832494151,0.0011116568993663801,-0.7058823529411765,0.0,-0.7454311157620028,0.09449083644614231,-60.0,0.0,5,False,True,1764321093.3177834
3,74,-0.012535972845550662,-0.020064762009069415,0.0,0.0,-0.9276619905707489,-1.4847923886711367,0.0,0.0,0,False,True,1764321155.048645
4,36,-0.004545152105513301,0.025035827835802923,0.0,0.0,-0.16362547579847883,0.9012898020889052,0.0,0.0,0,False,True,1764321173.065535
5,76,-0.003606839034323015,0.033365996390527286,0.0,0.0,-0.27411976660854914,2.5358157256800737,0.0,0.0,0,False,True,1764321207.0382268
