episode_index,steps,mean_reward_drift,mean_reward_progress,mean_reward_intrusion,mean_reward_proximity,sum_reward_drift,sum_reward_progress,sum_reward_intrusion,sum_reward_proximity,total_intrusions,terminated_waypoint,truncated,finished_at
1,158,-0.032512485496787424,-0.00024891793813325926,0.0,-0.10724035321274134,-5.136972708492413,-0.03932903422505496,0.0,-16.943975807613132,0,False,True,1761573669.9731104
2,62,-0.006171797038511388,0.02507870488039819,0.0,-0.013194284857709215,-0.38265141638770606,1.5548797025846877,0.0,-0.8180456611779713,0,True,False,1761573670.3307934
3,96,-0.0398125159971991,-0.0030700621670373893,-0.0625,-0.2103452442970359,-3.8220015357311135,-0.29472596803558937,-6.0,-20.193143452515447,1,False,True,1761573670.5835009
4,8,-0.008712530520343128,0.01090759420688104,0.0,0.0,-0.06970024416274502,0.08726075365504832,0.0,0.0,0,False,True,1761573670.766098
5,23,-0.00539611391888275,0.053109997855774915,0.0,0.0,-0.12411062013430327,1.221529950682823,0.0,0.0,0,True,False,1761573671.2294157
