episode_index,steps,mean_reward_drift,mean_reward_progress,mean_reward_intrusion,sum_reward_drift,sum_reward_progress,sum_reward_intrusion,total_intrusions,finished_at
1,2,-0.08245701857463814,0.0,0.0,-0.16491403714927627,0.0,0.0,0,1761055477.2981985
2,17,-0.17401871210462103,0.0,-0.058823529411764705,-2.9583181057785572,0.0,-1.0,1,1761055478.0908985
3,66,-0.1439671109868663,0.0,-0.015151515151515152,-9.501829325133174,0.0,-1.0,1,1761055479.7156873
4,27,-0.20244222344305876,0.0,-0.07407407407407407,-5.465940032962586,0.0,-2.0,2,1761055480.267776
5,89,-0.1402794022190345,0.0,-0.011235955056179775,-12.484866797494071,0.0,-1.0,1,1761055515.5283833
