episode_index,steps,mean_reward_drift,mean_reward_progress,mean_reward_intrusion,mean_reward_proximity,sum_reward_drift,sum_reward_progress,sum_reward_intrusion,sum_reward_proximity,total_intrusions,terminated_waypoint,truncated,finished_at
1,30,-0.005023452043805474,0.05898826108997255,0.0,0.0,-0.15070356131416424,1.7696478326991765,0.0,0.0,0,True,False,1761657561.7396696
2,73,-0.004592657670872493,0.029683792420828713,0.0,0.0,-0.335264009973692,2.166916846720496,0.0,0.0,0,True,False,1761657574.8678324
3,132,-0.009876611383304366,0.018684953174203826,0.0,-1.3331339760088676,-1.3037127025961763,2.466413818994905,0.0,-175.97368483317052,0,True,False,1761657593.0825744
4,94,-0.004290246752525845,0.025117937898465885,0.0,0.0,-0.4032831947374294,2.361086162455793,0.0,0.0,0,True,False,1761657603.82563
5,85,-0.0024412888913203225,0.027134278465336285,0.0,0.0,-0.2075095557622274,2.306413669553584,0.0,0.0,0,True,False,1761657618.1176138
6,90,-0.011271179069253696,0.006554781565839446,0.0,-0.006273782867352619,-1.0144061162328326,0.5899303409255501,0.0,-0.5646404580617357,0,False,True,1761657629.6102085
7,97,-0.004312862663145296,0.024493234204216705,0.0,0.0,-0.41834767832509373,2.3758437178090204,0.0,0.0,0,True,False,1761657640.0454774
