episode_index,steps,mean_reward_drift,mean_reward_progress,mean_reward_intrusion,mean_reward_proximity,sum_reward_drift,sum_reward_progress,sum_reward_intrusion,sum_reward_proximity,total_intrusions,terminated_waypoint,truncated,finished_at
1,114,-0.001208842135098264,0.002863023627438765,0.0,-0.0017910917835752957,-0.1378080034012021,0.32638469352801924,0.0,-0.2041844633275837,0,False,True,1762866196.2478993
2,123,-0.0013118770304551713,0.00411585014622933,-0.024390243902439025,-0.014032962114665107,-0.16136087474598607,0.5062495679862076,-3.0,-1.7260543401038082,1,False,True,1762866223.1159847
3,188,-0.003203898144862164,-0.0033510275007485307,0.0,0.0,-0.6023328512340869,-0.6299931701407238,0.0,0.0,0,False,True,1762866247.566624
