episode_index,steps,mean_reward_drift,mean_reward_progress,mean_reward_intrusion,mean_reward_proximity,sum_reward_drift,sum_reward_progress,sum_reward_intrusion,sum_reward_proximity,total_intrusions,terminated_waypoint,truncated,finished_at
1,201,-0.0027863071125138928,-0.0011716979556831144,-0.014925373134328358,-0.00594928972633713,-0.5600477296152925,-0.235511289092306,-3.0,-1.1958072349937632,1,False,True,1762866201.8198211
2,297,-0.0025651872663862074,-0.0005003518261687887,-0.010101010101010102,-0.008796825694504167,-0.7618606181167036,-0.14860449237213025,-3.0,-2.6126572312677374,1,False,True,1762866235.0467403
